ISO-10303-21;
HEADER;
FILE_DESCRIPTION(('STEP AP203'),
    '1');
FILE_NAME('Шестерня Z8 D20 L22 (3.2)',
    '',
    ('UNSPECIFIED'),
    ('UNSPECIFIED'),
    'C3D Converter',
    'C3D Toolkit',
    '');
FILE_SCHEMA(('CONFIG_CONTROL_DESIGN'));
ENDSEC;

DATA;
#1=PRODUCT_DEFINITION('','UNSPECIFIED',#36,#39);
#2=SHAPE_DEFINITION_REPRESENTATION(#34,#3);
#3=SHAPE_REPRESENTATION('NONE',(#4),#8);
#4=AXIS2_PLACEMENT_3D('',#5,#6,#7);
#5=CARTESIAN_POINT('',(0.,0.,0.));
#6=DIRECTION('',(0.,0.,1.));
#7=DIRECTION('',(1.,0.,0.));
#8=(GEOMETRIC_REPRESENTATION_CONTEXT(3)GLOBAL_UNCERTAINTY_ASSIGNED_CONTEXT((#10))
GLOBAL_UNIT_ASSIGNED_CONTEXT((#9,#11,#12))REPRESENTATION_CONTEXT('NONE','NONE'));
#9=(LENGTH_UNIT()NAMED_UNIT(*)SI_UNIT(.MILLI.,.METRE.));
#10=UNCERTAINTY_MEASURE_WITH_UNIT(LENGTH_MEASURE(1.E-5),#9,'NONE','NONE');
#11=(NAMED_UNIT(*)PLANE_ANGLE_UNIT()SI_UNIT($,.RADIAN.));
#12=(NAMED_UNIT(*)SI_UNIT($,.STERADIAN.)SOLID_ANGLE_UNIT());
#13=MANIFOLD_SOLID_BREP('',#14);
#14=CLOSED_SHELL('',(#61,#62,#63,#64,#65,#66,#67,#68,#69,#70,#71,#72,#73,#74,#75,
#76,#77,#78,#79,#80,#81,#82,#83,#84,#85,#86,#87,#88,#89,#90,#91,#92,#93,#94,#95,
#96,#97,#98,#99,#100,#101,#102,#103,#104,#105,#106,#107,#108,#109,#110,#111,#112,
#113,#114,#115,#116));
#15=COLOUR_RGB('',0.564705882352941,0.564705882352941,0.564705882352941);
#16=FILL_AREA_STYLE_COLOUR('',#15);
#17=FILL_AREA_STYLE($,(#16));
#18=SURFACE_STYLE_FILL_AREA(#17);
#19=SURFACE_SIDE_STYLE('',(#18));
#20=SURFACE_STYLE_USAGE(.BOTH.,#19);
#21=PRESENTATION_STYLE_ASSIGNMENT((#20));
#22=MECHANICAL_DESIGN_GEOMETRIC_PRESENTATION_REPRESENTATION('NONE',(#23),#8);
#23=STYLED_ITEM('',(#21),#13);
#24=ADVANCED_BREP_SHAPE_REPRESENTATION('NONE',(#13),#8);
#25=SHAPE_REPRESENTATION_RELATIONSHIP('','',#3,#24);
#26=GEOMETRIC_CURVE_SET('',(#117));
#27=GEOMETRIC_CURVE_SET('',(#118));
#28=GEOMETRIC_CURVE_SET('',(#119));
#29=GEOMETRIC_CURVE_SET('',(#120));
#30=GEOMETRIC_CURVE_SET('',(#121));
#31=GEOMETRIC_CURVE_SET('',(#122));
#32=GEOMETRICALLY_BOUNDED_WIREFRAME_SHAPE_REPRESENTATION('NONE',(#26,#27,#28,#29,
#30,#31),#8);
#33=SHAPE_REPRESENTATION_RELATIONSHIP('','',#3,#32);
#34=PRODUCT_DEFINITION_SHAPE('NONE','NONE',#1);
#35=MECHANICAL_CONTEXT('NONE',#40,'mechanical');
#36=PRODUCT_DEFINITION_FORMATION_WITH_SPECIFIED_SOURCE('ANY','UNSPECIFIED',#37,.NOT_KNOWN.);
#37=PRODUCT('','\X2\0414043504420430043B044C\X0\','NONE',(#35));
#38=PRODUCT_RELATED_PRODUCT_CATEGORY('detail','',(#37));
#39=DESIGN_CONTEXT('detailed design',#40,'design');
#40=APPLICATION_CONTEXT('configuration controlled 3d designs of mechanical parts and assemblies');
#41=APPLICATION_PROTOCOL_DEFINITION('international standard','config_control_design',
1994,#40);
#42=CC_DESIGN_DATE_AND_TIME_ASSIGNMENT(#43,#47,(#1));
#43=DATE_AND_TIME(#44,#45);
#44=CALENDAR_DATE(0,1,1);
#45=LOCAL_TIME(0,0,0.,#46);
#46=COORDINATED_UNIVERSAL_TIME_OFFSET(0,0,.AHEAD.);
#47=DATE_TIME_ROLE('creation_date');
#48=CC_DESIGN_APPROVAL(#49,(#1));
#49=APPROVAL(#50,'UNSPECIFIED');
#50=APPROVAL_STATUS('not_yet_approved');
#51=APPROVAL_DATE_TIME(#52,#49);
#52=DATE_AND_TIME(#53,#54);
#53=CALENDAR_DATE(0,1,1);
#54=LOCAL_TIME(0,0,0.,#55);
#55=COORDINATED_UNIVERSAL_TIME_OFFSET(0,0,.AHEAD.);
#56=PERSON('UNSPECIFIED','Nik','UNSPECIFIED',('UNSPECIFIED'),('UNSPECIFIED'),('UNSPECIFIED'));
#57=ORGANIZATION('UNSPECIFIED','UNSPECIFIED','UNSPECIFIED');
#58=PERSON_AND_ORGANIZATION(#56,#57);
#59=PERSON_AND_ORGANIZATION_ROLE('creator');
#60=CC_DESIGN_PERSON_AND_ORGANIZATION_ASSIGNMENT(#58,#59,(#36,#1));
#61=ADVANCED_FACE('',(#123,#125),#127,.F.);
#62=ADVANCED_FACE('',(#132,#134),#136,.T.);
#63=ADVANCED_FACE('',(#141),#143,.F.);
#64=ADVANCED_FACE('',(#148),#150,.F.);
#65=ADVANCED_FACE('',(#155,#157),#159,.T.);
#66=ADVANCED_FACE('',(#164,#166),#168,.T.);
#67=ADVANCED_FACE('',(#173,#175),#177,.F.);
#68=ADVANCED_FACE('',(#182,#184),#186,.T.);
#69=ADVANCED_FACE('',(#191),#193,.F.);
#70=ADVANCED_FACE('',(#197),#199,.F.);
#71=ADVANCED_FACE('',(#203),#205,.T.);
#72=ADVANCED_FACE('',(#210),#212,.F.);
#73=ADVANCED_FACE('',(#216),#218,.F.);
#74=ADVANCED_FACE('',(#222),#224,.T.);
#75=ADVANCED_FACE('',(#229),#231,.F.);
#76=ADVANCED_FACE('',(#235),#237,.F.);
#77=ADVANCED_FACE('',(#241),#243,.T.);
#78=ADVANCED_FACE('',(#248),#250,.F.);
#79=ADVANCED_FACE('',(#254),#256,.F.);
#80=ADVANCED_FACE('',(#260),#262,.T.);
#81=ADVANCED_FACE('',(#267),#269,.F.);
#82=ADVANCED_FACE('',(#273),#275,.F.);
#83=ADVANCED_FACE('',(#279),#281,.T.);
#84=ADVANCED_FACE('',(#286),#288,.F.);
#85=ADVANCED_FACE('',(#292),#294,.F.);
#86=ADVANCED_FACE('',(#298),#300,.T.);
#87=ADVANCED_FACE('',(#305),#307,.F.);
#88=ADVANCED_FACE('',(#311),#313,.F.);
#89=ADVANCED_FACE('',(#317),#319,.T.);
#90=ADVANCED_FACE('',(#324),#326,.F.);
#91=ADVANCED_FACE('',(#330),#332,.F.);
#92=ADVANCED_FACE('',(#336),#338,.T.);
#93=ADVANCED_FACE('',(#343),#345,.F.);
#94=ADVANCED_FACE('',(#349),#351,.F.);
#95=ADVANCED_FACE('',(#355),#357,.T.);
#96=ADVANCED_FACE('',(#362),#364,.F.);
#97=ADVANCED_FACE('',(#368),#370,.F.);
#98=ADVANCED_FACE('',(#374),#376,.T.);
#99=ADVANCED_FACE('',(#381),#383,.F.);
#100=ADVANCED_FACE('',(#387),#389,.F.);
#101=ADVANCED_FACE('',(#393),#395,.T.);
#102=ADVANCED_FACE('',(#400),#402,.F.);
#103=ADVANCED_FACE('',(#406),#408,.F.);
#104=ADVANCED_FACE('',(#412),#414,.T.);
#105=ADVANCED_FACE('',(#419),#421,.F.);
#106=ADVANCED_FACE('',(#425),#427,.F.);
#107=ADVANCED_FACE('',(#431),#433,.T.);
#108=ADVANCED_FACE('',(#438),#440,.F.);
#109=ADVANCED_FACE('',(#444),#446,.F.);
#110=ADVANCED_FACE('',(#450),#452,.T.);
#111=ADVANCED_FACE('',(#457),#459,.F.);
#112=ADVANCED_FACE('',(#463),#465,.F.);
#113=ADVANCED_FACE('',(#469),#471,.T.);
#114=ADVANCED_FACE('',(#476),#478,.F.);
#115=ADVANCED_FACE('',(#482),#484,.F.);
#116=ADVANCED_FACE('',(#488),#490,.T.);
#117=CARTESIAN_POINT('',(0.66,10.5,0.));
#118=CARTESIAN_POINT('',(1.32,0.,0.));
#119=CARTESIAN_POINT('',(0.,0.,0.));
#120=CARTESIAN_POINT('',(0.66,10.5,0.));
#121=CARTESIAN_POINT('',(1.32,0.,0.));
#122=CARTESIAN_POINT('',(0.,0.,0.));
#123=FACE_BOUND('',#124,.T.);
#124=EDGE_LOOP('',(#495));
#125=FACE_BOUND('',#126,.T.);
#126=EDGE_LOOP('',(#496,#497));
#127=PLANE('',#128);
#128=AXIS2_PLACEMENT_3D('',#129,#130,#131);
#129=CARTESIAN_POINT('',(19.,0.,-1.16341445918999E-15));
#130=DIRECTION('',(-1.,0.,6.12323399573677E-17));
#131=DIRECTION('',(6.12323399573677E-17,-1.22464679914735E-16,1.));
#132=FACE_BOUND('',#133,.T.);
#133=EDGE_LOOP('',(#498));
#134=FACE_BOUND('',#135,.T.);
#135=EDGE_LOOP('',(#499,#500));
#136=PLANE('',#137);
#137=AXIS2_PLACEMENT_3D('',#138,#139,#140);
#138=CARTESIAN_POINT('',(-3.,0.,1.83697019872103E-16));
#139=DIRECTION('',(-1.,0.,6.12323399573677E-17));
#140=DIRECTION('',(6.12323399573677E-17,-1.22464679914735E-16,1.));
#141=FACE_BOUND('',#142,.T.);
#142=EDGE_LOOP('',(#501,#502,#503,#504));
#143=CYLINDRICAL_SURFACE('',#144,1.6);
#144=AXIS2_PLACEMENT_3D('',#145,#146,#147);
#145=CARTESIAN_POINT('',(19.,0.,-1.16341445918999E-15));
#146=DIRECTION('',(-1.,0.,6.12323399573677E-17));
#147=DIRECTION('',(4.20972337206903E-17,0.726184377413891,0.6875));
#148=FACE_BOUND('',#149,.T.);
#149=EDGE_LOOP('',(#505,#506,#507,#508));
#150=PLANE('',#151);
#151=AXIS2_PLACEMENT_3D('',#152,#153,#154);
#152=CARTESIAN_POINT('',(19.,-1.16189500386223,1.1));
#153=DIRECTION('',(6.05576195250085E-17,-1.91105568219967E-16,1.));
#154=DIRECTION('',(0.,1.,1.91105568219967E-16));
#155=FACE_OUTER_BOUND('',#156,.T.);
#156=EDGE_LOOP('',(#509));
#157=FACE_OUTER_BOUND('',#158,.T.);
#158=EDGE_LOOP('',(#510));
#159=CYLINDRICAL_SURFACE('',#160,3.5);
#160=AXIS2_PLACEMENT_3D('',#161,#162,#163);
#161=CARTESIAN_POINT('',(19.,0.,-1.16341445918999E-15));
#162=DIRECTION('',(-1.,0.,6.12323399573677E-17));
#163=DIRECTION('',(6.12323399573677E-17,-1.22464679914735E-16,1.));
#164=FACE_OUTER_BOUND('',#165,.T.);
#165=EDGE_LOOP('',(#511));
#166=FACE_OUTER_BOUND('',#167,.T.);
#167=EDGE_LOOP('',(#512));
#168=CYLINDRICAL_SURFACE('',#169,3.5);
#169=AXIS2_PLACEMENT_3D('',#170,#171,#172);
#170=CARTESIAN_POINT('',(19.,0.,-1.16341445918999E-15));
#171=DIRECTION('',(-1.,0.,6.12323399573677E-17));
#172=DIRECTION('',(6.12323399573677E-17,-1.22464679914735E-16,1.));
#173=FACE_BOUND('',#174,.T.);
#174=EDGE_LOOP('',(#513,#514,#515,#516,#517,#518,#519,#520,#521,#522,#523,#524,#525,
#526,#527,#528,#529,#530,#531,#532,#533,#534,#535,#536,#537,#538,#539,#540,#541,
#542,#543,#544,#545,#546,#547,#548,#549,#550,#551,#552,#553,#554,#555,#556,#557,
#558,#559,#560));
#175=FACE_BOUND('',#176,.T.);
#176=EDGE_LOOP('',(#561));
#177=PLANE('',#178);
#178=AXIS2_PLACEMENT_3D('',#179,#180,#181);
#179=CARTESIAN_POINT('',(16.,5.04681749,2.18623722));
#180=DIRECTION('',(-1.,0.,6.12323399573677E-17));
#181=DIRECTION('',(5.61888930399123E-17,-0.397425920926649,0.917634261225901));
#182=FACE_BOUND('',#183,.T.);
#183=EDGE_LOOP('',(#562,#563,#564,#565,#566,#567,#568,#569,#570,#571,#572,#573,#574,
#575,#576,#577,#578,#579,#580,#581,#582,#583,#584,#585,#586,#587,#588,#589,#590,
#591,#592,#593,#594,#595,#596,#597,#598,#599,#600,#601,#602,#603,#604,#605,#606,
#607,#608,#609));
#184=FACE_BOUND('',#185,.T.);
#185=EDGE_LOOP('',(#610));
#186=PLANE('',#187);
#187=AXIS2_PLACEMENT_3D('',#188,#189,#190);
#188=CARTESIAN_POINT('',(0.,0.,0.));
#189=DIRECTION('',(-1.,0.,6.12323399573677E-17));
#190=DIRECTION('',(-6.12323399573677E-17,0.,-1.));
#191=FACE_BOUND('',#192,.T.);
#192=EDGE_LOOP('',(#611,#612,#613,#614));
#193=SURFACE_OF_LINEAR_EXTRUSION('',#194,#195);
#194=B_SPLINE_CURVE_WITH_KNOTS('',3,
(#615,#616,#617,#618,#619,#620,#621,#622,#623,#624,#625,#626,#627,#628,#629,#630,
#631,#632,#633,#634,#635,#636,#637,#638,#639,#640,#641,#642,#643,#644,#645,#646,
#647,#648,#649,#650,#651,#652,#653,#654,#655,#656,#657,#658,#659,#660,#661,#662,
#663,#664),
.UNSPECIFIED.,.F.,.F.,
(4,2,2,2,2,2,2,2,2,2,2,2,2,2,2,2,2,2,2,2,2,2,2,2,4),
(0.,0.0236257678732442,0.0473143916213081,0.0711302540393972,0.0951409215235138,
0.119418889007038,0.14404365060799,0.169104108491334,0.194701547092636,0.220953335264009,
0.247997687705035,0.275999862311027,0.305160369174507,0.335726063111019,0.368005387630378,
0.40238965425338,0.439383368414269,0.479648382644532,0.524069593313832,0.573855333236728,
0.630695283817859,0.697017248821137,0.776421094261103,0.874445814360493,1.),
.UNSPECIFIED.);
#195=VECTOR('',#196,1.32);
#196=DIRECTION('',(-1.,0.,0.));
#197=FACE_BOUND('',#198,.T.);
#198=EDGE_LOOP('',(#665,#666,#667,#668));
#199=SURFACE_OF_LINEAR_EXTRUSION('',#200,#201);
#200=B_SPLINE_CURVE_WITH_KNOTS('',3,
(#669,#670,#671,#672,#673,#674,#675,#676,#677,#678,#679,#680,#681,#682,#683,#684,
#685,#686,#687,#688,#689,#690,#691,#692,#693,#694,#695,#696,#697,#698,#699,#700,
#701,#702,#703,#704,#705,#706,#707,#708,#709,#710),
.UNSPECIFIED.,.F.,.F.,
(4,2,2,2,2,2,2,2,2,2,2,2,2,2,2,2,2,2,2,2,4),
(0.,0.0429788454180241,0.0867016035469929,0.131164516966814,0.176366548630238,0.222307258773827,
0.268986425692881,0.316403914659538,0.364559644473629,0.413453556825898,0.463085608882111,
0.513455780625095,0.564564041787088,0.616410381747766,0.668994779120641,0.722317232353004,
0.776377725106144,0.831176253521339,0.88671281475656,0.94298739760088,1.),
.UNSPECIFIED.);
#201=VECTOR('',#202,1.32);
#202=DIRECTION('',(-1.,0.,0.));
#203=FACE_BOUND('',#204,.T.);
#204=EDGE_LOOP('',(#711,#712,#713,#714));
#205=CYLINDRICAL_SURFACE('',#206,10.);
#206=AXIS2_PLACEMENT_3D('',#207,#208,#209);
#207=CARTESIAN_POINT('',(1.32,0.,-8.08266887437253E-17));
#208=DIRECTION('',(-1.,0.,6.12323399573677E-17));
#209=DIRECTION('',(-6.12323399573677E-17,0.,-1.));
#210=FACE_BOUND('',#211,.T.);
#211=EDGE_LOOP('',(#715,#716,#717,#718));
#212=SURFACE_OF_LINEAR_EXTRUSION('',#213,#214);
#213=B_SPLINE_CURVE_WITH_KNOTS('',3,
(#719,#720,#721,#722,#723,#724,#725,#726,#727,#728,#729,#730,#731,#732,#733,#734,
#735,#736,#737,#738,#739,#740,#741,#742,#743,#744,#745,#746,#747,#748,#749,#750,
#751,#752,#753,#754,#755,#756,#757,#758,#759,#760),
.UNSPECIFIED.,.F.,.F.,
(4,2,2,2,2,2,2,2,2,2,2,2,2,2,2,2,2,2,2,2,4),
(0.,0.057012601847603,0.113287185344716,0.168823745391418,0.22362227275562,0.277682767103482,
0.331005217260247,0.383589618728471,0.435435956122238,0.486544218407366,0.536914388517193,
0.58654644410604,0.635440355147598,0.683596085953843,0.731013573513527,0.777692740624361,
0.823633452114311,0.86883548136833,0.913298396527157,0.957021153752869,1.),
.UNSPECIFIED.);
#214=VECTOR('',#215,1.32);
#215=DIRECTION('',(-1.,0.,0.));
#216=FACE_BOUND('',#217,.T.);
#217=EDGE_LOOP('',(#761,#762,#763,#764));
#218=SURFACE_OF_LINEAR_EXTRUSION('',#219,#220);
#219=B_SPLINE_CURVE_WITH_KNOTS('',3,
(#765,#766,#767,#768,#769,#770,#771,#772,#773,#774,#775,#776,#777,#778,#779,#780,
#781,#782,#783,#784,#785,#786,#787,#788,#789,#790,#791,#792,#793,#794,#795,#796,
#797,#798,#799,#800,#801,#802,#803,#804,#805,#806,#807,#808,#809,#810,#811,#812,
#813,#814),
.UNSPECIFIED.,.F.,.F.,
(4,2,2,2,2,2,2,2,2,2,2,2,2,2,2,2,2,2,2,2,2,2,2,2,4),
(0.,0.125554187162357,0.223578904173637,0.302982748204445,0.369304716671643,0.426144665577498,
0.47593040790047,0.520351616193469,0.560616633319252,0.597610347535772,0.63199461038236,
0.664273936037815,0.694839630502107,0.724000137372691,0.752002311639669,0.779046666403032,
0.805298454639417,0.830895889873138,0.855956350341906,0.880581111729082,0.904859080345099,
0.928869743317929,0.952685608354716,0.976374232703252,1.),
.UNSPECIFIED.);
#220=VECTOR('',#221,1.32);
#221=DIRECTION('',(-1.,0.,0.));
#222=FACE_BOUND('',#223,.T.);
#223=EDGE_LOOP('',(#815,#816,#817,#818));
#224=CYLINDRICAL_SURFACE('',#225,5.5);
#225=AXIS2_PLACEMENT_3D('',#226,#227,#228);
#226=CARTESIAN_POINT('',(1.32,0.,0.));
#227=DIRECTION('',(1.,0.,0.));
#228=DIRECTION('',(0.,0.397497676531363,0.917603180657177));
#229=FACE_BOUND('',#230,.T.);
#230=EDGE_LOOP('',(#819,#820,#821,#822));
#231=SURFACE_OF_LINEAR_EXTRUSION('',#232,#233);
#232=B_SPLINE_CURVE_WITH_KNOTS('',3,
(#823,#824,#825,#826,#827,#828,#829,#830,#831,#832,#833,#834,#835,#836,#837,#838,
#839,#840,#841,#842,#843,#844,#845,#846,#847,#848,#849,#850,#851,#852,#853,#854,
#855,#856,#857,#858,#859,#860,#861,#862,#863,#864,#865,#866,#867,#868,#869,#870,
#871,#872),
.UNSPECIFIED.,.F.,.F.,
(4,2,2,2,2,2,2,2,2,2,2,2,2,2,2,2,2,2,2,2,2,2,2,2,4),
(0.,0.0236257678732442,0.0473143916213081,0.0711302540393972,0.0951409215235138,
0.119418889007038,0.14404365060799,0.169104108491334,0.194701547092636,0.220953335264009,
0.247997687705035,0.275999862311027,0.305160369174507,0.335726063111019,0.368005387630378,
0.40238965425338,0.439383368414269,0.479648382644532,0.524069593313832,0.573855333236728,
0.630695283817859,0.697017248821137,0.776421094261103,0.874445814360493,1.),
.UNSPECIFIED.);
#233=VECTOR('',#234,1.32);
#234=DIRECTION('',(-1.,0.,0.));
#235=FACE_BOUND('',#236,.T.);
#236=EDGE_LOOP('',(#873,#874,#875,#876));
#237=SURFACE_OF_LINEAR_EXTRUSION('',#238,#239);
#238=B_SPLINE_CURVE_WITH_KNOTS('',3,
(#877,#878,#879,#880,#881,#882,#883,#884,#885,#886,#887,#888,#889,#890,#891,#892,
#893,#894,#895,#896,#897,#898,#899,#900,#901,#902,#903,#904,#905,#906,#907,#908,
#909,#910,#911,#912,#913,#914,#915,#916,#917,#918),
.UNSPECIFIED.,.F.,.F.,
(4,2,2,2,2,2,2,2,2,2,2,2,2,2,2,2,2,2,2,2,4),
(0.,0.0429788454180241,0.0867016035469929,0.131164516966814,0.176366548630238,0.222307258773827,
0.268986425692881,0.316403914659538,0.364559644473629,0.413453556825898,0.463085608882111,
0.513455780625095,0.564564041787088,0.616410381747766,0.668994779120641,0.722317232353004,
0.776377725106144,0.831176253521339,0.88671281475656,0.94298739760088,1.),
.UNSPECIFIED.);
#239=VECTOR('',#240,1.32);
#240=DIRECTION('',(-1.,0.,0.));
#241=FACE_BOUND('',#242,.T.);
#242=EDGE_LOOP('',(#919,#920,#921,#922));
#243=CYLINDRICAL_SURFACE('',#244,10.);
#244=AXIS2_PLACEMENT_3D('',#245,#246,#247);
#245=CARTESIAN_POINT('',(1.32,0.,-8.08266887437253E-17));
#246=DIRECTION('',(-1.,0.,6.12323399573677E-17));
#247=DIRECTION('',(-6.12323399573677E-17,0.,-1.));
#248=FACE_BOUND('',#249,.T.);
#249=EDGE_LOOP('',(#923,#924,#925,#926));
#250=SURFACE_OF_LINEAR_EXTRUSION('',#251,#252);
#251=B_SPLINE_CURVE_WITH_KNOTS('',3,
(#927,#928,#929,#930,#931,#932,#933,#934,#935,#936,#937,#938,#939,#940,#941,#942,
#943,#944,#945,#946,#947,#948,#949,#950,#951,#952,#953,#954,#955,#956,#957,#958,
#959,#960,#961,#962,#963,#964,#965,#966,#967,#968),
.UNSPECIFIED.,.F.,.F.,
(4,2,2,2,2,2,2,2,2,2,2,2,2,2,2,2,2,2,2,2,4),
(0.,0.057012601847603,0.113287185344716,0.168823745391418,0.22362227275562,0.277682767103482,
0.331005217260247,0.383589618728471,0.435435956122238,0.486544218407366,0.536914388517193,
0.58654644410604,0.635440355147598,0.683596085953843,0.731013573513527,0.777692740624361,
0.823633452114311,0.86883548136833,0.913298396527157,0.957021153752869,1.),
.UNSPECIFIED.);
#252=VECTOR('',#253,1.32);
#253=DIRECTION('',(-1.,0.,0.));
#254=FACE_BOUND('',#255,.T.);
#255=EDGE_LOOP('',(#969,#970,#971,#972));
#256=SURFACE_OF_LINEAR_EXTRUSION('',#257,#258);
#257=B_SPLINE_CURVE_WITH_KNOTS('',3,
(#973,#974,#975,#976,#977,#978,#979,#980,#981,#982,#983,#984,#985,#986,#987,#988,
#989,#990,#991,#992,#993,#994,#995,#996,#997,#998,#999,#1000,#1001,#1002,#1003,#1004,
#1005,#1006,#1007,#1008,#1009,#1010,#1011,#1012,#1013,#1014,#1015,#1016,#1017,#1018,
#1019,#1020,#1021,#1022),
.UNSPECIFIED.,.F.,.F.,
(4,2,2,2,2,2,2,2,2,2,2,2,2,2,2,2,2,2,2,2,2,2,2,2,4),
(0.,0.125554187162357,0.223578904173637,0.302982748204445,0.369304716671643,0.426144665577498,
0.47593040790047,0.520351616193469,0.560616633319252,0.597610347535772,0.63199461038236,
0.664273936037815,0.694839630502107,0.724000137372691,0.752002311639669,0.779046666403032,
0.805298454639417,0.830895889873138,0.855956350341906,0.880581111729082,0.904859080345099,
0.928869743317929,0.952685608354716,0.976374232703252,1.),
.UNSPECIFIED.);
#258=VECTOR('',#259,1.32);
#259=DIRECTION('',(-1.,0.,0.));
#260=FACE_BOUND('',#261,.T.);
#261=EDGE_LOOP('',(#1023,#1024,#1025,#1026));
#262=CYLINDRICAL_SURFACE('',#263,5.5);
#263=AXIS2_PLACEMENT_3D('',#264,#265,#266);
#264=CARTESIAN_POINT('',(1.32,0.,0.));
#265=DIRECTION('',(1.,0.,0.));
#266=DIRECTION('',(0.,-0.367770128899811,0.929916734062258));
#267=FACE_BOUND('',#268,.T.);
#268=EDGE_LOOP('',(#1027,#1028,#1029,#1030));
#269=SURFACE_OF_LINEAR_EXTRUSION('',#270,#271);
#270=B_SPLINE_CURVE_WITH_KNOTS('',3,
(#1031,#1032,#1033,#1034,#1035,#1036,#1037,#1038,#1039,#1040,#1041,#1042,#1043,#1044,
#1045,#1046,#1047,#1048,#1049,#1050,#1051,#1052,#1053,#1054,#1055,#1056,#1057,#1058,
#1059,#1060,#1061,#1062,#1063,#1064,#1065,#1066,#1067,#1068,#1069,#1070,#1071,#1072,
#1073,#1074,#1075,#1076,#1077,#1078,#1079,#1080),
.UNSPECIFIED.,.F.,.F.,
(4,2,2,2,2,2,2,2,2,2,2,2,2,2,2,2,2,2,2,2,2,2,2,2,4),
(0.,0.0236257678732442,0.0473143916213081,0.0711302540393972,0.0951409215235138,
0.119418889007038,0.14404365060799,0.169104108491334,0.194701547092636,0.220953335264009,
0.247997687705035,0.275999862311027,0.305160369174507,0.335726063111019,0.368005387630378,
0.40238965425338,0.439383368414269,0.479648382644532,0.524069593313832,0.573855333236728,
0.630695283817859,0.697017248821137,0.776421094261103,0.874445814360493,1.),
.UNSPECIFIED.);
#271=VECTOR('',#272,1.32);
#272=DIRECTION('',(-1.,0.,0.));
#273=FACE_BOUND('',#274,.T.);
#274=EDGE_LOOP('',(#1081,#1082,#1083,#1084));
#275=SURFACE_OF_LINEAR_EXTRUSION('',#276,#277);
#276=B_SPLINE_CURVE_WITH_KNOTS('',3,
(#1085,#1086,#1087,#1088,#1089,#1090,#1091,#1092,#1093,#1094,#1095,#1096,#1097,#1098,
#1099,#1100,#1101,#1102,#1103,#1104,#1105,#1106,#1107,#1108,#1109,#1110,#1111,#1112,
#1113,#1114,#1115,#1116,#1117,#1118,#1119,#1120,#1121,#1122,#1123,#1124,#1125,#1126),
.UNSPECIFIED.,.F.,.F.,
(4,2,2,2,2,2,2,2,2,2,2,2,2,2,2,2,2,2,2,2,4),
(0.,0.0429788454180241,0.0867016035469929,0.131164516966814,0.176366548630238,0.222307258773827,
0.268986425692881,0.316403914659538,0.364559644473629,0.413453556825898,0.463085608882111,
0.513455780625095,0.564564041787088,0.616410381747766,0.668994779120641,0.722317232353004,
0.776377725106144,0.831176253521339,0.88671281475656,0.94298739760088,1.),
.UNSPECIFIED.);
#277=VECTOR('',#278,1.32);
#278=DIRECTION('',(-1.,0.,0.));
#279=FACE_BOUND('',#280,.T.);
#280=EDGE_LOOP('',(#1127,#1128,#1129,#1130));
#281=CYLINDRICAL_SURFACE('',#282,10.);
#282=AXIS2_PLACEMENT_3D('',#283,#284,#285);
#283=CARTESIAN_POINT('',(1.32,0.,-8.08266887437253E-17));
#284=DIRECTION('',(-1.,0.,6.12323399573677E-17));
#285=DIRECTION('',(-6.12323399573677E-17,0.,-1.));
#286=FACE_BOUND('',#287,.T.);
#287=EDGE_LOOP('',(#1131,#1132,#1133,#1134));
#288=SURFACE_OF_LINEAR_EXTRUSION('',#289,#290);
#289=B_SPLINE_CURVE_WITH_KNOTS('',3,
(#1135,#1136,#1137,#1138,#1139,#1140,#1141,#1142,#1143,#1144,#1145,#1146,#1147,#1148,
#1149,#1150,#1151,#1152,#1153,#1154,#1155,#1156,#1157,#1158,#1159,#1160,#1161,#1162,
#1163,#1164,#1165,#1166,#1167,#1168,#1169,#1170,#1171,#1172,#1173,#1174,#1175,#1176),
.UNSPECIFIED.,.F.,.F.,
(4,2,2,2,2,2,2,2,2,2,2,2,2,2,2,2,2,2,2,2,4),
(0.,0.057012601847603,0.113287185344716,0.168823745391418,0.22362227275562,0.277682767103482,
0.331005217260247,0.383589618728471,0.435435956122238,0.486544218407366,0.536914388517193,
0.58654644410604,0.635440355147598,0.683596085953843,0.731013573513527,0.777692740624361,
0.823633452114311,0.86883548136833,0.913298396527157,0.957021153752869,1.),
.UNSPECIFIED.);
#290=VECTOR('',#291,1.32);
#291=DIRECTION('',(-1.,0.,0.));
#292=FACE_BOUND('',#293,.T.);
#293=EDGE_LOOP('',(#1177,#1178,#1179,#1180));
#294=SURFACE_OF_LINEAR_EXTRUSION('',#295,#296);
#295=B_SPLINE_CURVE_WITH_KNOTS('',3,
(#1181,#1182,#1183,#1184,#1185,#1186,#1187,#1188,#1189,#1190,#1191,#1192,#1193,#1194,
#1195,#1196,#1197,#1198,#1199,#1200,#1201,#1202,#1203,#1204,#1205,#1206,#1207,#1208,
#1209,#1210,#1211,#1212,#1213,#1214,#1215,#1216,#1217,#1218,#1219,#1220,#1221,#1222,
#1223,#1224,#1225,#1226,#1227,#1228,#1229,#1230),
.UNSPECIFIED.,.F.,.F.,
(4,2,2,2,2,2,2,2,2,2,2,2,2,2,2,2,2,2,2,2,2,2,2,2,4),
(0.,0.125554187162357,0.223578904173637,0.302982748204445,0.369304716671643,0.426144665577498,
0.47593040790047,0.520351616193469,0.560616633319252,0.597610347535772,0.63199461038236,
0.664273936037815,0.694839630502107,0.724000137372691,0.752002311639669,0.779046666403032,
0.805298454639417,0.830895889873138,0.855956350341906,0.880581111729082,0.904859080345099,
0.928869743317929,0.952685608354716,0.976374232703252,1.),
.UNSPECIFIED.);
#296=VECTOR('',#297,1.32);
#297=DIRECTION('',(-1.,0.,0.));
#298=FACE_BOUND('',#299,.T.);
#299=EDGE_LOOP('',(#1231,#1232,#1233,#1234));
#300=CYLINDRICAL_SURFACE('',#301,5.5);
#301=AXIS2_PLACEMENT_3D('',#302,#303,#304);
#302=CARTESIAN_POINT('',(1.32,0.,0.));
#303=DIRECTION('',(1.,0.,0.));
#304=DIRECTION('',(0.,-0.917603180657177,0.397497676531363));
#305=FACE_BOUND('',#306,.T.);
#306=EDGE_LOOP('',(#1235,#1236,#1237,#1238));
#307=SURFACE_OF_LINEAR_EXTRUSION('',#308,#309);
#308=B_SPLINE_CURVE_WITH_KNOTS('',3,
(#1239,#1240,#1241,#1242,#1243,#1244,#1245,#1246,#1247,#1248,#1249,#1250,#1251,#1252,
#1253,#1254,#1255,#1256,#1257,#1258,#1259,#1260,#1261,#1262,#1263,#1264,#1265,#1266,
#1267,#1268,#1269,#1270,#1271,#1272,#1273,#1274,#1275,#1276,#1277,#1278,#1279,#1280,
#1281,#1282,#1283,#1284,#1285,#1286,#1287,#1288),
.UNSPECIFIED.,.F.,.F.,
(4,2,2,2,2,2,2,2,2,2,2,2,2,2,2,2,2,2,2,2,2,2,2,2,4),
(0.,0.0236257678732442,0.0473143916213081,0.0711302540393972,0.0951409215235138,
0.119418889007038,0.14404365060799,0.169104108491334,0.194701547092636,0.220953335264009,
0.247997687705035,0.275999862311027,0.305160369174507,0.335726063111019,0.368005387630378,
0.40238965425338,0.439383368414269,0.479648382644532,0.524069593313832,0.573855333236728,
0.630695283817859,0.697017248821137,0.776421094261103,0.874445814360493,1.),
.UNSPECIFIED.);
#309=VECTOR('',#310,1.32);
#310=DIRECTION('',(-1.,0.,0.));
#311=FACE_BOUND('',#312,.T.);
#312=EDGE_LOOP('',(#1289,#1290,#1291,#1292));
#313=SURFACE_OF_LINEAR_EXTRUSION('',#314,#315);
#314=B_SPLINE_CURVE_WITH_KNOTS('',3,
(#1293,#1294,#1295,#1296,#1297,#1298,#1299,#1300,#1301,#1302,#1303,#1304,#1305,#1306,
#1307,#1308,#1309,#1310,#1311,#1312,#1313,#1314,#1315,#1316,#1317,#1318,#1319,#1320,
#1321,#1322,#1323,#1324,#1325,#1326,#1327,#1328,#1329,#1330,#1331,#1332,#1333,#1334),
.UNSPECIFIED.,.F.,.F.,
(4,2,2,2,2,2,2,2,2,2,2,2,2,2,2,2,2,2,2,2,4),
(0.,0.0429788454180241,0.0867016035469929,0.131164516966814,0.176366548630238,0.222307258773827,
0.268986425692881,0.316403914659538,0.364559644473629,0.413453556825898,0.463085608882111,
0.513455780625095,0.564564041787088,0.616410381747766,0.668994779120641,0.722317232353004,
0.776377725106144,0.831176253521339,0.88671281475656,0.94298739760088,1.),
.UNSPECIFIED.);
#315=VECTOR('',#316,1.32);
#316=DIRECTION('',(-1.,0.,0.));
#317=FACE_BOUND('',#318,.T.);
#318=EDGE_LOOP('',(#1335,#1336,#1337,#1338));
#319=CYLINDRICAL_SURFACE('',#320,10.);
#320=AXIS2_PLACEMENT_3D('',#321,#322,#323);
#321=CARTESIAN_POINT('',(1.32,0.,-8.08266887437253E-17));
#322=DIRECTION('',(-1.,0.,6.12323399573677E-17));
#323=DIRECTION('',(-6.12323399573677E-17,0.,-1.));
#324=FACE_BOUND('',#325,.T.);
#325=EDGE_LOOP('',(#1339,#1340,#1341,#1342));
#326=SURFACE_OF_LINEAR_EXTRUSION('',#327,#328);
#327=B_SPLINE_CURVE_WITH_KNOTS('',3,
(#1343,#1344,#1345,#1346,#1347,#1348,#1349,#1350,#1351,#1352,#1353,#1354,#1355,#1356,
#1357,#1358,#1359,#1360,#1361,#1362,#1363,#1364,#1365,#1366,#1367,#1368,#1369,#1370,
#1371,#1372,#1373,#1374,#1375,#1376,#1377,#1378,#1379,#1380,#1381,#1382,#1383,#1384),
.UNSPECIFIED.,.F.,.F.,
(4,2,2,2,2,2,2,2,2,2,2,2,2,2,2,2,2,2,2,2,4),
(0.,0.057012601847603,0.113287185344716,0.168823745391418,0.22362227275562,0.277682767103482,
0.331005217260247,0.383589618728471,0.435435956122238,0.486544218407366,0.536914388517193,
0.58654644410604,0.635440355147598,0.683596085953843,0.731013573513527,0.777692740624361,
0.823633452114311,0.86883548136833,0.913298396527157,0.957021153752869,1.),
.UNSPECIFIED.);
#328=VECTOR('',#329,1.32);
#329=DIRECTION('',(-1.,0.,0.));
#330=FACE_BOUND('',#331,.T.);
#331=EDGE_LOOP('',(#1385,#1386,#1387,#1388));
#332=SURFACE_OF_LINEAR_EXTRUSION('',#333,#334);
#333=B_SPLINE_CURVE_WITH_KNOTS('',3,
(#1389,#1390,#1391,#1392,#1393,#1394,#1395,#1396,#1397,#1398,#1399,#1400,#1401,#1402,
#1403,#1404,#1405,#1406,#1407,#1408,#1409,#1410,#1411,#1412,#1413,#1414,#1415,#1416,
#1417,#1418,#1419,#1420,#1421,#1422,#1423,#1424,#1425,#1426,#1427,#1428,#1429,#1430,
#1431,#1432,#1433,#1434,#1435,#1436,#1437,#1438),
.UNSPECIFIED.,.F.,.F.,
(4,2,2,2,2,2,2,2,2,2,2,2,2,2,2,2,2,2,2,2,2,2,2,2,4),
(0.,0.125554187162357,0.223578904173637,0.302982748204445,0.369304716671643,0.426144665577498,
0.47593040790047,0.520351616193469,0.560616633319252,0.597610347535772,0.63199461038236,
0.664273936037815,0.694839630502107,0.724000137372691,0.752002311639669,0.779046666403032,
0.805298454639417,0.830895889873138,0.855956350341906,0.880581111729082,0.904859080345099,
0.928869743317929,0.952685608354716,0.976374232703252,1.),
.UNSPECIFIED.);
#334=VECTOR('',#335,1.32);
#335=DIRECTION('',(-1.,0.,0.));
#336=FACE_BOUND('',#337,.T.);
#337=EDGE_LOOP('',(#1439,#1440,#1441,#1442));
#338=CYLINDRICAL_SURFACE('',#339,5.5);
#339=AXIS2_PLACEMENT_3D('',#340,#341,#342);
#340=CARTESIAN_POINT('',(1.32,0.,0.));
#341=DIRECTION('',(1.,0.,0.));
#342=DIRECTION('',(0.,-0.929916734062258,-0.367770128899811));
#343=FACE_BOUND('',#344,.T.);
#344=EDGE_LOOP('',(#1443,#1444,#1445,#1446));
#345=SURFACE_OF_LINEAR_EXTRUSION('',#346,#347);
#346=B_SPLINE_CURVE_WITH_KNOTS('',3,
(#1447,#1448,#1449,#1450,#1451,#1452,#1453,#1454,#1455,#1456,#1457,#1458,#1459,#1460,
#1461,#1462,#1463,#1464,#1465,#1466,#1467,#1468,#1469,#1470,#1471,#1472,#1473,#1474,
#1475,#1476,#1477,#1478,#1479,#1480,#1481,#1482,#1483,#1484,#1485,#1486,#1487,#1488,
#1489,#1490,#1491,#1492,#1493,#1494,#1495,#1496),
.UNSPECIFIED.,.F.,.F.,
(4,2,2,2,2,2,2,2,2,2,2,2,2,2,2,2,2,2,2,2,2,2,2,2,4),
(0.,0.0236257678732442,0.0473143916213081,0.0711302540393972,0.0951409215235138,
0.119418889007038,0.14404365060799,0.169104108491334,0.194701547092636,0.220953335264009,
0.247997687705035,0.275999862311027,0.305160369174507,0.335726063111019,0.368005387630378,
0.40238965425338,0.439383368414269,0.479648382644532,0.524069593313832,0.573855333236728,
0.630695283817859,0.697017248821137,0.776421094261103,0.874445814360493,1.),
.UNSPECIFIED.);
#347=VECTOR('',#348,1.32);
#348=DIRECTION('',(-1.,0.,0.));
#349=FACE_BOUND('',#350,.T.);
#350=EDGE_LOOP('',(#1497,#1498,#1499,#1500));
#351=SURFACE_OF_LINEAR_EXTRUSION('',#352,#353);
#352=B_SPLINE_CURVE_WITH_KNOTS('',3,
(#1501,#1502,#1503,#1504,#1505,#1506,#1507,#1508,#1509,#1510,#1511,#1512,#1513,#1514,
#1515,#1516,#1517,#1518,#1519,#1520,#1521,#1522,#1523,#1524,#1525,#1526,#1527,#1528,
#1529,#1530,#1531,#1532,#1533,#1534,#1535,#1536,#1537,#1538,#1539,#1540,#1541,#1542),
.UNSPECIFIED.,.F.,.F.,
(4,2,2,2,2,2,2,2,2,2,2,2,2,2,2,2,2,2,2,2,4),
(0.,0.0429788454180241,0.0867016035469929,0.131164516966814,0.176366548630238,0.222307258773827,
0.268986425692881,0.316403914659538,0.364559644473629,0.413453556825898,0.463085608882111,
0.513455780625095,0.564564041787088,0.616410381747766,0.668994779120641,0.722317232353004,
0.776377725106144,0.831176253521339,0.88671281475656,0.94298739760088,1.),
.UNSPECIFIED.);
#353=VECTOR('',#354,1.32);
#354=DIRECTION('',(-1.,0.,0.));
#355=FACE_BOUND('',#356,.T.);
#356=EDGE_LOOP('',(#1543,#1544,#1545,#1546));
#357=CYLINDRICAL_SURFACE('',#358,10.);
#358=AXIS2_PLACEMENT_3D('',#359,#360,#361);
#359=CARTESIAN_POINT('',(1.32,0.,-8.08266887437253E-17));
#360=DIRECTION('',(-1.,0.,6.12323399573677E-17));
#361=DIRECTION('',(-6.12323399573677E-17,0.,-1.));
#362=FACE_BOUND('',#363,.T.);
#363=EDGE_LOOP('',(#1547,#1548,#1549,#1550));
#364=SURFACE_OF_LINEAR_EXTRUSION('',#365,#366);
#365=B_SPLINE_CURVE_WITH_KNOTS('',3,
(#1551,#1552,#1553,#1554,#1555,#1556,#1557,#1558,#1559,#1560,#1561,#1562,#1563,#1564,
#1565,#1566,#1567,#1568,#1569,#1570,#1571,#1572,#1573,#1574,#1575,#1576,#1577,#1578,
#1579,#1580,#1581,#1582,#1583,#1584,#1585,#1586,#1587,#1588,#1589,#1590,#1591,#1592),
.UNSPECIFIED.,.F.,.F.,
(4,2,2,2,2,2,2,2,2,2,2,2,2,2,2,2,2,2,2,2,4),
(0.,0.057012601847603,0.113287185344716,0.168823745391418,0.22362227275562,0.277682767103482,
0.331005217260247,0.383589618728471,0.435435956122238,0.486544218407366,0.536914388517193,
0.58654644410604,0.635440355147598,0.683596085953843,0.731013573513527,0.777692740624361,
0.823633452114311,0.86883548136833,0.913298396527157,0.957021153752869,1.),
.UNSPECIFIED.);
#366=VECTOR('',#367,1.32);
#367=DIRECTION('',(-1.,0.,0.));
#368=FACE_BOUND('',#369,.T.);
#369=EDGE_LOOP('',(#1593,#1594,#1595,#1596));
#370=SURFACE_OF_LINEAR_EXTRUSION('',#371,#372);
#371=B_SPLINE_CURVE_WITH_KNOTS('',3,
(#1597,#1598,#1599,#1600,#1601,#1602,#1603,#1604,#1605,#1606,#1607,#1608,#1609,#1610,
#1611,#1612,#1613,#1614,#1615,#1616,#1617,#1618,#1619,#1620,#1621,#1622,#1623,#1624,
#1625,#1626,#1627,#1628,#1629,#1630,#1631,#1632,#1633,#1634,#1635,#1636,#1637,#1638,
#1639,#1640,#1641,#1642,#1643,#1644,#1645,#1646),
.UNSPECIFIED.,.F.,.F.,
(4,2,2,2,2,2,2,2,2,2,2,2,2,2,2,2,2,2,2,2,2,2,2,2,4),
(0.,0.125554187162357,0.223578904173637,0.302982748204445,0.369304716671643,0.426144665577498,
0.47593040790047,0.520351616193469,0.560616633319252,0.597610347535772,0.63199461038236,
0.664273936037815,0.694839630502107,0.724000137372691,0.752002311639669,0.779046666403032,
0.805298454639417,0.830895889873138,0.855956350341906,0.880581111729082,0.904859080345099,
0.928869743317929,0.952685608354716,0.976374232703252,1.),
.UNSPECIFIED.);
#372=VECTOR('',#373,1.32);
#373=DIRECTION('',(-1.,0.,0.));
#374=FACE_BOUND('',#375,.T.);
#375=EDGE_LOOP('',(#1647,#1648,#1649,#1650));
#376=CYLINDRICAL_SURFACE('',#377,5.5);
#377=AXIS2_PLACEMENT_3D('',#378,#379,#380);
#378=CARTESIAN_POINT('',(1.32,0.,0.));
#379=DIRECTION('',(1.,0.,0.));
#380=DIRECTION('',(0.,-0.397497676531363,-0.917603180657177));
#381=FACE_BOUND('',#382,.T.);
#382=EDGE_LOOP('',(#1651,#1652,#1653,#1654));
#383=SURFACE_OF_LINEAR_EXTRUSION('',#384,#385);
#384=B_SPLINE_CURVE_WITH_KNOTS('',3,
(#1655,#1656,#1657,#1658,#1659,#1660,#1661,#1662,#1663,#1664,#1665,#1666,#1667,#1668,
#1669,#1670,#1671,#1672,#1673,#1674,#1675,#1676,#1677,#1678,#1679,#1680,#1681,#1682,
#1683,#1684,#1685,#1686,#1687,#1688,#1689,#1690,#1691,#1692,#1693,#1694,#1695,#1696,
#1697,#1698,#1699,#1700,#1701,#1702,#1703,#1704),
.UNSPECIFIED.,.F.,.F.,
(4,2,2,2,2,2,2,2,2,2,2,2,2,2,2,2,2,2,2,2,2,2,2,2,4),
(0.,0.0236257678732442,0.0473143916213081,0.0711302540393972,0.0951409215235138,
0.119418889007038,0.14404365060799,0.169104108491334,0.194701547092636,0.220953335264009,
0.247997687705035,0.275999862311027,0.305160369174507,0.335726063111019,0.368005387630378,
0.40238965425338,0.439383368414269,0.479648382644532,0.524069593313832,0.573855333236728,
0.630695283817859,0.697017248821137,0.776421094261103,0.874445814360493,1.),
.UNSPECIFIED.);
#385=VECTOR('',#386,1.32);
#386=DIRECTION('',(-1.,0.,0.));
#387=FACE_BOUND('',#388,.T.);
#388=EDGE_LOOP('',(#1705,#1706,#1707,#1708));
#389=SURFACE_OF_LINEAR_EXTRUSION('',#390,#391);
#390=B_SPLINE_CURVE_WITH_KNOTS('',3,
(#1709,#1710,#1711,#1712,#1713,#1714,#1715,#1716,#1717,#1718,#1719,#1720,#1721,#1722,
#1723,#1724,#1725,#1726,#1727,#1728,#1729,#1730,#1731,#1732,#1733,#1734,#1735,#1736,
#1737,#1738,#1739,#1740,#1741,#1742,#1743,#1744,#1745,#1746,#1747,#1748,#1749,#1750),
.UNSPECIFIED.,.F.,.F.,
(4,2,2,2,2,2,2,2,2,2,2,2,2,2,2,2,2,2,2,2,4),
(0.,0.0429788454180241,0.0867016035469929,0.131164516966814,0.176366548630238,0.222307258773827,
0.268986425692881,0.316403914659538,0.364559644473629,0.413453556825898,0.463085608882111,
0.513455780625095,0.564564041787088,0.616410381747766,0.668994779120641,0.722317232353004,
0.776377725106144,0.831176253521339,0.88671281475656,0.94298739760088,1.),
.UNSPECIFIED.);
#391=VECTOR('',#392,1.32);
#392=DIRECTION('',(-1.,0.,0.));
#393=FACE_BOUND('',#394,.T.);
#394=EDGE_LOOP('',(#1751,#1752,#1753,#1754));
#395=CYLINDRICAL_SURFACE('',#396,10.);
#396=AXIS2_PLACEMENT_3D('',#397,#398,#399);
#397=CARTESIAN_POINT('',(1.32,0.,-8.08266887437253E-17));
#398=DIRECTION('',(-1.,0.,6.12323399573677E-17));
#399=DIRECTION('',(-6.12323399573677E-17,0.,-1.));
#400=FACE_BOUND('',#401,.T.);
#401=EDGE_LOOP('',(#1755,#1756,#1757,#1758));
#402=SURFACE_OF_LINEAR_EXTRUSION('',#403,#404);
#403=B_SPLINE_CURVE_WITH_KNOTS('',3,
(#1759,#1760,#1761,#1762,#1763,#1764,#1765,#1766,#1767,#1768,#1769,#1770,#1771,#1772,
#1773,#1774,#1775,#1776,#1777,#1778,#1779,#1780,#1781,#1782,#1783,#1784,#1785,#1786,
#1787,#1788,#1789,#1790,#1791,#1792,#1793,#1794,#1795,#1796,#1797,#1798,#1799,#1800),
.UNSPECIFIED.,.F.,.F.,
(4,2,2,2,2,2,2,2,2,2,2,2,2,2,2,2,2,2,2,2,4),
(0.,0.057012601847603,0.113287185344716,0.168823745391418,0.22362227275562,0.277682767103482,
0.331005217260247,0.383589618728471,0.435435956122238,0.486544218407366,0.536914388517193,
0.58654644410604,0.635440355147598,0.683596085953843,0.731013573513527,0.777692740624361,
0.823633452114311,0.86883548136833,0.913298396527157,0.957021153752869,1.),
.UNSPECIFIED.);
#404=VECTOR('',#405,1.32);
#405=DIRECTION('',(-1.,0.,0.));
#406=FACE_BOUND('',#407,.T.);
#407=EDGE_LOOP('',(#1801,#1802,#1803,#1804));
#408=SURFACE_OF_LINEAR_EXTRUSION('',#409,#410);
#409=B_SPLINE_CURVE_WITH_KNOTS('',3,
(#1805,#1806,#1807,#1808,#1809,#1810,#1811,#1812,#1813,#1814,#1815,#1816,#1817,#1818,
#1819,#1820,#1821,#1822,#1823,#1824,#1825,#1826,#1827,#1828,#1829,#1830,#1831,#1832,
#1833,#1834,#1835,#1836,#1837,#1838,#1839,#1840,#1841,#1842,#1843,#1844,#1845,#1846,
#1847,#1848,#1849,#1850,#1851,#1852,#1853,#1854),
.UNSPECIFIED.,.F.,.F.,
(4,2,2,2,2,2,2,2,2,2,2,2,2,2,2,2,2,2,2,2,2,2,2,2,4),
(0.,0.125554187162357,0.223578904173637,0.302982748204445,0.369304716671643,0.426144665577498,
0.47593040790047,0.520351616193469,0.560616633319252,0.597610347535772,0.63199461038236,
0.664273936037815,0.694839630502107,0.724000137372691,0.752002311639669,0.779046666403032,
0.805298454639417,0.830895889873138,0.855956350341906,0.880581111729082,0.904859080345099,
0.928869743317929,0.952685608354716,0.976374232703252,1.),
.UNSPECIFIED.);
#410=VECTOR('',#411,1.32);
#411=DIRECTION('',(-1.,0.,0.));
#412=FACE_BOUND('',#413,.T.);
#413=EDGE_LOOP('',(#1855,#1856,#1857,#1858));
#414=CYLINDRICAL_SURFACE('',#415,5.5);
#415=AXIS2_PLACEMENT_3D('',#416,#417,#418);
#416=CARTESIAN_POINT('',(1.32,0.,0.));
#417=DIRECTION('',(1.,0.,0.));
#418=DIRECTION('',(0.,0.367770128899811,-0.929916734062258));
#419=FACE_BOUND('',#420,.T.);
#420=EDGE_LOOP('',(#1859,#1860,#1861,#1862));
#421=SURFACE_OF_LINEAR_EXTRUSION('',#422,#423);
#422=B_SPLINE_CURVE_WITH_KNOTS('',3,
(#1863,#1864,#1865,#1866,#1867,#1868,#1869,#1870,#1871,#1872,#1873,#1874,#1875,#1876,
#1877,#1878,#1879,#1880,#1881,#1882,#1883,#1884,#1885,#1886,#1887,#1888,#1889,#1890,
#1891,#1892,#1893,#1894,#1895,#1896,#1897,#1898,#1899,#1900,#1901,#1902,#1903,#1904,
#1905,#1906,#1907,#1908,#1909,#1910,#1911,#1912),
.UNSPECIFIED.,.F.,.F.,
(4,2,2,2,2,2,2,2,2,2,2,2,2,2,2,2,2,2,2,2,2,2,2,2,4),
(0.,0.0236257678732442,0.0473143916213081,0.0711302540393972,0.0951409215235138,
0.119418889007038,0.14404365060799,0.169104108491334,0.194701547092636,0.220953335264009,
0.247997687705035,0.275999862311027,0.305160369174507,0.335726063111019,0.368005387630378,
0.40238965425338,0.439383368414269,0.479648382644532,0.524069593313832,0.573855333236728,
0.630695283817859,0.697017248821137,0.776421094261103,0.874445814360493,1.),
.UNSPECIFIED.);
#423=VECTOR('',#424,1.32);
#424=DIRECTION('',(-1.,0.,0.));
#425=FACE_BOUND('',#426,.T.);
#426=EDGE_LOOP('',(#1913,#1914,#1915,#1916));
#427=SURFACE_OF_LINEAR_EXTRUSION('',#428,#429);
#428=B_SPLINE_CURVE_WITH_KNOTS('',3,
(#1917,#1918,#1919,#1920,#1921,#1922,#1923,#1924,#1925,#1926,#1927,#1928,#1929,#1930,
#1931,#1932,#1933,#1934,#1935,#1936,#1937,#1938,#1939,#1940,#1941,#1942,#1943,#1944,
#1945,#1946,#1947,#1948,#1949,#1950,#1951,#1952,#1953,#1954,#1955,#1956,#1957,#1958),
.UNSPECIFIED.,.F.,.F.,
(4,2,2,2,2,2,2,2,2,2,2,2,2,2,2,2,2,2,2,2,4),
(0.,0.0429788454180241,0.0867016035469929,0.131164516966814,0.176366548630238,0.222307258773827,
0.268986425692881,0.316403914659538,0.364559644473629,0.413453556825898,0.463085608882111,
0.513455780625095,0.564564041787088,0.616410381747766,0.668994779120641,0.722317232353004,
0.776377725106144,0.831176253521339,0.88671281475656,0.94298739760088,1.),
.UNSPECIFIED.);
#429=VECTOR('',#430,1.32);
#430=DIRECTION('',(-1.,0.,0.));
#431=FACE_BOUND('',#432,.T.);
#432=EDGE_LOOP('',(#1959,#1960,#1961,#1962));
#433=CYLINDRICAL_SURFACE('',#434,10.);
#434=AXIS2_PLACEMENT_3D('',#435,#436,#437);
#435=CARTESIAN_POINT('',(1.32,0.,-8.08266887437253E-17));
#436=DIRECTION('',(-1.,0.,6.12323399573677E-17));
#437=DIRECTION('',(-6.12323399573677E-17,0.,-1.));
#438=FACE_BOUND('',#439,.T.);
#439=EDGE_LOOP('',(#1963,#1964,#1965,#1966));
#440=SURFACE_OF_LINEAR_EXTRUSION('',#441,#442);
#441=B_SPLINE_CURVE_WITH_KNOTS('',3,
(#1967,#1968,#1969,#1970,#1971,#1972,#1973,#1974,#1975,#1976,#1977,#1978,#1979,#1980,
#1981,#1982,#1983,#1984,#1985,#1986,#1987,#1988,#1989,#1990,#1991,#1992,#1993,#1994,
#1995,#1996,#1997,#1998,#1999,#2000,#2001,#2002,#2003,#2004,#2005,#2006,#2007,#2008),
.UNSPECIFIED.,.F.,.F.,
(4,2,2,2,2,2,2,2,2,2,2,2,2,2,2,2,2,2,2,2,4),
(0.,0.057012601847603,0.113287185344716,0.168823745391418,0.22362227275562,0.277682767103482,
0.331005217260247,0.383589618728471,0.435435956122238,0.486544218407366,0.536914388517193,
0.58654644410604,0.635440355147598,0.683596085953843,0.731013573513527,0.777692740624361,
0.823633452114311,0.86883548136833,0.913298396527157,0.957021153752869,1.),
.UNSPECIFIED.);
#442=VECTOR('',#443,1.32);
#443=DIRECTION('',(-1.,0.,0.));
#444=FACE_BOUND('',#445,.T.);
#445=EDGE_LOOP('',(#2009,#2010,#2011,#2012));
#446=SURFACE_OF_LINEAR_EXTRUSION('',#447,#448);
#447=B_SPLINE_CURVE_WITH_KNOTS('',3,
(#2013,#2014,#2015,#2016,#2017,#2018,#2019,#2020,#2021,#2022,#2023,#2024,#2025,#2026,
#2027,#2028,#2029,#2030,#2031,#2032,#2033,#2034,#2035,#2036,#2037,#2038,#2039,#2040,
#2041,#2042,#2043,#2044,#2045,#2046,#2047,#2048,#2049,#2050,#2051,#2052,#2053,#2054,
#2055,#2056,#2057,#2058,#2059,#2060,#2061,#2062),
.UNSPECIFIED.,.F.,.F.,
(4,2,2,2,2,2,2,2,2,2,2,2,2,2,2,2,2,2,2,2,2,2,2,2,4),
(0.,0.125554187162357,0.223578904173637,0.302982748204445,0.369304716671643,0.426144665577498,
0.47593040790047,0.520351616193469,0.560616633319252,0.597610347535772,0.63199461038236,
0.664273936037815,0.694839630502107,0.724000137372691,0.752002311639669,0.779046666403032,
0.805298454639417,0.830895889873138,0.855956350341906,0.880581111729082,0.904859080345099,
0.928869743317929,0.952685608354716,0.976374232703252,1.),
.UNSPECIFIED.);
#448=VECTOR('',#449,1.32);
#449=DIRECTION('',(-1.,0.,0.));
#450=FACE_BOUND('',#451,.T.);
#451=EDGE_LOOP('',(#2063,#2064,#2065,#2066));
#452=CYLINDRICAL_SURFACE('',#453,5.5);
#453=AXIS2_PLACEMENT_3D('',#454,#455,#456);
#454=CARTESIAN_POINT('',(1.32,0.,0.));
#455=DIRECTION('',(1.,0.,0.));
#456=DIRECTION('',(0.,0.917603180657177,-0.397497676531363));
#457=FACE_BOUND('',#458,.T.);
#458=EDGE_LOOP('',(#2067,#2068,#2069,#2070));
#459=SURFACE_OF_LINEAR_EXTRUSION('',#460,#461);
#460=B_SPLINE_CURVE_WITH_KNOTS('',3,
(#2071,#2072,#2073,#2074,#2075,#2076,#2077,#2078,#2079,#2080,#2081,#2082,#2083,#2084,
#2085,#2086,#2087,#2088,#2089,#2090,#2091,#2092,#2093,#2094,#2095,#2096,#2097,#2098,
#2099,#2100,#2101,#2102,#2103,#2104,#2105,#2106,#2107,#2108,#2109,#2110,#2111,#2112,
#2113,#2114,#2115,#2116,#2117,#2118,#2119,#2120),
.UNSPECIFIED.,.F.,.F.,
(4,2,2,2,2,2,2,2,2,2,2,2,2,2,2,2,2,2,2,2,2,2,2,2,4),
(0.,0.0236257678732442,0.0473143916213081,0.0711302540393972,0.0951409215235138,
0.119418889007038,0.14404365060799,0.169104108491334,0.194701547092636,0.220953335264009,
0.247997687705035,0.275999862311027,0.305160369174507,0.335726063111019,0.368005387630378,
0.40238965425338,0.439383368414269,0.479648382644532,0.524069593313832,0.573855333236728,
0.630695283817859,0.697017248821137,0.776421094261103,0.874445814360493,1.),
.UNSPECIFIED.);
#461=VECTOR('',#462,1.32);
#462=DIRECTION('',(-1.,0.,0.));
#463=FACE_BOUND('',#464,.T.);
#464=EDGE_LOOP('',(#2121,#2122,#2123,#2124));
#465=SURFACE_OF_LINEAR_EXTRUSION('',#466,#467);
#466=B_SPLINE_CURVE_WITH_KNOTS('',3,
(#2125,#2126,#2127,#2128,#2129,#2130,#2131,#2132,#2133,#2134,#2135,#2136,#2137,#2138,
#2139,#2140,#2141,#2142,#2143,#2144,#2145,#2146,#2147,#2148,#2149,#2150,#2151,#2152,
#2153,#2154,#2155,#2156,#2157,#2158,#2159,#2160,#2161,#2162,#2163,#2164,#2165,#2166),
.UNSPECIFIED.,.F.,.F.,
(4,2,2,2,2,2,2,2,2,2,2,2,2,2,2,2,2,2,2,2,4),
(0.,0.0429788454180241,0.0867016035469929,0.131164516966814,0.176366548630238,0.222307258773827,
0.268986425692881,0.316403914659538,0.364559644473629,0.413453556825898,0.463085608882111,
0.513455780625095,0.564564041787088,0.616410381747766,0.668994779120641,0.722317232353004,
0.776377725106144,0.831176253521339,0.88671281475656,0.94298739760088,1.),
.UNSPECIFIED.);
#467=VECTOR('',#468,1.32);
#468=DIRECTION('',(-1.,0.,0.));
#469=FACE_BOUND('',#470,.T.);
#470=EDGE_LOOP('',(#2167,#2168,#2169,#2170));
#471=CYLINDRICAL_SURFACE('',#472,10.);
#472=AXIS2_PLACEMENT_3D('',#473,#474,#475);
#473=CARTESIAN_POINT('',(1.32,0.,-8.08266887437253E-17));
#474=DIRECTION('',(-1.,0.,6.12323399573677E-17));
#475=DIRECTION('',(-6.12323399573677E-17,0.,-1.));
#476=FACE_BOUND('',#477,.T.);
#477=EDGE_LOOP('',(#2171,#2172,#2173,#2174));
#478=SURFACE_OF_LINEAR_EXTRUSION('',#479,#480);
#479=B_SPLINE_CURVE_WITH_KNOTS('',3,
(#2175,#2176,#2177,#2178,#2179,#2180,#2181,#2182,#2183,#2184,#2185,#2186,#2187,#2188,
#2189,#2190,#2191,#2192,#2193,#2194,#2195,#2196,#2197,#2198,#2199,#2200,#2201,#2202,
#2203,#2204,#2205,#2206,#2207,#2208,#2209,#2210,#2211,#2212,#2213,#2214,#2215,#2216),
.UNSPECIFIED.,.F.,.F.,
(4,2,2,2,2,2,2,2,2,2,2,2,2,2,2,2,2,2,2,2,4),
(0.,0.057012601847603,0.113287185344716,0.168823745391418,0.22362227275562,0.277682767103482,
0.331005217260247,0.383589618728471,0.435435956122238,0.486544218407366,0.536914388517193,
0.58654644410604,0.635440355147598,0.683596085953843,0.731013573513527,0.777692740624361,
0.823633452114311,0.86883548136833,0.913298396527157,0.957021153752869,1.),
.UNSPECIFIED.);
#480=VECTOR('',#481,1.32);
#481=DIRECTION('',(-1.,0.,0.));
#482=FACE_BOUND('',#483,.T.);
#483=EDGE_LOOP('',(#2217,#2218,#2219,#2220));
#484=SURFACE_OF_LINEAR_EXTRUSION('',#485,#486);
#485=B_SPLINE_CURVE_WITH_KNOTS('',3,
(#2221,#2222,#2223,#2224,#2225,#2226,#2227,#2228,#2229,#2230,#2231,#2232,#2233,#2234,
#2235,#2236,#2237,#2238,#2239,#2240,#2241,#2242,#2243,#2244,#2245,#2246,#2247,#2248,
#2249,#2250,#2251,#2252,#2253,#2254,#2255,#2256,#2257,#2258,#2259,#2260,#2261,#2262,
#2263,#2264,#2265,#2266,#2267,#2268,#2269,#2270),
.UNSPECIFIED.,.F.,.F.,
(4,2,2,2,2,2,2,2,2,2,2,2,2,2,2,2,2,2,2,2,2,2,2,2,4),
(0.,0.125554187162357,0.223578904173637,0.302982748204445,0.369304716671643,0.426144665577498,
0.47593040790047,0.520351616193469,0.560616633319252,0.597610347535772,0.63199461038236,
0.664273936037815,0.694839630502107,0.724000137372691,0.752002311639669,0.779046666403032,
0.805298454639417,0.830895889873138,0.855956350341906,0.880581111729082,0.904859080345099,
0.928869743317929,0.952685608354716,0.976374232703252,1.),
.UNSPECIFIED.);
#486=VECTOR('',#487,1.32);
#487=DIRECTION('',(-1.,0.,0.));
#488=FACE_BOUND('',#489,.T.);
#489=EDGE_LOOP('',(#2271,#2272,#2273,#2274));
#490=CYLINDRICAL_SURFACE('',#491,5.5);
#491=AXIS2_PLACEMENT_3D('',#492,#493,#494);
#492=CARTESIAN_POINT('',(1.32,0.,0.));
#493=DIRECTION('',(1.,0.,0.));
#494=DIRECTION('',(0.,0.929916734062258,0.367770128899811));
#495=ORIENTED_EDGE('',*,*,#2275,.F.);
#496=ORIENTED_EDGE('',*,*,#2276,.T.);
#497=ORIENTED_EDGE('',*,*,#2277,.T.);
#498=ORIENTED_EDGE('',*,*,#2278,.T.);
#499=ORIENTED_EDGE('',*,*,#2279,.T.);
#500=ORIENTED_EDGE('',*,*,#2280,.T.);
#501=ORIENTED_EDGE('',*,*,#2280,.F.);
#502=ORIENTED_EDGE('',*,*,#2281,.F.);
#503=ORIENTED_EDGE('',*,*,#2277,.F.);
#504=ORIENTED_EDGE('',*,*,#2282,.T.);
#505=ORIENTED_EDGE('',*,*,#2279,.F.);
#506=ORIENTED_EDGE('',*,*,#2282,.F.);
#507=ORIENTED_EDGE('',*,*,#2276,.F.);
#508=ORIENTED_EDGE('',*,*,#2281,.T.);
#509=ORIENTED_EDGE('',*,*,#2275,.T.);
#510=ORIENTED_EDGE('',*,*,#2283,.T.);
#511=ORIENTED_EDGE('',*,*,#2284,.T.);
#512=ORIENTED_EDGE('',*,*,#2278,.F.);
#513=ORIENTED_EDGE('',*,*,#2285,.F.);
#514=ORIENTED_EDGE('',*,*,#2286,.F.);
#515=ORIENTED_EDGE('',*,*,#2287,.F.);
#516=ORIENTED_EDGE('',*,*,#2288,.F.);
#517=ORIENTED_EDGE('',*,*,#2289,.F.);
#518=ORIENTED_EDGE('',*,*,#2290,.F.);
#519=ORIENTED_EDGE('',*,*,#2291,.F.);
#520=ORIENTED_EDGE('',*,*,#2292,.F.);
#521=ORIENTED_EDGE('',*,*,#2293,.F.);
#522=ORIENTED_EDGE('',*,*,#2294,.F.);
#523=ORIENTED_EDGE('',*,*,#2295,.F.);
#524=ORIENTED_EDGE('',*,*,#2296,.F.);
#525=ORIENTED_EDGE('',*,*,#2297,.F.);
#526=ORIENTED_EDGE('',*,*,#2298,.F.);
#527=ORIENTED_EDGE('',*,*,#2299,.F.);
#528=ORIENTED_EDGE('',*,*,#2300,.F.);
#529=ORIENTED_EDGE('',*,*,#2301,.F.);
#530=ORIENTED_EDGE('',*,*,#2302,.F.);
#531=ORIENTED_EDGE('',*,*,#2303,.F.);
#532=ORIENTED_EDGE('',*,*,#2304,.F.);
#533=ORIENTED_EDGE('',*,*,#2305,.F.);
#534=ORIENTED_EDGE('',*,*,#2306,.F.);
#535=ORIENTED_EDGE('',*,*,#2307,.F.);
#536=ORIENTED_EDGE('',*,*,#2308,.F.);
#537=ORIENTED_EDGE('',*,*,#2309,.F.);
#538=ORIENTED_EDGE('',*,*,#2310,.F.);
#539=ORIENTED_EDGE('',*,*,#2311,.F.);
#540=ORIENTED_EDGE('',*,*,#2312,.F.);
#541=ORIENTED_EDGE('',*,*,#2313,.F.);
#542=ORIENTED_EDGE('',*,*,#2314,.F.);
#543=ORIENTED_EDGE('',*,*,#2315,.F.);
#544=ORIENTED_EDGE('',*,*,#2316,.F.);
#545=ORIENTED_EDGE('',*,*,#2317,.F.);
#546=ORIENTED_EDGE('',*,*,#2318,.F.);
#547=ORIENTED_EDGE('',*,*,#2319,.F.);
#548=ORIENTED_EDGE('',*,*,#2320,.F.);
#549=ORIENTED_EDGE('',*,*,#2321,.F.);
#550=ORIENTED_EDGE('',*,*,#2322,.F.);
#551=ORIENTED_EDGE('',*,*,#2323,.F.);
#552=ORIENTED_EDGE('',*,*,#2324,.F.);
#553=ORIENTED_EDGE('',*,*,#2325,.F.);
#554=ORIENTED_EDGE('',*,*,#2326,.F.);
#555=ORIENTED_EDGE('',*,*,#2327,.F.);
#556=ORIENTED_EDGE('',*,*,#2328,.F.);
#557=ORIENTED_EDGE('',*,*,#2329,.F.);
#558=ORIENTED_EDGE('',*,*,#2330,.F.);
#559=ORIENTED_EDGE('',*,*,#2331,.F.);
#560=ORIENTED_EDGE('',*,*,#2332,.F.);
#561=ORIENTED_EDGE('',*,*,#2283,.F.);
#562=ORIENTED_EDGE('',*,*,#2333,.T.);
#563=ORIENTED_EDGE('',*,*,#2334,.T.);
#564=ORIENTED_EDGE('',*,*,#2335,.T.);
#565=ORIENTED_EDGE('',*,*,#2336,.T.);
#566=ORIENTED_EDGE('',*,*,#2337,.T.);
#567=ORIENTED_EDGE('',*,*,#2338,.T.);
#568=ORIENTED_EDGE('',*,*,#2339,.T.);
#569=ORIENTED_EDGE('',*,*,#2340,.T.);
#570=ORIENTED_EDGE('',*,*,#2341,.T.);
#571=ORIENTED_EDGE('',*,*,#2342,.T.);
#572=ORIENTED_EDGE('',*,*,#2343,.T.);
#573=ORIENTED_EDGE('',*,*,#2344,.T.);
#574=ORIENTED_EDGE('',*,*,#2345,.T.);
#575=ORIENTED_EDGE('',*,*,#2346,.T.);
#576=ORIENTED_EDGE('',*,*,#2347,.T.);
#577=ORIENTED_EDGE('',*,*,#2348,.T.);
#578=ORIENTED_EDGE('',*,*,#2349,.T.);
#579=ORIENTED_EDGE('',*,*,#2350,.T.);
#580=ORIENTED_EDGE('',*,*,#2351,.T.);
#581=ORIENTED_EDGE('',*,*,#2352,.T.);
#582=ORIENTED_EDGE('',*,*,#2353,.T.);
#583=ORIENTED_EDGE('',*,*,#2354,.T.);
#584=ORIENTED_EDGE('',*,*,#2355,.T.);
#585=ORIENTED_EDGE('',*,*,#2356,.T.);
#586=ORIENTED_EDGE('',*,*,#2357,.T.);
#587=ORIENTED_EDGE('',*,*,#2358,.T.);
#588=ORIENTED_EDGE('',*,*,#2359,.T.);
#589=ORIENTED_EDGE('',*,*,#2360,.T.);
#590=ORIENTED_EDGE('',*,*,#2361,.T.);
#591=ORIENTED_EDGE('',*,*,#2362,.T.);
#592=ORIENTED_EDGE('',*,*,#2363,.T.);
#593=ORIENTED_EDGE('',*,*,#2364,.T.);
#594=ORIENTED_EDGE('',*,*,#2365,.T.);
#595=ORIENTED_EDGE('',*,*,#2366,.T.);
#596=ORIENTED_EDGE('',*,*,#2367,.T.);
#597=ORIENTED_EDGE('',*,*,#2368,.T.);
#598=ORIENTED_EDGE('',*,*,#2369,.T.);
#599=ORIENTED_EDGE('',*,*,#2370,.T.);
#600=ORIENTED_EDGE('',*,*,#2371,.T.);
#601=ORIENTED_EDGE('',*,*,#2372,.T.);
#602=ORIENTED_EDGE('',*,*,#2373,.T.);
#603=ORIENTED_EDGE('',*,*,#2374,.T.);
#604=ORIENTED_EDGE('',*,*,#2375,.T.);
#605=ORIENTED_EDGE('',*,*,#2376,.T.);
#606=ORIENTED_EDGE('',*,*,#2377,.T.);
#607=ORIENTED_EDGE('',*,*,#2378,.T.);
#608=ORIENTED_EDGE('',*,*,#2379,.T.);
#609=ORIENTED_EDGE('',*,*,#2380,.T.);
#610=ORIENTED_EDGE('',*,*,#2284,.F.);
#611=ORIENTED_EDGE('',*,*,#2333,.F.);
#612=ORIENTED_EDGE('',*,*,#2381,.F.);
#613=ORIENTED_EDGE('',*,*,#2285,.T.);
#614=ORIENTED_EDGE('',*,*,#2382,.T.);
#615=CARTESIAN_POINT('',(1.32,5.04681749,2.18623722));
#616=CARTESIAN_POINT('',(1.32,5.03842637998066,2.20561182451878));
#617=CARTESIAN_POINT('',(1.32,5.03061976998066,2.22519959118544));
#618=CARTESIAN_POINT('',(1.32,5.01615633574265,2.26485412878287));
#619=CARTESIAN_POINT('',(1.32,5.00949262239667,2.28495762775823));
#620=CARTESIAN_POINT('',(1.32,4.99734790852311,2.32555960284044));
#621=CARTESIAN_POINT('',(1.32,4.9918565262705,2.34613233870678));
#622=CARTESIAN_POINT('',(1.32,4.98206926867204,2.38766125517772));
#623=CARTESIAN_POINT('',(1.32,4.97777313108708,2.4086943678553));
#624=CARTESIAN_POINT('',(1.32,4.97039575169505,2.45113673031323));
#625=CARTESIAN_POINT('',(1.32,4.96732505855663,2.47262507926737));
#626=CARTESIAN_POINT('',(1.32,4.96242545586942,2.51597552075555));
#627=CARTESIAN_POINT('',(1.32,4.9606188066487,2.53791833138352));
#628=CARTESIAN_POINT('',(1.32,4.95828301044445,2.58218105430702));
#629=CARTESIAN_POINT('',(1.32,4.95778898105634,2.60458267411235));
#630=CARTESIAN_POINT('',(1.32,4.9581248997281,2.64977321184571));
#631=CARTESIAN_POINT('',(1.32,4.95900428538526,2.6726440666384));
#632=CARTESIAN_POINT('',(1.32,4.96214683432962,2.71879144423939));
#633=CARTESIAN_POINT('',(1.32,4.96447560541742,2.74214917635365));
#634=CARTESIAN_POINT('',(1.32,4.97059367610908,2.78929853949237));
#635=CARTESIAN_POINT('',(1.32,4.97446709389698,2.81316940564836));
#636=CARTESIAN_POINT('',(1.32,4.98377303154728,2.86138522056266));
#637=CARTESIAN_POINT('',(1.32,4.98931116679274,2.8858057626986));
#638=CARTESIAN_POINT('',(1.32,5.00207366981796,2.93517565822403));
#639=CARTESIAN_POINT('',(1.32,5.00942898876593,2.96019467764222));
#640=CARTESIAN_POINT('',(1.32,5.02599080347417,3.01083406258335));
#641=CARTESIAN_POINT('',(1.32,5.03535854731615,3.03651497736556));
#642=CARTESIAN_POINT('',(1.32,5.05616104615904,3.08857254572804));
#643=CARTESIAN_POINT('',(1.32,5.06779383607081,3.11499609527587));
#644=CARTESIAN_POINT('',(1.32,5.09341159989087,3.16866022106253));
#645=CARTESIAN_POINT('',(1.32,5.10764000419865,3.1959274644525));
#646=CARTESIAN_POINT('',(1.32,5.13883019161798,3.25143334845485));
#647=CARTESIAN_POINT('',(1.32,5.15609236448096,3.27966871740439));
#648=CARTESIAN_POINT('',(1.32,5.1938665348135,3.3373057792693));
#649=CARTESIAN_POINT('',(1.32,5.21475168457398,3.36665961117823));
#650=CARTESIAN_POINT('',(1.32,5.26048236746326,3.42677765811747));
#651=CARTESIAN_POINT('',(1.32,5.28579580475354,3.45742679298234));
#652=CARTESIAN_POINT('',(1.32,5.34137824694341,3.52043751538586));
#653=CARTESIAN_POINT('',(1.32,5.37224113988944,3.55258088996946));
#654=CARTESIAN_POINT('',(1.32,5.44034519153673,3.61894680896454));
#655=CARTESIAN_POINT('',(1.32,5.47835162145929,3.65278918065518));
#656=CARTESIAN_POINT('',(1.32,5.56282542476393,3.72298206315385));
#657=CARTESIAN_POINT('',(1.32,5.61029711690543,3.75869047270654));
#658=CARTESIAN_POINT('',(1.32,5.71683561882958,3.83307770734186));
#659=CARTESIAN_POINT('',(1.32,5.77724942621592,3.87067498947047));
#660=CARTESIAN_POINT('',(1.32,5.9145434450636,3.9492351915909));
#661=CARTESIAN_POINT('',(1.32,5.99327648685729,3.98834488391773));
#662=CARTESIAN_POINT('',(1.32,6.1750735887583,4.06996734027789));
#663=CARTESIAN_POINT('',(1.32,6.27980465542496,4.10982114361122));
#664=CARTESIAN_POINT('',(1.32,6.38717582,4.1436924));
#665=ORIENTED_EDGE('',*,*,#2383,.F.);
#666=ORIENTED_EDGE('',*,*,#2286,.T.);
#667=ORIENTED_EDGE('',*,*,#2381,.T.);
#668=ORIENTED_EDGE('',*,*,#2380,.F.);
#669=CARTESIAN_POINT('',(1.32,6.38717582,4.1436924));
#670=CARTESIAN_POINT('',(1.32,6.42023898571606,4.17416681162013));
#671=CARTESIAN_POINT('',(1.32,6.4520930790494,4.20577232162013));
#672=CARTESIAN_POINT('',(1.32,6.51391354982533,4.27181217014603));
#673=CARTESIAN_POINT('',(1.32,6.54362325232285,4.30660906056102));
#674=CARTESIAN_POINT('',(1.32,6.60188692322269,4.37784973286288));
#675=CARTESIAN_POINT('',(1.32,6.63006812569964,4.41482957519339));
#676=CARTESIAN_POINT('',(1.32,6.68523241979113,4.49042912037427));
#677=CARTESIAN_POINT('',(1.32,6.71197533826228,4.52938265282111));
#678=CARTESIAN_POINT('',(1.32,6.76426442560466,4.60885887278017));
#679=CARTESIAN_POINT('',(1.32,6.78963014219515,4.6496232279623));
#680=CARTESIAN_POINT('',(1.32,6.8391680830023,4.73264802741523));
#681=CARTESIAN_POINT('',(1.32,6.86319364571852,4.77509752184058));
#682=CARTESIAN_POINT('',(1.32,6.91005047270803,4.86142574581388));
#683=CARTESIAN_POINT('',(1.32,6.93275662806409,4.90545964656551));
#684=CARTESIAN_POINT('',(1.32,6.97696950762504,4.99489643435048));
#685=CARTESIAN_POINT('',(1.32,6.99836594614863,5.04043093260763));
#686=CARTESIAN_POINT('',(1.32,7.03995051592712,5.13281427696547));
#687=CARTESIAN_POINT('',(1.32,7.060039117106,5.17977742772519));
#688=CARTESIAN_POINT('',(1.32,7.09899616242638,5.27496790306412));
#689=CARTESIAN_POINT('',(1.32,7.11777318306084,5.32329629323427));
#690=CARTESIAN_POINT('',(1.32,7.15409289391364,5.4211705800802));
#691=CARTESIAN_POINT('',(1.32,7.17155046313534,5.47080708371577));
#692=CARTESIAN_POINT('',(1.32,7.2052152530823,5.57125364049421));
#693=CARTESIAN_POINT('',(1.32,7.22134236042432,5.62214582655471));
#694=CARTESIAN_POINT('',(1.32,7.25232886097444,5.72506189601149));
#695=CARTESIAN_POINT('',(1.32,7.2671121984344,5.77716089831974));
#696=CARTESIAN_POINT('',(1.32,7.29539269210668,5.88245036812811));
#697=CARTESIAN_POINT('',(1.32,7.30881713791699,5.93571004217961));
#698=CARTESIAN_POINT('',(1.32,7.33436061239017,6.04328187681235));
#699=CARTESIAN_POINT('',(1.32,7.34640971307429,6.09765818701153));
#700=CARTESIAN_POINT('',(1.32,7.36918268482531,6.20742523838863));
#701=CARTESIAN_POINT('',(1.32,7.37983897876763,6.26287574306413));
#702=CARTESIAN_POINT('',(1.32,7.39980611317586,6.37475384114897));
#703=CARTESIAN_POINT('',(1.32,7.40905137130786,6.43123735117579));
#704=CARTESIAN_POINT('',(1.32,7.42617599552162,6.54514461596926));
#705=CARTESIAN_POINT('',(1.32,7.43399149064019,6.60262087754707));
#706=CARTESIAN_POINT('',(1.32,7.44823599173752,6.71847714433412));
#707=CARTESIAN_POINT('',(1.32,7.45460260637942,6.77690660538904));
#708=CARTESIAN_POINT('',(1.32,7.46592875885933,6.89463299375365));
#709=CARTESIAN_POINT('',(1.32,7.47084746219267,6.95395475375365));
#710=CARTESIAN_POINT('',(1.32,7.4749849,7.01335161));
#711=ORIENTED_EDGE('',*,*,#2379,.F.);
#712=ORIENTED_EDGE('',*,*,#2384,.F.);
#713=ORIENTED_EDGE('',*,*,#2287,.T.);
#714=ORIENTED_EDGE('',*,*,#2383,.T.);
#715=ORIENTED_EDGE('',*,*,#2378,.F.);
#716=ORIENTED_EDGE('',*,*,#2385,.F.);
#717=ORIENTED_EDGE('',*,*,#2288,.T.);
#718=ORIENTED_EDGE('',*,*,#2384,.T.);
#719=CARTESIAN_POINT('',(1.32,7.01335160678041,7.4749848970909));
#720=CARTESIAN_POINT('',(1.32,6.95395475108354,7.47084746010597));
#721=CARTESIAN_POINT('',(1.32,6.89463299169814,7.46592875698238));
#722=CARTESIAN_POINT('',(1.32,6.7769066034401,7.45460260358215));
#723=CARTESIAN_POINT('',(1.32,6.71847714220943,7.44823598512113));
#724=CARTESIAN_POINT('',(1.32,6.60262087578975,7.43399148603843));
#725=CARTESIAN_POINT('',(1.32,6.54514461438953,7.42617599901154));
#726=CARTESIAN_POINT('',(1.32,6.43123735206933,7.40905137530572));
#727=CARTESIAN_POINT('',(1.32,6.37475384470568,7.3998061081787));
#728=CARTESIAN_POINT('',(1.32,6.26287574577312,7.37983897531414));
#729=CARTESIAN_POINT('',(1.32,6.20742523745367,7.36918269181492));
#730=CARTESIAN_POINT('',(1.32,6.09765818727752,7.34640972280734));
#731=CARTESIAN_POINT('',(1.32,6.04328188136823,7.33436061755663));
#732=CARTESIAN_POINT('',(1.32,5.93571004625839,7.30881714083986));
#733=CARTESIAN_POINT('',(1.32,5.88245036796025,7.29539269458982));
#734=CARTESIAN_POINT('',(1.32,5.7771608972143,7.26711219868905));
#735=CARTESIAN_POINT('',(1.32,5.72506189793886,7.25232886047822));
#736=CARTESIAN_POINT('',(1.32,5.62214583088618,7.22134235753045));
#737=CARTESIAN_POINT('',(1.32,5.57125364517636,7.20521524560891));
#738=CARTESIAN_POINT('',(1.32,5.47080708839343,7.17155045740369));
#739=CARTESIAN_POINT('',(1.32,5.421170583689,7.1540928964992));
#740=CARTESIAN_POINT('',(1.32,5.3232962944709,7.11777318683245));
#741=CARTESIAN_POINT('',(1.32,5.27496790224209,7.09899616124153));
#742=CARTESIAN_POINT('',(1.32,5.17977742583576,7.06003911264031));
#743=CARTESIAN_POINT('',(1.32,5.13281427714717,7.03995051031328));
#744=CARTESIAN_POINT('',(1.32,5.04043093334247,6.99836594026577));
#745=CARTESIAN_POINT('',(1.32,4.99489643362511,6.97696950259165));
#746=CARTESIAN_POINT('',(1.32,4.90545964574852,6.93275662439233));
#747=CARTESIAN_POINT('',(1.32,4.86142574648198,6.91005046955648));
#748=CARTESIAN_POINT('',(1.32,4.77509752203945,6.8631936461968));
#749=CARTESIAN_POINT('',(1.32,4.73264802454811,6.83916808845323));
#750=CARTESIAN_POINT('',(1.32,4.64962322347094,6.78963014758865));
#751=CARTESIAN_POINT('',(1.32,4.60885887013528,6.76426442543902));
#752=CARTESIAN_POINT('',(1.32,4.52938265125497,6.71197533849128));
#753=CARTESIAN_POINT('',(1.32,4.49042911803221,6.68523242563266));
#754=CARTESIAN_POINT('',(1.32,4.41482957377097,6.63006813176727));
#755=CARTESIAN_POINT('',(1.32,4.37784973353818,6.60188692367419));
#756=CARTESIAN_POINT('',(1.32,4.30660906062469,6.54362325209551));
#757=CARTESIAN_POINT('',(1.32,4.27181216728653,6.5139135544633));
#758=CARTESIAN_POINT('',(1.32,4.20577231885285,6.45209308401691));
#759=CARTESIAN_POINT('',(1.32,4.17416680948056,6.42023898889868));
#760=CARTESIAN_POINT('',(1.32,4.14369239972966,6.38717582006683));
#761=ORIENTED_EDGE('',*,*,#2377,.F.);
#762=ORIENTED_EDGE('',*,*,#2386,.F.);
#763=ORIENTED_EDGE('',*,*,#2289,.T.);
#764=ORIENTED_EDGE('',*,*,#2385,.T.);
#765=CARTESIAN_POINT('',(1.32,4.14369239972966,6.38717582006683));
#766=CARTESIAN_POINT('',(1.32,4.10982114275608,6.27980465424058));
#767=CARTESIAN_POINT('',(1.32,4.06996733884726,6.17507358631183));
#768=CARTESIAN_POINT('',(1.32,3.98834488304038,5.99327648562175));
#769=CARTESIAN_POINT('',(1.32,3.94923519306867,5.9145434456526));
#770=CARTESIAN_POINT('',(1.32,3.87067499201299,5.77724943085055));
#771=CARTESIAN_POINT('',(1.32,3.83307770783598,5.7168356263142));
#772=CARTESIAN_POINT('',(1.32,3.75869047284082,5.61029712224085));
#773=CARTESIAN_POINT('',(1.32,3.72298206417714,5.56282542551415));
#774=CARTESIAN_POINT('',(1.32,3.65278918098435,5.47835162077661));
#775=CARTESIAN_POINT('',(1.32,3.61894680821507,5.44034519390239));
#776=CARTESIAN_POINT('',(1.32,3.55258089016181,5.37224114025879));
#777=CARTESIAN_POINT('',(1.32,3.52043751788071,5.34137824165134));
#778=CARTESIAN_POINT('',(1.32,3.45742679507582,5.28579580009515));
#779=CARTESIAN_POINT('',(1.32,3.42677765887635,5.26048236759226));
#780=CARTESIAN_POINT('',(1.32,3.36665960962901,5.21475168689759));
#781=CARTESIAN_POINT('',(1.32,3.3373057741534,5.19386653792815));
#782=CARTESIAN_POINT('',(1.32,3.27966871057359,5.15609236516957));
#783=CARTESIAN_POINT('',(1.32,3.25143334456503,5.13883018731151));
#784=CARTESIAN_POINT('',(1.32,3.1959274635436,5.10764000159593));
#785=CARTESIAN_POINT('',(1.32,3.16866022062091,5.09341160372435));
#786=CARTESIAN_POINT('',(1.32,3.11499609710529,5.06779384029923));
#787=CARTESIAN_POINT('',(1.32,3.08857254815456,5.0561610467861));
#788=CARTESIAN_POINT('',(1.32,3.03651497990053,5.03535854361848));
#789=CARTESIAN_POINT('',(1.32,3.01083406645972,5.02599079403486));
#790=CARTESIAN_POINT('',(1.32,2.96019468031366,5.00942898215004));
#791=CARTESIAN_POINT('',(1.32,2.93517565753694,5.00207367472409));
#792=CARTESIAN_POINT('',(1.32,2.88580576160997,4.98931117345187));
#793=CARTESIAN_POINT('',(1.32,2.86138522173645,4.98377302993337));
#794=CARTESIAN_POINT('',(1.32,2.81316940537651,4.97446709110742));
#795=CARTESIAN_POINT('',(1.32,2.78929853627855,4.97059367812182));
#796=CARTESIAN_POINT('',(1.32,2.74214917081929,4.96447560807494));
#797=CARTESIAN_POINT('',(1.32,2.71879143899098,4.96214683315396));
#798=CARTESIAN_POINT('',(1.32,2.67264406428964,4.95900428635751));
#799=CARTESIAN_POINT('',(1.32,2.64977321232989,4.95812490900029));
#800=CARTESIAN_POINT('',(1.32,2.60458267507275,4.95778898745924));
#801=CARTESIAN_POINT('',(1.32,2.58218105269244,4.95828300457835));
#802=CARTESIAN_POINT('',(1.32,2.53791832768371,4.96061879771393));
#803=CARTESIAN_POINT('',(1.32,2.51597551760596,4.96242545301818));
#804=CARTESIAN_POINT('',(1.32,2.47262507538985,4.96732505718811));
#805=CARTESIAN_POINT('',(1.32,2.45113672517723,4.97039574855871));
#806=CARTESIAN_POINT('',(1.32,2.40869436583948,4.97777312815582));
#807=CARTESIAN_POINT('',(1.32,2.38766125742821,4.98206926657657));
#808=CARTESIAN_POINT('',(1.32,2.3461323428304,4.99185652485997));
#809=CARTESIAN_POINT('',(1.32,2.32555960490407,4.99734790836489));
#810=CARTESIAN_POINT('',(1.32,2.2849576270689,5.00949262317145));
#811=CARTESIAN_POINT('',(1.32,2.26485412682747,5.01615633460832));
#812=CARTESIAN_POINT('',(1.32,2.22519958999863,5.03061977080173));
#813=CARTESIAN_POINT('',(1.32,2.20561182470606,5.0384263828725));
#814=CARTESIAN_POINT('',(1.32,2.18623722205849,5.04681749623686));
#815=ORIENTED_EDGE('',*,*,#2376,.F.);
#816=ORIENTED_EDGE('',*,*,#2387,.F.);
#817=ORIENTED_EDGE('',*,*,#2290,.T.);
#818=ORIENTED_EDGE('',*,*,#2386,.T.);
#819=ORIENTED_EDGE('',*,*,#2375,.F.);
#820=ORIENTED_EDGE('',*,*,#2388,.F.);
#821=ORIENTED_EDGE('',*,*,#2291,.T.);
#822=ORIENTED_EDGE('',*,*,#2387,.T.);
#823=CARTESIAN_POINT('',(1.32,2.02273570704544,5.1145420341343));
#824=CARTESIAN_POINT('',(1.32,2.00310238201105,5.12230853757597));
#825=CARTESIAN_POINT('',(1.32,1.98373163250367,5.13063907334519));
#826=CARTESIAN_POINT('',(1.32,1.94546444763478,5.14845187335621));
#827=CARTESIAN_POINT('',(1.32,1.92653717028889,5.15795523691244));
#828=CARTESIAN_POINT('',(1.32,1.88923962884314,5.17807755928707));
#829=CARTESIAN_POINT('',(1.32,1.87080951417557,5.18874168669681));
#830=CARTESIAN_POINT('',(1.32,1.83452349950656,5.21118642893165));
#831=CARTESIAN_POINT('',(1.32,1.81661301488354,5.22302125751619));
#832=CARTESIAN_POINT('',(1.32,1.78138513758447,5.24781594482428));
#833=CARTESIAN_POINT('',(1.32,1.76401927238138,5.26083919414514));
#834=CARTESIAN_POINT('',(1.32,1.72990133895241,5.28802804300362));
#835=CARTESIAN_POINT('',(1.32,1.71310793484388,5.30226645928175));
#836=CARTESIAN_POINT('',(1.32,1.6801578059754,5.33191327347924));
#837=CARTESIAN_POINT('',(1.32,1.66396813717105,5.34740427922272));
#838=CARTESIAN_POINT('',(1.32,1.63225113186505,5.37959634527017));
#839=CARTESIAN_POINT('',(1.32,1.61670081491106,5.39639030134708));
#840=CARTESIAN_POINT('',(1.32,1.58629180894419,5.43124354265147));
#841=CARTESIAN_POINT('',(1.32,1.57142208800108,5.44940664325062));
#842=CARTESIAN_POINT('',(1.32,1.54240858287091,5.48707240692848));
#843=CARTESIAN_POINT('',(1.32,1.5282682515234,5.50669057824438));
#844=CARTESIAN_POINT('',(1.32,1.5007548134549,5.54736459954855));
#845=CARTESIAN_POINT('',(1.32,1.48740293549752,5.56854858348031));
#846=CARTESIAN_POINT('',(1.32,1.46151760001906,5.61248282382686));
#847=CARTESIAN_POINT('',(1.32,1.44902747763572,5.635374938022));
#848=CARTESIAN_POINT('',(1.32,1.42493099663768,5.68289336199794));
#849=CARTESIAN_POINT('',(1.32,1.41339584284319,5.70767650618259));
#850=CARTESIAN_POINT('',(1.32,1.39129517123943,5.75919635378122));
#851=CARTESIAN_POINT('',(1.32,1.38083652480187,5.78610624948025));
#852=CARTESIAN_POINT('',(1.32,1.36100475206768,5.84216701124643));
#853=CARTESIAN_POINT('',(1.32,1.35178490053386,5.87150886512324));
#854=CARTESIAN_POINT('',(1.32,1.33459110659073,5.93281224512775));
#855=CARTESIAN_POINT('',(1.32,1.32683188522664,5.9649838654707));
#856=CARTESIAN_POINT('',(1.32,1.31278669993013,6.03244979475888));
#857=CARTESIAN_POINT('',(1.32,1.30679843735524,6.06797411937723));
#858=CARTESIAN_POINT('',(1.32,1.29662503467211,6.14282047401895));
#859=CARTESIAN_POINT('',(1.32,1.29285212673476,6.1823919882825));
#860=CARTESIAN_POINT('',(1.32,1.28759953942313,6.26625001916886));
#861=CARTESIAN_POINT('',(1.32,1.28669410217403,6.31080217819631));
#862=CARTESIAN_POINT('',(1.32,1.287923147559,6.40588680630349));
#863=CARTESIAN_POINT('',(1.32,1.29086758137205,6.45669158114432));
#864=CARTESIAN_POINT('',(1.32,1.30096571731554,6.56605744349948));
#865=CARTESIAN_POINT('',(1.32,1.3092836142031,6.62487465746723));
#866=CARTESIAN_POINT('',(1.32,1.33201799332677,6.7528084726796));
#867=CARTESIAN_POINT('',(1.32,1.34815171305963,6.8221127787071));
#868=CARTESIAN_POINT('',(1.32,1.38968279315244,6.97474476210139));
#869=CARTESIAN_POINT('',(1.32,1.41770073225377,7.05807215851158));
#870=CARTESIAN_POINT('',(1.32,1.48853490341867,7.24433791445522));
#871=CARTESIAN_POINT('',(1.32,1.53441005626649,7.34657485648919));
#872=CARTESIAN_POINT('',(1.32,1.58638233976159,7.44644833014391));
#873=ORIENTED_EDGE('',*,*,#2389,.F.);
#874=ORIENTED_EDGE('',*,*,#2292,.T.);
#875=ORIENTED_EDGE('',*,*,#2388,.T.);
#876=ORIENTED_EDGE('',*,*,#2374,.F.);
#877=CARTESIAN_POINT('',(1.32,1.58638233976159,7.44644833014391));
#878=CARTESIAN_POINT('',(1.32,1.58821286533764,7.4913761819385));
#879=CARTESIAN_POINT('',(1.32,1.58838864029833,7.53624889778691));
#880=CARTESIAN_POINT('',(1.32,1.58540508967895,7.62665979660991));
#881=CARTESIAN_POINT('',(1.32,1.58180790460533,7.67227284588958));
#882=CARTESIAN_POINT('',(1.32,1.5726317789145,7.76384624516061));
#883=CARTESIAN_POINT('',(1.32,1.56641020100883,7.80992206181318));
#884=CARTESIAN_POINT('',(1.32,1.55196029638828,7.90238605929665));
#885=CARTESIAN_POINT('',(1.32,1.54332608844361,7.94884046524066));
#886=CARTESIAN_POINT('',(1.32,1.52410188260934,8.04201260755863));
#887=CARTESIAN_POINT('',(1.32,1.51321340084015,8.0887736297494));
#888=CARTESIAN_POINT('',(1.32,1.48953461601108,8.18250964231998));
#889=CARTESIAN_POINT('',(1.32,1.47650692896344,8.22951460600454));
#890=CARTESIAN_POINT('',(1.32,1.44859643649329,8.32369065869302));
#891=CARTESIAN_POINT('',(1.32,1.43351544309667,8.37088300494354));
#892=CARTESIAN_POINT('',(1.32,1.40153731091971,8.46538759102716));
#893=CARTESIAN_POINT('',(1.32,1.38446912519742,8.512714910296));
#894=CARTESIAN_POINT('',(1.32,1.34854896721639,8.60744453084321));
#895=CARTESIAN_POINT('',(1.32,1.32954579096644,8.65485727932943));
#896=CARTESIAN_POINT('',(1.32,1.28978275127095,8.74971390086699));
#897=CARTESIAN_POINT('',(1.32,1.26888677747892,8.79716459190125));
#898=CARTESIAN_POINT('',(1.32,1.22536111938111,8.89205407766855));
#899=CARTESIAN_POINT('',(1.32,1.2026071766457,8.93949675156335));
#900=CARTESIAN_POINT('',(1.32,1.15538533645954,9.03432779426693));
#901=CARTESIAN_POINT('',(1.32,1.13080271354922,9.08171759110219));
#902=CARTESIAN_POINT('',(1.32,1.0799408276075,9.17640100637237));
#903=CARTESIAN_POINT('',(1.32,1.05355466794879,9.2236939623641));
#904=CARTESIAN_POINT('',(1.32,0.999101098710725,9.3181421893041));
#905=CARTESIAN_POINT('',(1.32,0.970933338691272,9.36529498265585));
#906=CARTESIAN_POINT('',(1.32,0.912930528972825,9.45942172040439));
#907=CARTESIAN_POINT('',(1.32,0.883000672096024,9.50639157888307));
#908=CARTESIAN_POINT('',(1.32,0.821486568469343,9.60011152801558));
#909=CARTESIAN_POINT('',(1.32,0.789812278302017,9.64685609360078));
#910=CARTESIAN_POINT('',(1.32,0.724821412620893,9.74008475156375));
#911=CARTESIAN_POINT('',(1.32,0.691418924374665,9.78656200924789));
#912=CARTESIAN_POINT('',(1.32,0.622983262919614,9.87921554651659));
#913=CARTESIAN_POINT('',(1.32,0.58786779819736,9.92538379043218));
#914=CARTESIAN_POINT('',(1.32,0.516017429629825,10.0173789256408));
#915=CARTESIAN_POINT('',(1.32,0.479203437883299,10.0631966701603));
#916=CARTESIAN_POINT('',(1.32,0.403967109569384,10.1544505969208));
#917=CARTESIAN_POINT('',(1.32,0.365498339283109,10.1998754641704));
#918=CARTESIAN_POINT('',(1.32,0.326424029780456,10.2448009943336));
#919=ORIENTED_EDGE('',*,*,#2373,.F.);
#920=ORIENTED_EDGE('',*,*,#2390,.F.);
#921=ORIENTED_EDGE('',*,*,#2293,.T.);
#922=ORIENTED_EDGE('',*,*,#2389,.T.);
#923=ORIENTED_EDGE('',*,*,#2372,.F.);
#924=ORIENTED_EDGE('',*,*,#2391,.F.);
#925=ORIENTED_EDGE('',*,*,#2294,.T.);
#926=ORIENTED_EDGE('',*,*,#2390,.T.);
#927=CARTESIAN_POINT('',(1.32,-0.32642403,10.24480099));
#928=CARTESIAN_POINT('',(1.32,-0.365498339695645,10.1998754608068));
#929=CARTESIAN_POINT('',(1.32,-0.403967109695645,10.1544505941401));
#930=CARTESIAN_POINT('',(1.32,-0.479203437283446,10.0631966668042));
#931=CARTESIAN_POINT('',(1.32,-0.51601742645371,10.0173789194599));
#932=CARTESIAN_POINT('',(1.32,-0.587867796186043,9.92538378593563));
#933=CARTESIAN_POINT('',(1.32,-0.622983266504402,9.87921554786729));
#934=CARTESIAN_POINT('',(1.32,-0.691418926569755,9.78656201270663));
#935=CARTESIAN_POINT('',(1.32,-0.724821406572391,9.7400847505452));
#936=CARTESIAN_POINT('',(1.32,-0.789812273944476,9.64685609307434));
#937=CARTESIAN_POINT('',(1.32,-0.821486574072862,9.60011153229687));
#938=CARTESIAN_POINT('',(1.32,-0.883000678790255,9.50639158595346));
#939=CARTESIAN_POINT('',(1.32,-0.91293052940457,9.45942172727912));
#940=CARTESIAN_POINT('',(1.32,-0.970933337873914,9.36529498760676));
#941=CARTESIAN_POINT('',(1.32,-0.999101100585266,9.31814219094126));
#942=CARTESIAN_POINT('',(1.32,-1.05355466891052,9.22369396176249));
#943=CARTESIAN_POINT('',(1.32,-1.07994082589376,9.17640100738435));
#944=CARTESIAN_POINT('',(1.32,-1.13080270844014,9.08171759211872));
#945=CARTESIAN_POINT('',(1.32,-1.15538532786428,9.03432779229323));
#946=CARTESIAN_POINT('',(1.32,-1.2026071692852,8.93949675081806));
#947=CARTESIAN_POINT('',(1.32,-1.22536111865757,8.89205408204863));
#948=CARTESIAN_POINT('',(1.32,-1.26888677927141,8.7971645954426));
#949=CARTESIAN_POINT('',(1.32,-1.28978275101439,8.74971389944791));
#950=CARTESIAN_POINT('',(1.32,-1.32954578914475,8.65485727483568));
#951=CARTESIAN_POINT('',(1.32,-1.34854896311833,8.60744452700211));
#952=CARTESIAN_POINT('',(1.32,-1.38446912051799,8.51271490665579));
#953=CARTESIAN_POINT('',(1.32,-1.40153730787347,8.4653875869551));
#954=CARTESIAN_POINT('',(1.32,-1.43351544107804,8.37088300176951));
#955=CARTESIAN_POINT('',(1.32,-1.44859643379239,8.32369065693695));
#956=CARTESIAN_POINT('',(1.32,-1.47650692916101,8.22951460648336));
#957=CARTESIAN_POINT('',(1.32,-1.48953462189283,8.18250964414701));
#958=CARTESIAN_POINT('',(1.32,-1.5132134078298,8.08877363038731));
#959=CARTESIAN_POINT('',(1.32,-1.52410188436243,8.04201260557129));
#960=CARTESIAN_POINT('',(1.32,-1.54332608971297,7.94884046429515));
#961=CARTESIAN_POINT('',(1.32,-1.55196030217495,7.90238606177115));
#962=CARTESIAN_POINT('',(1.32,-1.56641020630509,7.80992206509783));
#963=CARTESIAN_POINT('',(1.32,-1.57263177875625,7.76384624595738));
#964=CARTESIAN_POINT('',(1.32,-1.58180790439956,7.67227284577386));
#965=CARTESIAN_POINT('',(1.32,-1.58540509498045,7.62665979786747));
#966=CARTESIAN_POINT('',(1.32,-1.58838864576767,7.5362488993427));
#967=CARTESIAN_POINT('',(1.32,-1.588212869101,7.49137618267604));
#968=CARTESIAN_POINT('',(1.32,-1.58638234,7.44644833));
#969=ORIENTED_EDGE('',*,*,#2371,.F.);
#970=ORIENTED_EDGE('',*,*,#2392,.F.);
#971=ORIENTED_EDGE('',*,*,#2295,.T.);
#972=ORIENTED_EDGE('',*,*,#2391,.T.);
#973=CARTESIAN_POINT('',(1.32,-1.58638234,7.44644833));
#974=CARTESIAN_POINT('',(1.32,-1.53441005603369,7.34657485504703));
#975=CARTESIAN_POINT('',(1.32,-1.48853490270036,7.24433791171369));
#976=CARTESIAN_POINT('',(1.32,-1.4177007320005,7.05807215701754));
#977=CARTESIAN_POINT('',(1.32,-1.38968279252399,6.97474476356282));
#978=CARTESIAN_POINT('',(1.32,-1.34815171453898,6.82211278378212));
#979=CARTESIAN_POINT('',(1.32,-1.3320179982698,6.75280847832142));
#980=CARTESIAN_POINT('',(1.32,-1.30928361788086,6.62487466133489));
#981=CARTESIAN_POINT('',(1.32,-1.30096571712245,6.56605744475354));
#982=CARTESIAN_POINT('',(1.32,-1.29086758065657,6.45669158089435));
#983=CARTESIAN_POINT('',(1.32,-1.28792314976173,6.40588680744632));
#984=CARTESIAN_POINT('',(1.32,-1.28669410229919,6.3108021785935));
#985=CARTESIAN_POINT('',(1.32,-1.28759953391695,6.26625001719093));
#986=CARTESIAN_POINT('',(1.32,-1.29285212196047,6.18239198646883));
#987=CARTESIAN_POINT('',(1.32,-1.29662503422672,6.14282047464678));
#988=CARTESIAN_POINT('',(1.32,-1.30679844009375,6.0679741199248));
#989=CARTESIAN_POINT('',(1.32,-1.31278670575,6.03244979334378));
#990=CARTESIAN_POINT('',(1.32,-1.32683189054366,5.96498386112751));
#991=CARTESIAN_POINT('',(1.32,-1.33459110629612,5.93281223933209));
#992=CARTESIAN_POINT('',(1.32,-1.35178489933615,5.87150886264016));
#993=CARTESIAN_POINT('',(1.32,-1.36100475509063,5.84216701364484));
#994=CARTESIAN_POINT('',(1.32,-1.38083652649822,5.78610625376378));
#995=CARTESIAN_POINT('',(1.32,-1.39129516996702,5.75919635594043));
#996=CARTESIAN_POINT('',(1.32,-1.41339583843605,5.70767650536044));
#997=CARTESIAN_POINT('',(1.32,-1.42493098722207,5.68289335806435));
#998=CARTESIAN_POINT('',(1.32,-1.44902747106859,5.63537493523285));
#999=CARTESIAN_POINT('',(1.32,-1.46151760397406,5.61248282681017));
#1000=CARTESIAN_POINT('',(1.32,-1.48740294097601,5.56854858741924));
#1001=CARTESIAN_POINT('',(1.32,-1.50075481148369,5.54736459923733));
#1002=CARTESIAN_POINT('',(1.32,-1.52826824974312,5.50669057607963));
#1003=CARTESIAN_POINT('',(1.32,-1.54240858656665,5.48707240607919));
#1004=CARTESIAN_POINT('',(1.32,-1.57142209379361,5.44940664121639));
#1005=CARTESIAN_POINT('',(1.32,-1.58629181182406,5.43124353810897));
#1006=CARTESIAN_POINT('',(1.32,-1.61670081725937,5.39639030037373));
#1007=CARTESIAN_POINT('',(1.32,-1.63225113807911,5.37959635216897));
#1008=CARTESIAN_POINT('',(1.32,-1.66396814101947,5.34740428442936));
#1009=CARTESIAN_POINT('',(1.32,-1.68015780296912,5.3319132681896));
#1010=CARTESIAN_POINT('',(1.32,-1.7131079311422,5.30226645034775));
#1011=CARTESIAN_POINT('',(1.32,-1.72990133916337,5.28802803876039));
#1012=CARTESIAN_POINT('',(1.32,-1.76401927415551,5.26083919043563));
#1013=CARTESIAN_POINT('',(1.32,-1.78138513899844,5.24781593897485));
#1014=CARTESIAN_POINT('',(1.32,-1.81661301423623,5.22302125401808));
#1015=CARTESIAN_POINT('',(1.32,-1.8345234964335,5.21118642904127));
#1016=CARTESIAN_POINT('',(1.32,-1.87080951026234,5.18874168861525));
#1017=CARTESIAN_POINT('',(1.32,-1.88923962727205,5.1780775606344));
#1018=CARTESIAN_POINT('',(1.32,-1.92653717132418,5.15795523697285));
#1019=CARTESIAN_POINT('',(1.32,-1.94546444821536,5.14845187117144));
#1020=CARTESIAN_POINT('',(1.32,-1.98373163392347,5.13063907308657));
#1021=CARTESIAN_POINT('',(1.32,-2.00310238392347,5.12230853975324));
#1022=CARTESIAN_POINT('',(1.32,-2.02273571,5.11454204));
#1023=ORIENTED_EDGE('',*,*,#2370,.F.);
#1024=ORIENTED_EDGE('',*,*,#2393,.F.);
#1025=ORIENTED_EDGE('',*,*,#2296,.T.);
#1026=ORIENTED_EDGE('',*,*,#2392,.T.);
#1027=ORIENTED_EDGE('',*,*,#2369,.F.);
#1028=ORIENTED_EDGE('',*,*,#2394,.F.);
#1029=ORIENTED_EDGE('',*,*,#2297,.T.);
#1030=ORIENTED_EDGE('',*,*,#2393,.T.);
#1031=CARTESIAN_POINT('',(1.32,-2.18623722,5.04681749));
#1032=CARTESIAN_POINT('',(1.32,-2.20561182451878,5.03842637998066));
#1033=CARTESIAN_POINT('',(1.32,-2.22519959118544,5.03061976998066));
#1034=CARTESIAN_POINT('',(1.32,-2.26485412878287,5.01615633574265));
#1035=CARTESIAN_POINT('',(1.32,-2.28495762775823,5.00949262239667));
#1036=CARTESIAN_POINT('',(1.32,-2.32555960284044,4.99734790852311));
#1037=CARTESIAN_POINT('',(1.32,-2.34613233870678,4.9918565262705));
#1038=CARTESIAN_POINT('',(1.32,-2.38766125517772,4.98206926867204));
#1039=CARTESIAN_POINT('',(1.32,-2.4086943678553,4.97777313108708));
#1040=CARTESIAN_POINT('',(1.32,-2.45113673031323,4.97039575169505));
#1041=CARTESIAN_POINT('',(1.32,-2.47262507926737,4.96732505855663));
#1042=CARTESIAN_POINT('',(1.32,-2.51597552075555,4.96242545586942));
#1043=CARTESIAN_POINT('',(1.32,-2.53791833138352,4.9606188066487));
#1044=CARTESIAN_POINT('',(1.32,-2.58218105430702,4.95828301044445));
#1045=CARTESIAN_POINT('',(1.32,-2.60458267411235,4.95778898105634));
#1046=CARTESIAN_POINT('',(1.32,-2.64977321184571,4.9581248997281));
#1047=CARTESIAN_POINT('',(1.32,-2.6726440666384,4.95900428538526));
#1048=CARTESIAN_POINT('',(1.32,-2.71879144423939,4.96214683432962));
#1049=CARTESIAN_POINT('',(1.32,-2.74214917635365,4.96447560541742));
#1050=CARTESIAN_POINT('',(1.32,-2.78929853949237,4.97059367610908));
#1051=CARTESIAN_POINT('',(1.32,-2.81316940564836,4.97446709389698));
#1052=CARTESIAN_POINT('',(1.32,-2.86138522056266,4.98377303154728));
#1053=CARTESIAN_POINT('',(1.32,-2.8858057626986,4.98931116679274));
#1054=CARTESIAN_POINT('',(1.32,-2.93517565822403,5.00207366981796));
#1055=CARTESIAN_POINT('',(1.32,-2.96019467764222,5.00942898876593));
#1056=CARTESIAN_POINT('',(1.32,-3.01083406258335,5.02599080347417));
#1057=CARTESIAN_POINT('',(1.32,-3.03651497736556,5.03535854731615));
#1058=CARTESIAN_POINT('',(1.32,-3.08857254572804,5.05616104615904));
#1059=CARTESIAN_POINT('',(1.32,-3.11499609527587,5.06779383607081));
#1060=CARTESIAN_POINT('',(1.32,-3.16866022106253,5.09341159989087));
#1061=CARTESIAN_POINT('',(1.32,-3.1959274644525,5.10764000419865));
#1062=CARTESIAN_POINT('',(1.32,-3.25143334845485,5.13883019161798));
#1063=CARTESIAN_POINT('',(1.32,-3.27966871740439,5.15609236448096));
#1064=CARTESIAN_POINT('',(1.32,-3.3373057792693,5.1938665348135));
#1065=CARTESIAN_POINT('',(1.32,-3.36665961117823,5.21475168457398));
#1066=CARTESIAN_POINT('',(1.32,-3.42677765811747,5.26048236746326));
#1067=CARTESIAN_POINT('',(1.32,-3.45742679298234,5.28579580475354));
#1068=CARTESIAN_POINT('',(1.32,-3.52043751538586,5.34137824694341));
#1069=CARTESIAN_POINT('',(1.32,-3.55258088996946,5.37224113988944));
#1070=CARTESIAN_POINT('',(1.32,-3.61894680896454,5.44034519153673));
#1071=CARTESIAN_POINT('',(1.32,-3.65278918065518,5.47835162145929));
#1072=CARTESIAN_POINT('',(1.32,-3.72298206315385,5.56282542476393));
#1073=CARTESIAN_POINT('',(1.32,-3.75869047270654,5.61029711690543));
#1074=CARTESIAN_POINT('',(1.32,-3.83307770734186,5.71683561882958));
#1075=CARTESIAN_POINT('',(1.32,-3.87067498947047,5.77724942621592));
#1076=CARTESIAN_POINT('',(1.32,-3.9492351915909,5.9145434450636));
#1077=CARTESIAN_POINT('',(1.32,-3.98834488391773,5.99327648685729));
#1078=CARTESIAN_POINT('',(1.32,-4.06996734027789,6.1750735887583));
#1079=CARTESIAN_POINT('',(1.32,-4.10982114361122,6.27980465542496));
#1080=CARTESIAN_POINT('',(1.32,-4.1436924,6.38717582));
#1081=ORIENTED_EDGE('',*,*,#2395,.F.);
#1082=ORIENTED_EDGE('',*,*,#2298,.T.);
#1083=ORIENTED_EDGE('',*,*,#2394,.T.);
#1084=ORIENTED_EDGE('',*,*,#2368,.F.);
#1085=CARTESIAN_POINT('',(1.32,-4.1436924,6.38717582));
#1086=CARTESIAN_POINT('',(1.32,-4.17416681162013,6.42023898571606));
#1087=CARTESIAN_POINT('',(1.32,-4.20577232162013,6.4520930790494));
#1088=CARTESIAN_POINT('',(1.32,-4.27181217014603,6.51391354982533));
#1089=CARTESIAN_POINT('',(1.32,-4.30660906056102,6.54362325232285));
#1090=CARTESIAN_POINT('',(1.32,-4.37784973286288,6.60188692322269));
#1091=CARTESIAN_POINT('',(1.32,-4.41482957519339,6.63006812569964));
#1092=CARTESIAN_POINT('',(1.32,-4.49042912037427,6.68523241979113));
#1093=CARTESIAN_POINT('',(1.32,-4.52938265282111,6.71197533826228));
#1094=CARTESIAN_POINT('',(1.32,-4.60885887278017,6.76426442560466));
#1095=CARTESIAN_POINT('',(1.32,-4.6496232279623,6.78963014219515));
#1096=CARTESIAN_POINT('',(1.32,-4.73264802741523,6.8391680830023));
#1097=CARTESIAN_POINT('',(1.32,-4.77509752184058,6.86319364571852));
#1098=CARTESIAN_POINT('',(1.32,-4.86142574581388,6.91005047270803));
#1099=CARTESIAN_POINT('',(1.32,-4.90545964656551,6.93275662806409));
#1100=CARTESIAN_POINT('',(1.32,-4.99489643435048,6.97696950762504));
#1101=CARTESIAN_POINT('',(1.32,-5.04043093260763,6.99836594614863));
#1102=CARTESIAN_POINT('',(1.32,-5.13281427696547,7.03995051592712));
#1103=CARTESIAN_POINT('',(1.32,-5.17977742772519,7.060039117106));
#1104=CARTESIAN_POINT('',(1.32,-5.27496790306412,7.09899616242638));
#1105=CARTESIAN_POINT('',(1.32,-5.32329629323427,7.11777318306084));
#1106=CARTESIAN_POINT('',(1.32,-5.4211705800802,7.15409289391364));
#1107=CARTESIAN_POINT('',(1.32,-5.47080708371577,7.17155046313534));
#1108=CARTESIAN_POINT('',(1.32,-5.57125364049421,7.2052152530823));
#1109=CARTESIAN_POINT('',(1.32,-5.62214582655471,7.22134236042432));
#1110=CARTESIAN_POINT('',(1.32,-5.72506189601149,7.25232886097444));
#1111=CARTESIAN_POINT('',(1.32,-5.77716089831974,7.2671121984344));
#1112=CARTESIAN_POINT('',(1.32,-5.88245036812811,7.29539269210668));
#1113=CARTESIAN_POINT('',(1.32,-5.93571004217961,7.30881713791699));
#1114=CARTESIAN_POINT('',(1.32,-6.04328187681235,7.33436061239017));
#1115=CARTESIAN_POINT('',(1.32,-6.09765818701153,7.34640971307429));
#1116=CARTESIAN_POINT('',(1.32,-6.20742523838863,7.36918268482531));
#1117=CARTESIAN_POINT('',(1.32,-6.26287574306413,7.37983897876763));
#1118=CARTESIAN_POINT('',(1.32,-6.37475384114897,7.39980611317586));
#1119=CARTESIAN_POINT('',(1.32,-6.43123735117579,7.40905137130786));
#1120=CARTESIAN_POINT('',(1.32,-6.54514461596926,7.42617599552162));
#1121=CARTESIAN_POINT('',(1.32,-6.60262087754707,7.43399149064019));
#1122=CARTESIAN_POINT('',(1.32,-6.71847714433412,7.44823599173752));
#1123=CARTESIAN_POINT('',(1.32,-6.77690660538904,7.45460260637942));
#1124=CARTESIAN_POINT('',(1.32,-6.89463299375365,7.46592875885933));
#1125=CARTESIAN_POINT('',(1.32,-6.95395475375365,7.47084746219267));
#1126=CARTESIAN_POINT('',(1.32,-7.01335161,7.4749849));
#1127=ORIENTED_EDGE('',*,*,#2396,.F.);
#1128=ORIENTED_EDGE('',*,*,#2299,.T.);
#1129=ORIENTED_EDGE('',*,*,#2395,.T.);
#1130=ORIENTED_EDGE('',*,*,#2367,.F.);
#1131=ORIENTED_EDGE('',*,*,#2366,.F.);
#1132=ORIENTED_EDGE('',*,*,#2397,.F.);
#1133=ORIENTED_EDGE('',*,*,#2300,.T.);
#1134=ORIENTED_EDGE('',*,*,#2396,.T.);
#1135=CARTESIAN_POINT('',(1.32,-7.4749848970909,7.01335160678041));
#1136=CARTESIAN_POINT('',(1.32,-7.47084746010597,6.95395475108354));
#1137=CARTESIAN_POINT('',(1.32,-7.46592875698238,6.89463299169814));
#1138=CARTESIAN_POINT('',(1.32,-7.45460260358215,6.7769066034401));
#1139=CARTESIAN_POINT('',(1.32,-7.44823598512113,6.71847714220943));
#1140=CARTESIAN_POINT('',(1.32,-7.43399148603843,6.60262087578975));
#1141=CARTESIAN_POINT('',(1.32,-7.42617599901154,6.54514461438953));
#1142=CARTESIAN_POINT('',(1.32,-7.40905137530572,6.43123735206933));
#1143=CARTESIAN_POINT('',(1.32,-7.3998061081787,6.37475384470568));
#1144=CARTESIAN_POINT('',(1.32,-7.37983897531414,6.26287574577312));
#1145=CARTESIAN_POINT('',(1.32,-7.36918269181492,6.20742523745367));
#1146=CARTESIAN_POINT('',(1.32,-7.34640972280734,6.09765818727752));
#1147=CARTESIAN_POINT('',(1.32,-7.33436061755663,6.04328188136823));
#1148=CARTESIAN_POINT('',(1.32,-7.30881714083986,5.93571004625839));
#1149=CARTESIAN_POINT('',(1.32,-7.29539269458982,5.88245036796025));
#1150=CARTESIAN_POINT('',(1.32,-7.26711219868905,5.7771608972143));
#1151=CARTESIAN_POINT('',(1.32,-7.25232886047822,5.72506189793886));
#1152=CARTESIAN_POINT('',(1.32,-7.22134235753045,5.62214583088618));
#1153=CARTESIAN_POINT('',(1.32,-7.20521524560891,5.57125364517636));
#1154=CARTESIAN_POINT('',(1.32,-7.17155045740369,5.47080708839343));
#1155=CARTESIAN_POINT('',(1.32,-7.1540928964992,5.421170583689));
#1156=CARTESIAN_POINT('',(1.32,-7.11777318683245,5.3232962944709));
#1157=CARTESIAN_POINT('',(1.32,-7.09899616124153,5.27496790224209));
#1158=CARTESIAN_POINT('',(1.32,-7.06003911264031,5.17977742583576));
#1159=CARTESIAN_POINT('',(1.32,-7.03995051031328,5.13281427714717));
#1160=CARTESIAN_POINT('',(1.32,-6.99836594026577,5.04043093334247));
#1161=CARTESIAN_POINT('',(1.32,-6.97696950259165,4.99489643362511));
#1162=CARTESIAN_POINT('',(1.32,-6.93275662439233,4.90545964574852));
#1163=CARTESIAN_POINT('',(1.32,-6.91005046955648,4.86142574648198));
#1164=CARTESIAN_POINT('',(1.32,-6.8631936461968,4.77509752203945));
#1165=CARTESIAN_POINT('',(1.32,-6.83916808845323,4.73264802454811));
#1166=CARTESIAN_POINT('',(1.32,-6.78963014758865,4.64962322347094));
#1167=CARTESIAN_POINT('',(1.32,-6.76426442543902,4.60885887013528));
#1168=CARTESIAN_POINT('',(1.32,-6.71197533849128,4.52938265125497));
#1169=CARTESIAN_POINT('',(1.32,-6.68523242563266,4.49042911803221));
#1170=CARTESIAN_POINT('',(1.32,-6.63006813176727,4.41482957377097));
#1171=CARTESIAN_POINT('',(1.32,-6.60188692367419,4.37784973353818));
#1172=CARTESIAN_POINT('',(1.32,-6.54362325209551,4.30660906062469));
#1173=CARTESIAN_POINT('',(1.32,-6.5139135544633,4.27181216728653));
#1174=CARTESIAN_POINT('',(1.32,-6.45209308401691,4.20577231885285));
#1175=CARTESIAN_POINT('',(1.32,-6.42023898889868,4.17416680948056));
#1176=CARTESIAN_POINT('',(1.32,-6.38717582006683,4.14369239972966));
#1177=ORIENTED_EDGE('',*,*,#2365,.F.);
#1178=ORIENTED_EDGE('',*,*,#2398,.F.);
#1179=ORIENTED_EDGE('',*,*,#2301,.T.);
#1180=ORIENTED_EDGE('',*,*,#2397,.T.);
#1181=CARTESIAN_POINT('',(1.32,-6.38717582006683,4.14369239972966));
#1182=CARTESIAN_POINT('',(1.32,-6.27980465424058,4.10982114275608));
#1183=CARTESIAN_POINT('',(1.32,-6.17507358631183,4.06996733884726));
#1184=CARTESIAN_POINT('',(1.32,-5.99327648562175,3.98834488304038));
#1185=CARTESIAN_POINT('',(1.32,-5.9145434456526,3.94923519306867));
#1186=CARTESIAN_POINT('',(1.32,-5.77724943085055,3.87067499201299));
#1187=CARTESIAN_POINT('',(1.32,-5.7168356263142,3.83307770783598));
#1188=CARTESIAN_POINT('',(1.32,-5.61029712224085,3.75869047284082));
#1189=CARTESIAN_POINT('',(1.32,-5.56282542551415,3.72298206417714));
#1190=CARTESIAN_POINT('',(1.32,-5.47835162077661,3.65278918098435));
#1191=CARTESIAN_POINT('',(1.32,-5.44034519390239,3.61894680821507));
#1192=CARTESIAN_POINT('',(1.32,-5.37224114025879,3.55258089016181));
#1193=CARTESIAN_POINT('',(1.32,-5.34137824165134,3.52043751788071));
#1194=CARTESIAN_POINT('',(1.32,-5.28579580009515,3.45742679507582));
#1195=CARTESIAN_POINT('',(1.32,-5.26048236759226,3.42677765887635));
#1196=CARTESIAN_POINT('',(1.32,-5.21475168689759,3.36665960962901));
#1197=CARTESIAN_POINT('',(1.32,-5.19386653792815,3.3373057741534));
#1198=CARTESIAN_POINT('',(1.32,-5.15609236516957,3.27966871057359));
#1199=CARTESIAN_POINT('',(1.32,-5.13883018731151,3.25143334456503));
#1200=CARTESIAN_POINT('',(1.32,-5.10764000159593,3.1959274635436));
#1201=CARTESIAN_POINT('',(1.32,-5.09341160372435,3.16866022062091));
#1202=CARTESIAN_POINT('',(1.32,-5.06779384029923,3.11499609710529));
#1203=CARTESIAN_POINT('',(1.32,-5.0561610467861,3.08857254815456));
#1204=CARTESIAN_POINT('',(1.32,-5.03535854361848,3.03651497990053));
#1205=CARTESIAN_POINT('',(1.32,-5.02599079403486,3.01083406645972));
#1206=CARTESIAN_POINT('',(1.32,-5.00942898215004,2.96019468031366));
#1207=CARTESIAN_POINT('',(1.32,-5.00207367472409,2.93517565753694));
#1208=CARTESIAN_POINT('',(1.32,-4.98931117345187,2.88580576160997));
#1209=CARTESIAN_POINT('',(1.32,-4.98377302993337,2.86138522173645));
#1210=CARTESIAN_POINT('',(1.32,-4.97446709110742,2.81316940537651));
#1211=CARTESIAN_POINT('',(1.32,-4.97059367812182,2.78929853627855));
#1212=CARTESIAN_POINT('',(1.32,-4.96447560807494,2.74214917081929));
#1213=CARTESIAN_POINT('',(1.32,-4.96214683315396,2.71879143899098));
#1214=CARTESIAN_POINT('',(1.32,-4.95900428635751,2.67264406428964));
#1215=CARTESIAN_POINT('',(1.32,-4.95812490900029,2.64977321232989));
#1216=CARTESIAN_POINT('',(1.32,-4.95778898745924,2.60458267507275));
#1217=CARTESIAN_POINT('',(1.32,-4.95828300457835,2.58218105269244));
#1218=CARTESIAN_POINT('',(1.32,-4.96061879771393,2.53791832768371));
#1219=CARTESIAN_POINT('',(1.32,-4.96242545301818,2.51597551760596));
#1220=CARTESIAN_POINT('',(1.32,-4.96732505718811,2.47262507538985));
#1221=CARTESIAN_POINT('',(1.32,-4.97039574855871,2.45113672517723));
#1222=CARTESIAN_POINT('',(1.32,-4.97777312815582,2.40869436583948));
#1223=CARTESIAN_POINT('',(1.32,-4.98206926657657,2.38766125742821));
#1224=CARTESIAN_POINT('',(1.32,-4.99185652485997,2.3461323428304));
#1225=CARTESIAN_POINT('',(1.32,-4.99734790836489,2.32555960490407));
#1226=CARTESIAN_POINT('',(1.32,-5.00949262317145,2.2849576270689));
#1227=CARTESIAN_POINT('',(1.32,-5.01615633460832,2.26485412682747));
#1228=CARTESIAN_POINT('',(1.32,-5.03061977080173,2.22519958999863));
#1229=CARTESIAN_POINT('',(1.32,-5.0384263828725,2.20561182470606));
#1230=CARTESIAN_POINT('',(1.32,-5.04681749623686,2.18623722205849));
#1231=ORIENTED_EDGE('',*,*,#2364,.F.);
#1232=ORIENTED_EDGE('',*,*,#2399,.F.);
#1233=ORIENTED_EDGE('',*,*,#2302,.T.);
#1234=ORIENTED_EDGE('',*,*,#2398,.T.);
#1235=ORIENTED_EDGE('',*,*,#2363,.F.);
#1236=ORIENTED_EDGE('',*,*,#2400,.F.);
#1237=ORIENTED_EDGE('',*,*,#2303,.T.);
#1238=ORIENTED_EDGE('',*,*,#2399,.T.);
#1239=CARTESIAN_POINT('',(1.32,-5.1145420341343,2.02273570704544));
#1240=CARTESIAN_POINT('',(1.32,-5.12230853757597,2.00310238201105));
#1241=CARTESIAN_POINT('',(1.32,-5.13063907334519,1.98373163250367));
#1242=CARTESIAN_POINT('',(1.32,-5.14845187335621,1.94546444763478));
#1243=CARTESIAN_POINT('',(1.32,-5.15795523691244,1.92653717028889));
#1244=CARTESIAN_POINT('',(1.32,-5.17807755928707,1.88923962884314));
#1245=CARTESIAN_POINT('',(1.32,-5.18874168669681,1.87080951417557));
#1246=CARTESIAN_POINT('',(1.32,-5.21118642893165,1.83452349950656));
#1247=CARTESIAN_POINT('',(1.32,-5.22302125751619,1.81661301488354));
#1248=CARTESIAN_POINT('',(1.32,-5.24781594482428,1.78138513758447));
#1249=CARTESIAN_POINT('',(1.32,-5.26083919414514,1.76401927238138));
#1250=CARTESIAN_POINT('',(1.32,-5.28802804300362,1.72990133895241));
#1251=CARTESIAN_POINT('',(1.32,-5.30226645928175,1.71310793484388));
#1252=CARTESIAN_POINT('',(1.32,-5.33191327347924,1.6801578059754));
#1253=CARTESIAN_POINT('',(1.32,-5.34740427922272,1.66396813717105));
#1254=CARTESIAN_POINT('',(1.32,-5.37959634527017,1.63225113186505));
#1255=CARTESIAN_POINT('',(1.32,-5.39639030134708,1.61670081491106));
#1256=CARTESIAN_POINT('',(1.32,-5.43124354265147,1.58629180894419));
#1257=CARTESIAN_POINT('',(1.32,-5.44940664325062,1.57142208800108));
#1258=CARTESIAN_POINT('',(1.32,-5.48707240692848,1.54240858287091));
#1259=CARTESIAN_POINT('',(1.32,-5.50669057824438,1.5282682515234));
#1260=CARTESIAN_POINT('',(1.32,-5.54736459954855,1.5007548134549));
#1261=CARTESIAN_POINT('',(1.32,-5.56854858348031,1.48740293549752));
#1262=CARTESIAN_POINT('',(1.32,-5.61248282382686,1.46151760001906));
#1263=CARTESIAN_POINT('',(1.32,-5.635374938022,1.44902747763572));
#1264=CARTESIAN_POINT('',(1.32,-5.68289336199794,1.42493099663768));
#1265=CARTESIAN_POINT('',(1.32,-5.70767650618259,1.41339584284319));
#1266=CARTESIAN_POINT('',(1.32,-5.75919635378122,1.39129517123943));
#1267=CARTESIAN_POINT('',(1.32,-5.78610624948025,1.38083652480187));
#1268=CARTESIAN_POINT('',(1.32,-5.84216701124643,1.36100475206768));
#1269=CARTESIAN_POINT('',(1.32,-5.87150886512324,1.35178490053386));
#1270=CARTESIAN_POINT('',(1.32,-5.93281224512775,1.33459110659073));
#1271=CARTESIAN_POINT('',(1.32,-5.9649838654707,1.32683188522664));
#1272=CARTESIAN_POINT('',(1.32,-6.03244979475888,1.31278669993013));
#1273=CARTESIAN_POINT('',(1.32,-6.06797411937723,1.30679843735524));
#1274=CARTESIAN_POINT('',(1.32,-6.14282047401895,1.29662503467211));
#1275=CARTESIAN_POINT('',(1.32,-6.1823919882825,1.29285212673476));
#1276=CARTESIAN_POINT('',(1.32,-6.26625001916886,1.28759953942313));
#1277=CARTESIAN_POINT('',(1.32,-6.31080217819631,1.28669410217403));
#1278=CARTESIAN_POINT('',(1.32,-6.40588680630349,1.287923147559));
#1279=CARTESIAN_POINT('',(1.32,-6.45669158114432,1.29086758137205));
#1280=CARTESIAN_POINT('',(1.32,-6.56605744349948,1.30096571731554));
#1281=CARTESIAN_POINT('',(1.32,-6.62487465746723,1.3092836142031));
#1282=CARTESIAN_POINT('',(1.32,-6.7528084726796,1.33201799332677));
#1283=CARTESIAN_POINT('',(1.32,-6.8221127787071,1.34815171305963));
#1284=CARTESIAN_POINT('',(1.32,-6.97474476210139,1.38968279315244));
#1285=CARTESIAN_POINT('',(1.32,-7.05807215851158,1.41770073225377));
#1286=CARTESIAN_POINT('',(1.32,-7.24433791445522,1.48853490341867));
#1287=CARTESIAN_POINT('',(1.32,-7.34657485648919,1.53441005626649));
#1288=CARTESIAN_POINT('',(1.32,-7.44644833014391,1.58638233976159));
#1289=ORIENTED_EDGE('',*,*,#2401,.F.);
#1290=ORIENTED_EDGE('',*,*,#2304,.T.);
#1291=ORIENTED_EDGE('',*,*,#2400,.T.);
#1292=ORIENTED_EDGE('',*,*,#2362,.F.);
#1293=CARTESIAN_POINT('',(1.32,-7.44644833014391,1.58638233976159));
#1294=CARTESIAN_POINT('',(1.32,-7.4913761819385,1.58821286533764));
#1295=CARTESIAN_POINT('',(1.32,-7.53624889778691,1.58838864029833));
#1296=CARTESIAN_POINT('',(1.32,-7.62665979660991,1.58540508967895));
#1297=CARTESIAN_POINT('',(1.32,-7.67227284588958,1.58180790460533));
#1298=CARTESIAN_POINT('',(1.32,-7.76384624516061,1.5726317789145));
#1299=CARTESIAN_POINT('',(1.32,-7.80992206181318,1.56641020100883));
#1300=CARTESIAN_POINT('',(1.32,-7.90238605929665,1.55196029638828));
#1301=CARTESIAN_POINT('',(1.32,-7.94884046524066,1.54332608844361));
#1302=CARTESIAN_POINT('',(1.32,-8.04201260755863,1.52410188260934));
#1303=CARTESIAN_POINT('',(1.32,-8.0887736297494,1.51321340084015));
#1304=CARTESIAN_POINT('',(1.32,-8.18250964231998,1.48953461601108));
#1305=CARTESIAN_POINT('',(1.32,-8.22951460600454,1.47650692896344));
#1306=CARTESIAN_POINT('',(1.32,-8.32369065869302,1.44859643649329));
#1307=CARTESIAN_POINT('',(1.32,-8.37088300494354,1.43351544309667));
#1308=CARTESIAN_POINT('',(1.32,-8.46538759102716,1.40153731091971));
#1309=CARTESIAN_POINT('',(1.32,-8.512714910296,1.38446912519742));
#1310=CARTESIAN_POINT('',(1.32,-8.60744453084321,1.34854896721639));
#1311=CARTESIAN_POINT('',(1.32,-8.65485727932943,1.32954579096644));
#1312=CARTESIAN_POINT('',(1.32,-8.74971390086699,1.28978275127095));
#1313=CARTESIAN_POINT('',(1.32,-8.79716459190125,1.26888677747892));
#1314=CARTESIAN_POINT('',(1.32,-8.89205407766855,1.22536111938111));
#1315=CARTESIAN_POINT('',(1.32,-8.93949675156335,1.2026071766457));
#1316=CARTESIAN_POINT('',(1.32,-9.03432779426693,1.15538533645954));
#1317=CARTESIAN_POINT('',(1.32,-9.08171759110219,1.13080271354922));
#1318=CARTESIAN_POINT('',(1.32,-9.17640100637237,1.0799408276075));
#1319=CARTESIAN_POINT('',(1.32,-9.2236939623641,1.05355466794879));
#1320=CARTESIAN_POINT('',(1.32,-9.3181421893041,0.999101098710725));
#1321=CARTESIAN_POINT('',(1.32,-9.36529498265585,0.970933338691272));
#1322=CARTESIAN_POINT('',(1.32,-9.45942172040439,0.912930528972825));
#1323=CARTESIAN_POINT('',(1.32,-9.50639157888307,0.883000672096024));
#1324=CARTESIAN_POINT('',(1.32,-9.60011152801558,0.821486568469343));
#1325=CARTESIAN_POINT('',(1.32,-9.64685609360078,0.789812278302017));
#1326=CARTESIAN_POINT('',(1.32,-9.74008475156375,0.724821412620893));
#1327=CARTESIAN_POINT('',(1.32,-9.78656200924789,0.691418924374665));
#1328=CARTESIAN_POINT('',(1.32,-9.87921554651659,0.622983262919614));
#1329=CARTESIAN_POINT('',(1.32,-9.92538379043218,0.58786779819736));
#1330=CARTESIAN_POINT('',(1.32,-10.0173789256408,0.516017429629825));
#1331=CARTESIAN_POINT('',(1.32,-10.0631966701603,0.479203437883299));
#1332=CARTESIAN_POINT('',(1.32,-10.1544505969208,0.403967109569384));
#1333=CARTESIAN_POINT('',(1.32,-10.1998754641704,0.365498339283109));
#1334=CARTESIAN_POINT('',(1.32,-10.2448009943336,0.326424029780456));
#1335=ORIENTED_EDGE('',*,*,#2402,.F.);
#1336=ORIENTED_EDGE('',*,*,#2305,.T.);
#1337=ORIENTED_EDGE('',*,*,#2401,.T.);
#1338=ORIENTED_EDGE('',*,*,#2361,.F.);
#1339=ORIENTED_EDGE('',*,*,#2360,.F.);
#1340=ORIENTED_EDGE('',*,*,#2403,.F.);
#1341=ORIENTED_EDGE('',*,*,#2306,.T.);
#1342=ORIENTED_EDGE('',*,*,#2402,.T.);
#1343=CARTESIAN_POINT('',(1.32,-10.24480099,-0.32642403));
#1344=CARTESIAN_POINT('',(1.32,-10.1998754608068,-0.365498339695645));
#1345=CARTESIAN_POINT('',(1.32,-10.1544505941401,-0.403967109695645));
#1346=CARTESIAN_POINT('',(1.32,-10.0631966668042,-0.479203437283446));
#1347=CARTESIAN_POINT('',(1.32,-10.0173789194599,-0.51601742645371));
#1348=CARTESIAN_POINT('',(1.32,-9.92538378593563,-0.587867796186043));
#1349=CARTESIAN_POINT('',(1.32,-9.87921554786729,-0.622983266504402));
#1350=CARTESIAN_POINT('',(1.32,-9.78656201270663,-0.691418926569755));
#1351=CARTESIAN_POINT('',(1.32,-9.7400847505452,-0.724821406572391));
#1352=CARTESIAN_POINT('',(1.32,-9.64685609307434,-0.789812273944476));
#1353=CARTESIAN_POINT('',(1.32,-9.60011153229687,-0.821486574072862));
#1354=CARTESIAN_POINT('',(1.32,-9.50639158595346,-0.883000678790255));
#1355=CARTESIAN_POINT('',(1.32,-9.45942172727912,-0.91293052940457));
#1356=CARTESIAN_POINT('',(1.32,-9.36529498760676,-0.970933337873914));
#1357=CARTESIAN_POINT('',(1.32,-9.31814219094126,-0.999101100585266));
#1358=CARTESIAN_POINT('',(1.32,-9.22369396176249,-1.05355466891052));
#1359=CARTESIAN_POINT('',(1.32,-9.17640100738435,-1.07994082589376));
#1360=CARTESIAN_POINT('',(1.32,-9.08171759211872,-1.13080270844014));
#1361=CARTESIAN_POINT('',(1.32,-9.03432779229323,-1.15538532786428));
#1362=CARTESIAN_POINT('',(1.32,-8.93949675081806,-1.2026071692852));
#1363=CARTESIAN_POINT('',(1.32,-8.89205408204863,-1.22536111865757));
#1364=CARTESIAN_POINT('',(1.32,-8.7971645954426,-1.26888677927141));
#1365=CARTESIAN_POINT('',(1.32,-8.74971389944791,-1.28978275101439));
#1366=CARTESIAN_POINT('',(1.32,-8.65485727483568,-1.32954578914475));
#1367=CARTESIAN_POINT('',(1.32,-8.60744452700211,-1.34854896311833));
#1368=CARTESIAN_POINT('',(1.32,-8.51271490665579,-1.38446912051799));
#1369=CARTESIAN_POINT('',(1.32,-8.4653875869551,-1.40153730787347));
#1370=CARTESIAN_POINT('',(1.32,-8.37088300176951,-1.43351544107804));
#1371=CARTESIAN_POINT('',(1.32,-8.32369065693695,-1.44859643379239));
#1372=CARTESIAN_POINT('',(1.32,-8.22951460648336,-1.47650692916101));
#1373=CARTESIAN_POINT('',(1.32,-8.18250964414701,-1.48953462189283));
#1374=CARTESIAN_POINT('',(1.32,-8.08877363038731,-1.5132134078298));
#1375=CARTESIAN_POINT('',(1.32,-8.04201260557129,-1.52410188436243));
#1376=CARTESIAN_POINT('',(1.32,-7.94884046429515,-1.54332608971297));
#1377=CARTESIAN_POINT('',(1.32,-7.90238606177115,-1.55196030217495));
#1378=CARTESIAN_POINT('',(1.32,-7.80992206509783,-1.56641020630509));
#1379=CARTESIAN_POINT('',(1.32,-7.76384624595738,-1.57263177875625));
#1380=CARTESIAN_POINT('',(1.32,-7.67227284577386,-1.58180790439956));
#1381=CARTESIAN_POINT('',(1.32,-7.62665979786747,-1.58540509498045));
#1382=CARTESIAN_POINT('',(1.32,-7.5362488993427,-1.58838864576767));
#1383=CARTESIAN_POINT('',(1.32,-7.49137618267604,-1.588212869101));
#1384=CARTESIAN_POINT('',(1.32,-7.44644833,-1.58638234));
#1385=ORIENTED_EDGE('',*,*,#2359,.F.);
#1386=ORIENTED_EDGE('',*,*,#2404,.F.);
#1387=ORIENTED_EDGE('',*,*,#2307,.T.);
#1388=ORIENTED_EDGE('',*,*,#2403,.T.);
#1389=CARTESIAN_POINT('',(1.32,-7.44644833,-1.58638234));
#1390=CARTESIAN_POINT('',(1.32,-7.34657485504703,-1.53441005603369));
#1391=CARTESIAN_POINT('',(1.32,-7.24433791171369,-1.48853490270036));
#1392=CARTESIAN_POINT('',(1.32,-7.05807215701754,-1.4177007320005));
#1393=CARTESIAN_POINT('',(1.32,-6.97474476356282,-1.38968279252399));
#1394=CARTESIAN_POINT('',(1.32,-6.82211278378212,-1.34815171453898));
#1395=CARTESIAN_POINT('',(1.32,-6.75280847832142,-1.3320179982698));
#1396=CARTESIAN_POINT('',(1.32,-6.62487466133489,-1.30928361788086));
#1397=CARTESIAN_POINT('',(1.32,-6.56605744475354,-1.30096571712245));
#1398=CARTESIAN_POINT('',(1.32,-6.45669158089435,-1.29086758065657));
#1399=CARTESIAN_POINT('',(1.32,-6.40588680744632,-1.28792314976173));
#1400=CARTESIAN_POINT('',(1.32,-6.3108021785935,-1.28669410229919));
#1401=CARTESIAN_POINT('',(1.32,-6.26625001719093,-1.28759953391695));
#1402=CARTESIAN_POINT('',(1.32,-6.18239198646883,-1.29285212196047));
#1403=CARTESIAN_POINT('',(1.32,-6.14282047464678,-1.29662503422672));
#1404=CARTESIAN_POINT('',(1.32,-6.0679741199248,-1.30679844009375));
#1405=CARTESIAN_POINT('',(1.32,-6.03244979334378,-1.31278670575));
#1406=CARTESIAN_POINT('',(1.32,-5.96498386112751,-1.32683189054366));
#1407=CARTESIAN_POINT('',(1.32,-5.93281223933209,-1.33459110629612));
#1408=CARTESIAN_POINT('',(1.32,-5.87150886264016,-1.35178489933615));
#1409=CARTESIAN_POINT('',(1.32,-5.84216701364484,-1.36100475509063));
#1410=CARTESIAN_POINT('',(1.32,-5.78610625376378,-1.38083652649822));
#1411=CARTESIAN_POINT('',(1.32,-5.75919635594043,-1.39129516996702));
#1412=CARTESIAN_POINT('',(1.32,-5.70767650536044,-1.41339583843605));
#1413=CARTESIAN_POINT('',(1.32,-5.68289335806435,-1.42493098722207));
#1414=CARTESIAN_POINT('',(1.32,-5.63537493523285,-1.44902747106859));
#1415=CARTESIAN_POINT('',(1.32,-5.61248282681017,-1.46151760397406));
#1416=CARTESIAN_POINT('',(1.32,-5.56854858741924,-1.48740294097601));
#1417=CARTESIAN_POINT('',(1.32,-5.54736459923733,-1.50075481148369));
#1418=CARTESIAN_POINT('',(1.32,-5.50669057607963,-1.52826824974312));
#1419=CARTESIAN_POINT('',(1.32,-5.48707240607919,-1.54240858656665));
#1420=CARTESIAN_POINT('',(1.32,-5.44940664121639,-1.57142209379361));
#1421=CARTESIAN_POINT('',(1.32,-5.43124353810897,-1.58629181182406));
#1422=CARTESIAN_POINT('',(1.32,-5.39639030037373,-1.61670081725937));
#1423=CARTESIAN_POINT('',(1.32,-5.37959635216897,-1.63225113807911));
#1424=CARTESIAN_POINT('',(1.32,-5.34740428442936,-1.66396814101947));
#1425=CARTESIAN_POINT('',(1.32,-5.3319132681896,-1.68015780296912));
#1426=CARTESIAN_POINT('',(1.32,-5.30226645034775,-1.7131079311422));
#1427=CARTESIAN_POINT('',(1.32,-5.28802803876039,-1.72990133916337));
#1428=CARTESIAN_POINT('',(1.32,-5.26083919043563,-1.76401927415551));
#1429=CARTESIAN_POINT('',(1.32,-5.24781593897485,-1.78138513899844));
#1430=CARTESIAN_POINT('',(1.32,-5.22302125401808,-1.81661301423623));
#1431=CARTESIAN_POINT('',(1.32,-5.21118642904127,-1.8345234964335));
#1432=CARTESIAN_POINT('',(1.32,-5.18874168861525,-1.87080951026234));
#1433=CARTESIAN_POINT('',(1.32,-5.1780775606344,-1.88923962727205));
#1434=CARTESIAN_POINT('',(1.32,-5.15795523697285,-1.92653717132418));
#1435=CARTESIAN_POINT('',(1.32,-5.14845187117144,-1.94546444821536));
#1436=CARTESIAN_POINT('',(1.32,-5.13063907308657,-1.98373163392347));
#1437=CARTESIAN_POINT('',(1.32,-5.12230853975324,-2.00310238392347));
#1438=CARTESIAN_POINT('',(1.32,-5.11454204,-2.02273571));
#1439=ORIENTED_EDGE('',*,*,#2358,.F.);
#1440=ORIENTED_EDGE('',*,*,#2405,.F.);
#1441=ORIENTED_EDGE('',*,*,#2308,.T.);
#1442=ORIENTED_EDGE('',*,*,#2404,.T.);
#1443=ORIENTED_EDGE('',*,*,#2357,.F.);
#1444=ORIENTED_EDGE('',*,*,#2406,.F.);
#1445=ORIENTED_EDGE('',*,*,#2309,.T.);
#1446=ORIENTED_EDGE('',*,*,#2405,.T.);
#1447=CARTESIAN_POINT('',(1.32,-5.04681749,-2.18623722));
#1448=CARTESIAN_POINT('',(1.32,-5.03842637998066,-2.20561182451878));
#1449=CARTESIAN_POINT('',(1.32,-5.03061976998066,-2.22519959118544));
#1450=CARTESIAN_POINT('',(1.32,-5.01615633574265,-2.26485412878287));
#1451=CARTESIAN_POINT('',(1.32,-5.00949262239667,-2.28495762775823));
#1452=CARTESIAN_POINT('',(1.32,-4.99734790852311,-2.32555960284044));
#1453=CARTESIAN_POINT('',(1.32,-4.9918565262705,-2.34613233870678));
#1454=CARTESIAN_POINT('',(1.32,-4.98206926867204,-2.38766125517772));
#1455=CARTESIAN_POINT('',(1.32,-4.97777313108708,-2.4086943678553));
#1456=CARTESIAN_POINT('',(1.32,-4.97039575169505,-2.45113673031323));
#1457=CARTESIAN_POINT('',(1.32,-4.96732505855663,-2.47262507926737));
#1458=CARTESIAN_POINT('',(1.32,-4.96242545586942,-2.51597552075555));
#1459=CARTESIAN_POINT('',(1.32,-4.9606188066487,-2.53791833138352));
#1460=CARTESIAN_POINT('',(1.32,-4.95828301044445,-2.58218105430702));
#1461=CARTESIAN_POINT('',(1.32,-4.95778898105634,-2.60458267411235));
#1462=CARTESIAN_POINT('',(1.32,-4.9581248997281,-2.64977321184571));
#1463=CARTESIAN_POINT('',(1.32,-4.95900428538526,-2.6726440666384));
#1464=CARTESIAN_POINT('',(1.32,-4.96214683432962,-2.71879144423939));
#1465=CARTESIAN_POINT('',(1.32,-4.96447560541742,-2.74214917635365));
#1466=CARTESIAN_POINT('',(1.32,-4.97059367610908,-2.78929853949237));
#1467=CARTESIAN_POINT('',(1.32,-4.97446709389698,-2.81316940564836));
#1468=CARTESIAN_POINT('',(1.32,-4.98377303154728,-2.86138522056266));
#1469=CARTESIAN_POINT('',(1.32,-4.98931116679274,-2.8858057626986));
#1470=CARTESIAN_POINT('',(1.32,-5.00207366981796,-2.93517565822403));
#1471=CARTESIAN_POINT('',(1.32,-5.00942898876593,-2.96019467764222));
#1472=CARTESIAN_POINT('',(1.32,-5.02599080347417,-3.01083406258335));
#1473=CARTESIAN_POINT('',(1.32,-5.03535854731615,-3.03651497736556));
#1474=CARTESIAN_POINT('',(1.32,-5.05616104615904,-3.08857254572804));
#1475=CARTESIAN_POINT('',(1.32,-5.06779383607081,-3.11499609527587));
#1476=CARTESIAN_POINT('',(1.32,-5.09341159989087,-3.16866022106253));
#1477=CARTESIAN_POINT('',(1.32,-5.10764000419865,-3.1959274644525));
#1478=CARTESIAN_POINT('',(1.32,-5.13883019161798,-3.25143334845485));
#1479=CARTESIAN_POINT('',(1.32,-5.15609236448096,-3.27966871740439));
#1480=CARTESIAN_POINT('',(1.32,-5.1938665348135,-3.3373057792693));
#1481=CARTESIAN_POINT('',(1.32,-5.21475168457398,-3.36665961117823));
#1482=CARTESIAN_POINT('',(1.32,-5.26048236746326,-3.42677765811747));
#1483=CARTESIAN_POINT('',(1.32,-5.28579580475354,-3.45742679298234));
#1484=CARTESIAN_POINT('',(1.32,-5.34137824694341,-3.52043751538586));
#1485=CARTESIAN_POINT('',(1.32,-5.37224113988944,-3.55258088996946));
#1486=CARTESIAN_POINT('',(1.32,-5.44034519153673,-3.61894680896454));
#1487=CARTESIAN_POINT('',(1.32,-5.47835162145929,-3.65278918065518));
#1488=CARTESIAN_POINT('',(1.32,-5.56282542476393,-3.72298206315385));
#1489=CARTESIAN_POINT('',(1.32,-5.61029711690543,-3.75869047270654));
#1490=CARTESIAN_POINT('',(1.32,-5.71683561882958,-3.83307770734186));
#1491=CARTESIAN_POINT('',(1.32,-5.77724942621592,-3.87067498947047));
#1492=CARTESIAN_POINT('',(1.32,-5.9145434450636,-3.9492351915909));
#1493=CARTESIAN_POINT('',(1.32,-5.99327648685729,-3.98834488391773));
#1494=CARTESIAN_POINT('',(1.32,-6.1750735887583,-4.06996734027789));
#1495=CARTESIAN_POINT('',(1.32,-6.27980465542496,-4.10982114361122));
#1496=CARTESIAN_POINT('',(1.32,-6.38717582,-4.1436924));
#1497=ORIENTED_EDGE('',*,*,#2407,.F.);
#1498=ORIENTED_EDGE('',*,*,#2310,.T.);
#1499=ORIENTED_EDGE('',*,*,#2406,.T.);
#1500=ORIENTED_EDGE('',*,*,#2356,.F.);
#1501=CARTESIAN_POINT('',(1.32,-6.38717582,-4.1436924));
#1502=CARTESIAN_POINT('',(1.32,-6.42023898571606,-4.17416681162013));
#1503=CARTESIAN_POINT('',(1.32,-6.4520930790494,-4.20577232162013));
#1504=CARTESIAN_POINT('',(1.32,-6.51391354982533,-4.27181217014603));
#1505=CARTESIAN_POINT('',(1.32,-6.54362325232285,-4.30660906056102));
#1506=CARTESIAN_POINT('',(1.32,-6.60188692322269,-4.37784973286288));
#1507=CARTESIAN_POINT('',(1.32,-6.63006812569964,-4.41482957519339));
#1508=CARTESIAN_POINT('',(1.32,-6.68523241979113,-4.49042912037427));
#1509=CARTESIAN_POINT('',(1.32,-6.71197533826228,-4.52938265282111));
#1510=CARTESIAN_POINT('',(1.32,-6.76426442560466,-4.60885887278017));
#1511=CARTESIAN_POINT('',(1.32,-6.78963014219515,-4.6496232279623));
#1512=CARTESIAN_POINT('',(1.32,-6.8391680830023,-4.73264802741523));
#1513=CARTESIAN_POINT('',(1.32,-6.86319364571852,-4.77509752184058));
#1514=CARTESIAN_POINT('',(1.32,-6.91005047270803,-4.86142574581388));
#1515=CARTESIAN_POINT('',(1.32,-6.93275662806409,-4.90545964656551));
#1516=CARTESIAN_POINT('',(1.32,-6.97696950762504,-4.99489643435048));
#1517=CARTESIAN_POINT('',(1.32,-6.99836594614863,-5.04043093260763));
#1518=CARTESIAN_POINT('',(1.32,-7.03995051592712,-5.13281427696547));
#1519=CARTESIAN_POINT('',(1.32,-7.060039117106,-5.17977742772519));
#1520=CARTESIAN_POINT('',(1.32,-7.09899616242638,-5.27496790306412));
#1521=CARTESIAN_POINT('',(1.32,-7.11777318306084,-5.32329629323427));
#1522=CARTESIAN_POINT('',(1.32,-7.15409289391364,-5.4211705800802));
#1523=CARTESIAN_POINT('',(1.32,-7.17155046313534,-5.47080708371577));
#1524=CARTESIAN_POINT('',(1.32,-7.2052152530823,-5.57125364049421));
#1525=CARTESIAN_POINT('',(1.32,-7.22134236042432,-5.62214582655471));
#1526=CARTESIAN_POINT('',(1.32,-7.25232886097444,-5.72506189601149));
#1527=CARTESIAN_POINT('',(1.32,-7.2671121984344,-5.77716089831974));
#1528=CARTESIAN_POINT('',(1.32,-7.29539269210668,-5.88245036812811));
#1529=CARTESIAN_POINT('',(1.32,-7.30881713791699,-5.93571004217961));
#1530=CARTESIAN_POINT('',(1.32,-7.33436061239017,-6.04328187681235));
#1531=CARTESIAN_POINT('',(1.32,-7.34640971307429,-6.09765818701153));
#1532=CARTESIAN_POINT('',(1.32,-7.36918268482531,-6.20742523838863));
#1533=CARTESIAN_POINT('',(1.32,-7.37983897876763,-6.26287574306413));
#1534=CARTESIAN_POINT('',(1.32,-7.39980611317586,-6.37475384114897));
#1535=CARTESIAN_POINT('',(1.32,-7.40905137130786,-6.43123735117579));
#1536=CARTESIAN_POINT('',(1.32,-7.42617599552162,-6.54514461596926));
#1537=CARTESIAN_POINT('',(1.32,-7.43399149064019,-6.60262087754707));
#1538=CARTESIAN_POINT('',(1.32,-7.44823599173752,-6.71847714433412));
#1539=CARTESIAN_POINT('',(1.32,-7.45460260637942,-6.77690660538904));
#1540=CARTESIAN_POINT('',(1.32,-7.46592875885933,-6.89463299375365));
#1541=CARTESIAN_POINT('',(1.32,-7.47084746219267,-6.95395475375365));
#1542=CARTESIAN_POINT('',(1.32,-7.4749849,-7.01335161));
#1543=ORIENTED_EDGE('',*,*,#2408,.F.);
#1544=ORIENTED_EDGE('',*,*,#2311,.T.);
#1545=ORIENTED_EDGE('',*,*,#2407,.T.);
#1546=ORIENTED_EDGE('',*,*,#2355,.F.);
#1547=ORIENTED_EDGE('',*,*,#2354,.F.);
#1548=ORIENTED_EDGE('',*,*,#2409,.F.);
#1549=ORIENTED_EDGE('',*,*,#2312,.T.);
#1550=ORIENTED_EDGE('',*,*,#2408,.T.);
#1551=CARTESIAN_POINT('',(1.32,-7.01335160678041,-7.4749848970909));
#1552=CARTESIAN_POINT('',(1.32,-6.95395475108354,-7.47084746010597));
#1553=CARTESIAN_POINT('',(1.32,-6.89463299169814,-7.46592875698238));
#1554=CARTESIAN_POINT('',(1.32,-6.7769066034401,-7.45460260358215));
#1555=CARTESIAN_POINT('',(1.32,-6.71847714220943,-7.44823598512113));
#1556=CARTESIAN_POINT('',(1.32,-6.60262087578975,-7.43399148603843));
#1557=CARTESIAN_POINT('',(1.32,-6.54514461438953,-7.42617599901154));
#1558=CARTESIAN_POINT('',(1.32,-6.43123735206933,-7.40905137530572));
#1559=CARTESIAN_POINT('',(1.32,-6.37475384470568,-7.3998061081787));
#1560=CARTESIAN_POINT('',(1.32,-6.26287574577312,-7.37983897531414));
#1561=CARTESIAN_POINT('',(1.32,-6.20742523745367,-7.36918269181492));
#1562=CARTESIAN_POINT('',(1.32,-6.09765818727752,-7.34640972280734));
#1563=CARTESIAN_POINT('',(1.32,-6.04328188136823,-7.33436061755663));
#1564=CARTESIAN_POINT('',(1.32,-5.93571004625839,-7.30881714083986));
#1565=CARTESIAN_POINT('',(1.32,-5.88245036796025,-7.29539269458982));
#1566=CARTESIAN_POINT('',(1.32,-5.7771608972143,-7.26711219868905));
#1567=CARTESIAN_POINT('',(1.32,-5.72506189793886,-7.25232886047822));
#1568=CARTESIAN_POINT('',(1.32,-5.62214583088618,-7.22134235753045));
#1569=CARTESIAN_POINT('',(1.32,-5.57125364517636,-7.20521524560891));
#1570=CARTESIAN_POINT('',(1.32,-5.47080708839343,-7.17155045740369));
#1571=CARTESIAN_POINT('',(1.32,-5.421170583689,-7.1540928964992));
#1572=CARTESIAN_POINT('',(1.32,-5.3232962944709,-7.11777318683245));
#1573=CARTESIAN_POINT('',(1.32,-5.27496790224209,-7.09899616124153));
#1574=CARTESIAN_POINT('',(1.32,-5.17977742583576,-7.06003911264031));
#1575=CARTESIAN_POINT('',(1.32,-5.13281427714717,-7.03995051031328));
#1576=CARTESIAN_POINT('',(1.32,-5.04043093334247,-6.99836594026577));
#1577=CARTESIAN_POINT('',(1.32,-4.99489643362511,-6.97696950259165));
#1578=CARTESIAN_POINT('',(1.32,-4.90545964574852,-6.93275662439233));
#1579=CARTESIAN_POINT('',(1.32,-4.86142574648198,-6.91005046955648));
#1580=CARTESIAN_POINT('',(1.32,-4.77509752203945,-6.8631936461968));
#1581=CARTESIAN_POINT('',(1.32,-4.73264802454811,-6.83916808845323));
#1582=CARTESIAN_POINT('',(1.32,-4.64962322347094,-6.78963014758865));
#1583=CARTESIAN_POINT('',(1.32,-4.60885887013528,-6.76426442543902));
#1584=CARTESIAN_POINT('',(1.32,-4.52938265125497,-6.71197533849128));
#1585=CARTESIAN_POINT('',(1.32,-4.49042911803221,-6.68523242563266));
#1586=CARTESIAN_POINT('',(1.32,-4.41482957377097,-6.63006813176727));
#1587=CARTESIAN_POINT('',(1.32,-4.37784973353818,-6.60188692367419));
#1588=CARTESIAN_POINT('',(1.32,-4.30660906062469,-6.54362325209551));
#1589=CARTESIAN_POINT('',(1.32,-4.27181216728653,-6.5139135544633));
#1590=CARTESIAN_POINT('',(1.32,-4.20577231885285,-6.45209308401691));
#1591=CARTESIAN_POINT('',(1.32,-4.17416680948056,-6.42023898889868));
#1592=CARTESIAN_POINT('',(1.32,-4.14369239972966,-6.38717582006683));
#1593=ORIENTED_EDGE('',*,*,#2353,.F.);
#1594=ORIENTED_EDGE('',*,*,#2410,.F.);
#1595=ORIENTED_EDGE('',*,*,#2313,.T.);
#1596=ORIENTED_EDGE('',*,*,#2409,.T.);
#1597=CARTESIAN_POINT('',(1.32,-4.14369239972966,-6.38717582006683));
#1598=CARTESIAN_POINT('',(1.32,-4.10982114275608,-6.27980465424058));
#1599=CARTESIAN_POINT('',(1.32,-4.06996733884726,-6.17507358631183));
#1600=CARTESIAN_POINT('',(1.32,-3.98834488304038,-5.99327648562175));
#1601=CARTESIAN_POINT('',(1.32,-3.94923519306867,-5.9145434456526));
#1602=CARTESIAN_POINT('',(1.32,-3.87067499201299,-5.77724943085055));
#1603=CARTESIAN_POINT('',(1.32,-3.83307770783598,-5.7168356263142));
#1604=CARTESIAN_POINT('',(1.32,-3.75869047284082,-5.61029712224085));
#1605=CARTESIAN_POINT('',(1.32,-3.72298206417714,-5.56282542551415));
#1606=CARTESIAN_POINT('',(1.32,-3.65278918098435,-5.47835162077661));
#1607=CARTESIAN_POINT('',(1.32,-3.61894680821507,-5.44034519390239));
#1608=CARTESIAN_POINT('',(1.32,-3.55258089016181,-5.37224114025879));
#1609=CARTESIAN_POINT('',(1.32,-3.52043751788071,-5.34137824165134));
#1610=CARTESIAN_POINT('',(1.32,-3.45742679507582,-5.28579580009515));
#1611=CARTESIAN_POINT('',(1.32,-3.42677765887635,-5.26048236759226));
#1612=CARTESIAN_POINT('',(1.32,-3.36665960962901,-5.21475168689759));
#1613=CARTESIAN_POINT('',(1.32,-3.3373057741534,-5.19386653792815));
#1614=CARTESIAN_POINT('',(1.32,-3.27966871057359,-5.15609236516957));
#1615=CARTESIAN_POINT('',(1.32,-3.25143334456503,-5.13883018731151));
#1616=CARTESIAN_POINT('',(1.32,-3.1959274635436,-5.10764000159593));
#1617=CARTESIAN_POINT('',(1.32,-3.16866022062091,-5.09341160372435));
#1618=CARTESIAN_POINT('',(1.32,-3.11499609710529,-5.06779384029923));
#1619=CARTESIAN_POINT('',(1.32,-3.08857254815456,-5.0561610467861));
#1620=CARTESIAN_POINT('',(1.32,-3.03651497990053,-5.03535854361848));
#1621=CARTESIAN_POINT('',(1.32,-3.01083406645972,-5.02599079403486));
#1622=CARTESIAN_POINT('',(1.32,-2.96019468031366,-5.00942898215004));
#1623=CARTESIAN_POINT('',(1.32,-2.93517565753694,-5.00207367472409));
#1624=CARTESIAN_POINT('',(1.32,-2.88580576160997,-4.98931117345187));
#1625=CARTESIAN_POINT('',(1.32,-2.86138522173645,-4.98377302993337));
#1626=CARTESIAN_POINT('',(1.32,-2.81316940537651,-4.97446709110742));
#1627=CARTESIAN_POINT('',(1.32,-2.78929853627855,-4.97059367812182));
#1628=CARTESIAN_POINT('',(1.32,-2.74214917081929,-4.96447560807494));
#1629=CARTESIAN_POINT('',(1.32,-2.71879143899098,-4.96214683315396));
#1630=CARTESIAN_POINT('',(1.32,-2.67264406428964,-4.95900428635751));
#1631=CARTESIAN_POINT('',(1.32,-2.64977321232989,-4.95812490900029));
#1632=CARTESIAN_POINT('',(1.32,-2.60458267507275,-4.95778898745924));
#1633=CARTESIAN_POINT('',(1.32,-2.58218105269244,-4.95828300457835));
#1634=CARTESIAN_POINT('',(1.32,-2.53791832768371,-4.96061879771393));
#1635=CARTESIAN_POINT('',(1.32,-2.51597551760596,-4.96242545301818));
#1636=CARTESIAN_POINT('',(1.32,-2.47262507538985,-4.96732505718811));
#1637=CARTESIAN_POINT('',(1.32,-2.45113672517723,-4.97039574855871));
#1638=CARTESIAN_POINT('',(1.32,-2.40869436583948,-4.97777312815582));
#1639=CARTESIAN_POINT('',(1.32,-2.38766125742821,-4.98206926657657));
#1640=CARTESIAN_POINT('',(1.32,-2.3461323428304,-4.99185652485997));
#1641=CARTESIAN_POINT('',(1.32,-2.32555960490407,-4.99734790836489));
#1642=CARTESIAN_POINT('',(1.32,-2.2849576270689,-5.00949262317145));
#1643=CARTESIAN_POINT('',(1.32,-2.26485412682747,-5.01615633460832));
#1644=CARTESIAN_POINT('',(1.32,-2.22519958999863,-5.03061977080173));
#1645=CARTESIAN_POINT('',(1.32,-2.20561182470606,-5.0384263828725));
#1646=CARTESIAN_POINT('',(1.32,-2.18623722205849,-5.04681749623686));
#1647=ORIENTED_EDGE('',*,*,#2352,.F.);
#1648=ORIENTED_EDGE('',*,*,#2411,.F.);
#1649=ORIENTED_EDGE('',*,*,#2314,.T.);
#1650=ORIENTED_EDGE('',*,*,#2410,.T.);
#1651=ORIENTED_EDGE('',*,*,#2351,.F.);
#1652=ORIENTED_EDGE('',*,*,#2412,.F.);
#1653=ORIENTED_EDGE('',*,*,#2315,.T.);
#1654=ORIENTED_EDGE('',*,*,#2411,.T.);
#1655=CARTESIAN_POINT('',(1.32,-2.02273570704544,-5.1145420341343));
#1656=CARTESIAN_POINT('',(1.32,-2.00310238201105,-5.12230853757597));
#1657=CARTESIAN_POINT('',(1.32,-1.98373163250367,-5.13063907334519));
#1658=CARTESIAN_POINT('',(1.32,-1.94546444763478,-5.14845187335621));
#1659=CARTESIAN_POINT('',(1.32,-1.92653717028889,-5.15795523691244));
#1660=CARTESIAN_POINT('',(1.32,-1.88923962884314,-5.17807755928707));
#1661=CARTESIAN_POINT('',(1.32,-1.87080951417557,-5.18874168669681));
#1662=CARTESIAN_POINT('',(1.32,-1.83452349950656,-5.21118642893165));
#1663=CARTESIAN_POINT('',(1.32,-1.81661301488354,-5.22302125751619));
#1664=CARTESIAN_POINT('',(1.32,-1.78138513758447,-5.24781594482428));
#1665=CARTESIAN_POINT('',(1.32,-1.76401927238138,-5.26083919414514));
#1666=CARTESIAN_POINT('',(1.32,-1.72990133895241,-5.28802804300362));
#1667=CARTESIAN_POINT('',(1.32,-1.71310793484388,-5.30226645928175));
#1668=CARTESIAN_POINT('',(1.32,-1.6801578059754,-5.33191327347924));
#1669=CARTESIAN_POINT('',(1.32,-1.66396813717105,-5.34740427922272));
#1670=CARTESIAN_POINT('',(1.32,-1.63225113186505,-5.37959634527017));
#1671=CARTESIAN_POINT('',(1.32,-1.61670081491106,-5.39639030134708));
#1672=CARTESIAN_POINT('',(1.32,-1.58629180894419,-5.43124354265147));
#1673=CARTESIAN_POINT('',(1.32,-1.57142208800108,-5.44940664325062));
#1674=CARTESIAN_POINT('',(1.32,-1.54240858287091,-5.48707240692848));
#1675=CARTESIAN_POINT('',(1.32,-1.5282682515234,-5.50669057824438));
#1676=CARTESIAN_POINT('',(1.32,-1.5007548134549,-5.54736459954855));
#1677=CARTESIAN_POINT('',(1.32,-1.48740293549752,-5.56854858348031));
#1678=CARTESIAN_POINT('',(1.32,-1.46151760001906,-5.61248282382686));
#1679=CARTESIAN_POINT('',(1.32,-1.44902747763572,-5.635374938022));
#1680=CARTESIAN_POINT('',(1.32,-1.42493099663768,-5.68289336199794));
#1681=CARTESIAN_POINT('',(1.32,-1.41339584284319,-5.70767650618259));
#1682=CARTESIAN_POINT('',(1.32,-1.39129517123943,-5.75919635378122));
#1683=CARTESIAN_POINT('',(1.32,-1.38083652480187,-5.78610624948025));
#1684=CARTESIAN_POINT('',(1.32,-1.36100475206768,-5.84216701124643));
#1685=CARTESIAN_POINT('',(1.32,-1.35178490053386,-5.87150886512324));
#1686=CARTESIAN_POINT('',(1.32,-1.33459110659073,-5.93281224512775));
#1687=CARTESIAN_POINT('',(1.32,-1.32683188522664,-5.9649838654707));
#1688=CARTESIAN_POINT('',(1.32,-1.31278669993013,-6.03244979475888));
#1689=CARTESIAN_POINT('',(1.32,-1.30679843735524,-6.06797411937723));
#1690=CARTESIAN_POINT('',(1.32,-1.29662503467211,-6.14282047401895));
#1691=CARTESIAN_POINT('',(1.32,-1.29285212673476,-6.1823919882825));
#1692=CARTESIAN_POINT('',(1.32,-1.28759953942313,-6.26625001916886));
#1693=CARTESIAN_POINT('',(1.32,-1.28669410217403,-6.31080217819631));
#1694=CARTESIAN_POINT('',(1.32,-1.287923147559,-6.40588680630349));
#1695=CARTESIAN_POINT('',(1.32,-1.29086758137205,-6.45669158114432));
#1696=CARTESIAN_POINT('',(1.32,-1.30096571731554,-6.56605744349948));
#1697=CARTESIAN_POINT('',(1.32,-1.3092836142031,-6.62487465746723));
#1698=CARTESIAN_POINT('',(1.32,-1.33201799332677,-6.7528084726796));
#1699=CARTESIAN_POINT('',(1.32,-1.34815171305963,-6.8221127787071));
#1700=CARTESIAN_POINT('',(1.32,-1.38968279315244,-6.97474476210139));
#1701=CARTESIAN_POINT('',(1.32,-1.41770073225377,-7.05807215851158));
#1702=CARTESIAN_POINT('',(1.32,-1.48853490341867,-7.24433791445522));
#1703=CARTESIAN_POINT('',(1.32,-1.53441005626649,-7.34657485648919));
#1704=CARTESIAN_POINT('',(1.32,-1.58638233976159,-7.44644833014391));
#1705=ORIENTED_EDGE('',*,*,#2413,.F.);
#1706=ORIENTED_EDGE('',*,*,#2316,.T.);
#1707=ORIENTED_EDGE('',*,*,#2412,.T.);
#1708=ORIENTED_EDGE('',*,*,#2350,.F.);
#1709=CARTESIAN_POINT('',(1.32,-1.58638233976159,-7.44644833014391));
#1710=CARTESIAN_POINT('',(1.32,-1.58821286533764,-7.4913761819385));
#1711=CARTESIAN_POINT('',(1.32,-1.58838864029833,-7.53624889778691));
#1712=CARTESIAN_POINT('',(1.32,-1.58540508967895,-7.62665979660991));
#1713=CARTESIAN_POINT('',(1.32,-1.58180790460533,-7.67227284588958));
#1714=CARTESIAN_POINT('',(1.32,-1.5726317789145,-7.76384624516061));
#1715=CARTESIAN_POINT('',(1.32,-1.56641020100883,-7.80992206181318));
#1716=CARTESIAN_POINT('',(1.32,-1.55196029638828,-7.90238605929665));
#1717=CARTESIAN_POINT('',(1.32,-1.54332608844361,-7.94884046524066));
#1718=CARTESIAN_POINT('',(1.32,-1.52410188260934,-8.04201260755863));
#1719=CARTESIAN_POINT('',(1.32,-1.51321340084015,-8.0887736297494));
#1720=CARTESIAN_POINT('',(1.32,-1.48953461601108,-8.18250964231998));
#1721=CARTESIAN_POINT('',(1.32,-1.47650692896344,-8.22951460600454));
#1722=CARTESIAN_POINT('',(1.32,-1.44859643649329,-8.32369065869302));
#1723=CARTESIAN_POINT('',(1.32,-1.43351544309667,-8.37088300494354));
#1724=CARTESIAN_POINT('',(1.32,-1.40153731091971,-8.46538759102716));
#1725=CARTESIAN_POINT('',(1.32,-1.38446912519742,-8.512714910296));
#1726=CARTESIAN_POINT('',(1.32,-1.34854896721639,-8.60744453084321));
#1727=CARTESIAN_POINT('',(1.32,-1.32954579096644,-8.65485727932943));
#1728=CARTESIAN_POINT('',(1.32,-1.28978275127095,-8.74971390086699));
#1729=CARTESIAN_POINT('',(1.32,-1.26888677747892,-8.79716459190125));
#1730=CARTESIAN_POINT('',(1.32,-1.22536111938111,-8.89205407766855));
#1731=CARTESIAN_POINT('',(1.32,-1.2026071766457,-8.93949675156335));
#1732=CARTESIAN_POINT('',(1.32,-1.15538533645954,-9.03432779426693));
#1733=CARTESIAN_POINT('',(1.32,-1.13080271354922,-9.08171759110219));
#1734=CARTESIAN_POINT('',(1.32,-1.0799408276075,-9.17640100637237));
#1735=CARTESIAN_POINT('',(1.32,-1.05355466794879,-9.2236939623641));
#1736=CARTESIAN_POINT('',(1.32,-0.999101098710725,-9.3181421893041));
#1737=CARTESIAN_POINT('',(1.32,-0.970933338691272,-9.36529498265585));
#1738=CARTESIAN_POINT('',(1.32,-0.912930528972825,-9.45942172040439));
#1739=CARTESIAN_POINT('',(1.32,-0.883000672096024,-9.50639157888307));
#1740=CARTESIAN_POINT('',(1.32,-0.821486568469343,-9.60011152801558));
#1741=CARTESIAN_POINT('',(1.32,-0.789812278302017,-9.64685609360078));
#1742=CARTESIAN_POINT('',(1.32,-0.724821412620893,-9.74008475156375));
#1743=CARTESIAN_POINT('',(1.32,-0.691418924374665,-9.78656200924789));
#1744=CARTESIAN_POINT('',(1.32,-0.622983262919614,-9.87921554651659));
#1745=CARTESIAN_POINT('',(1.32,-0.58786779819736,-9.92538379043218));
#1746=CARTESIAN_POINT('',(1.32,-0.516017429629825,-10.0173789256408));
#1747=CARTESIAN_POINT('',(1.32,-0.479203437883299,-10.0631966701603));
#1748=CARTESIAN_POINT('',(1.32,-0.403967109569384,-10.1544505969208));
#1749=CARTESIAN_POINT('',(1.32,-0.365498339283109,-10.1998754641704));
#1750=CARTESIAN_POINT('',(1.32,-0.326424029780456,-10.2448009943336));
#1751=ORIENTED_EDGE('',*,*,#2414,.F.);
#1752=ORIENTED_EDGE('',*,*,#2317,.T.);
#1753=ORIENTED_EDGE('',*,*,#2413,.T.);
#1754=ORIENTED_EDGE('',*,*,#2349,.F.);
#1755=ORIENTED_EDGE('',*,*,#2348,.F.);
#1756=ORIENTED_EDGE('',*,*,#2415,.F.);
#1757=ORIENTED_EDGE('',*,*,#2318,.T.);
#1758=ORIENTED_EDGE('',*,*,#2414,.T.);
#1759=CARTESIAN_POINT('',(1.32,0.32642403,-10.24480099));
#1760=CARTESIAN_POINT('',(1.32,0.365498339695645,-10.1998754608068));
#1761=CARTESIAN_POINT('',(1.32,0.403967109695645,-10.1544505941401));
#1762=CARTESIAN_POINT('',(1.32,0.479203437283446,-10.0631966668042));
#1763=CARTESIAN_POINT('',(1.32,0.51601742645371,-10.0173789194599));
#1764=CARTESIAN_POINT('',(1.32,0.587867796186043,-9.92538378593563));
#1765=CARTESIAN_POINT('',(1.32,0.622983266504402,-9.87921554786729));
#1766=CARTESIAN_POINT('',(1.32,0.691418926569755,-9.78656201270663));
#1767=CARTESIAN_POINT('',(1.32,0.724821406572391,-9.7400847505452));
#1768=CARTESIAN_POINT('',(1.32,0.789812273944476,-9.64685609307434));
#1769=CARTESIAN_POINT('',(1.32,0.821486574072862,-9.60011153229687));
#1770=CARTESIAN_POINT('',(1.32,0.883000678790255,-9.50639158595346));
#1771=CARTESIAN_POINT('',(1.32,0.91293052940457,-9.45942172727912));
#1772=CARTESIAN_POINT('',(1.32,0.970933337873914,-9.36529498760676));
#1773=CARTESIAN_POINT('',(1.32,0.999101100585266,-9.31814219094126));
#1774=CARTESIAN_POINT('',(1.32,1.05355466891052,-9.22369396176249));
#1775=CARTESIAN_POINT('',(1.32,1.07994082589376,-9.17640100738435));
#1776=CARTESIAN_POINT('',(1.32,1.13080270844014,-9.08171759211872));
#1777=CARTESIAN_POINT('',(1.32,1.15538532786428,-9.03432779229323));
#1778=CARTESIAN_POINT('',(1.32,1.2026071692852,-8.93949675081806));
#1779=CARTESIAN_POINT('',(1.32,1.22536111865757,-8.89205408204863));
#1780=CARTESIAN_POINT('',(1.32,1.26888677927141,-8.7971645954426));
#1781=CARTESIAN_POINT('',(1.32,1.28978275101439,-8.74971389944791));
#1782=CARTESIAN_POINT('',(1.32,1.32954578914475,-8.65485727483568));
#1783=CARTESIAN_POINT('',(1.32,1.34854896311833,-8.60744452700211));
#1784=CARTESIAN_POINT('',(1.32,1.38446912051799,-8.51271490665579));
#1785=CARTESIAN_POINT('',(1.32,1.40153730787347,-8.4653875869551));
#1786=CARTESIAN_POINT('',(1.32,1.43351544107804,-8.37088300176951));
#1787=CARTESIAN_POINT('',(1.32,1.44859643379239,-8.32369065693695));
#1788=CARTESIAN_POINT('',(1.32,1.47650692916101,-8.22951460648336));
#1789=CARTESIAN_POINT('',(1.32,1.48953462189283,-8.18250964414701));
#1790=CARTESIAN_POINT('',(1.32,1.5132134078298,-8.08877363038731));
#1791=CARTESIAN_POINT('',(1.32,1.52410188436243,-8.04201260557129));
#1792=CARTESIAN_POINT('',(1.32,1.54332608971297,-7.94884046429515));
#1793=CARTESIAN_POINT('',(1.32,1.55196030217495,-7.90238606177115));
#1794=CARTESIAN_POINT('',(1.32,1.56641020630509,-7.80992206509783));
#1795=CARTESIAN_POINT('',(1.32,1.57263177875625,-7.76384624595738));
#1796=CARTESIAN_POINT('',(1.32,1.58180790439956,-7.67227284577386));
#1797=CARTESIAN_POINT('',(1.32,1.58540509498045,-7.62665979786747));
#1798=CARTESIAN_POINT('',(1.32,1.58838864576767,-7.5362488993427));
#1799=CARTESIAN_POINT('',(1.32,1.588212869101,-7.49137618267604));
#1800=CARTESIAN_POINT('',(1.32,1.58638234,-7.44644833));
#1801=ORIENTED_EDGE('',*,*,#2347,.F.);
#1802=ORIENTED_EDGE('',*,*,#2416,.F.);
#1803=ORIENTED_EDGE('',*,*,#2319,.T.);
#1804=ORIENTED_EDGE('',*,*,#2415,.T.);
#1805=CARTESIAN_POINT('',(1.32,1.58638234,-7.44644833));
#1806=CARTESIAN_POINT('',(1.32,1.53441005603369,-7.34657485504703));
#1807=CARTESIAN_POINT('',(1.32,1.48853490270036,-7.24433791171369));
#1808=CARTESIAN_POINT('',(1.32,1.4177007320005,-7.05807215701754));
#1809=CARTESIAN_POINT('',(1.32,1.38968279252399,-6.97474476356282));
#1810=CARTESIAN_POINT('',(1.32,1.34815171453898,-6.82211278378212));
#1811=CARTESIAN_POINT('',(1.32,1.3320179982698,-6.75280847832142));
#1812=CARTESIAN_POINT('',(1.32,1.30928361788086,-6.62487466133489));
#1813=CARTESIAN_POINT('',(1.32,1.30096571712245,-6.56605744475354));
#1814=CARTESIAN_POINT('',(1.32,1.29086758065657,-6.45669158089435));
#1815=CARTESIAN_POINT('',(1.32,1.28792314976173,-6.40588680744632));
#1816=CARTESIAN_POINT('',(1.32,1.28669410229919,-6.3108021785935));
#1817=CARTESIAN_POINT('',(1.32,1.28759953391695,-6.26625001719093));
#1818=CARTESIAN_POINT('',(1.32,1.29285212196047,-6.18239198646883));
#1819=CARTESIAN_POINT('',(1.32,1.29662503422672,-6.14282047464678));
#1820=CARTESIAN_POINT('',(1.32,1.30679844009375,-6.0679741199248));
#1821=CARTESIAN_POINT('',(1.32,1.31278670575,-6.03244979334378));
#1822=CARTESIAN_POINT('',(1.32,1.32683189054366,-5.96498386112751));
#1823=CARTESIAN_POINT('',(1.32,1.33459110629612,-5.93281223933209));
#1824=CARTESIAN_POINT('',(1.32,1.35178489933615,-5.87150886264016));
#1825=CARTESIAN_POINT('',(1.32,1.36100475509063,-5.84216701364484));
#1826=CARTESIAN_POINT('',(1.32,1.38083652649822,-5.78610625376378));
#1827=CARTESIAN_POINT('',(1.32,1.39129516996702,-5.75919635594043));
#1828=CARTESIAN_POINT('',(1.32,1.41339583843605,-5.70767650536044));
#1829=CARTESIAN_POINT('',(1.32,1.42493098722207,-5.68289335806435));
#1830=CARTESIAN_POINT('',(1.32,1.44902747106859,-5.63537493523285));
#1831=CARTESIAN_POINT('',(1.32,1.46151760397406,-5.61248282681017));
#1832=CARTESIAN_POINT('',(1.32,1.48740294097601,-5.56854858741924));
#1833=CARTESIAN_POINT('',(1.32,1.50075481148369,-5.54736459923733));
#1834=CARTESIAN_POINT('',(1.32,1.52826824974312,-5.50669057607963));
#1835=CARTESIAN_POINT('',(1.32,1.54240858656665,-5.48707240607919));
#1836=CARTESIAN_POINT('',(1.32,1.57142209379361,-5.44940664121639));
#1837=CARTESIAN_POINT('',(1.32,1.58629181182406,-5.43124353810897));
#1838=CARTESIAN_POINT('',(1.32,1.61670081725937,-5.39639030037373));
#1839=CARTESIAN_POINT('',(1.32,1.63225113807911,-5.37959635216897));
#1840=CARTESIAN_POINT('',(1.32,1.66396814101947,-5.34740428442936));
#1841=CARTESIAN_POINT('',(1.32,1.68015780296912,-5.3319132681896));
#1842=CARTESIAN_POINT('',(1.32,1.7131079311422,-5.30226645034775));
#1843=CARTESIAN_POINT('',(1.32,1.72990133916337,-5.28802803876039));
#1844=CARTESIAN_POINT('',(1.32,1.76401927415551,-5.26083919043563));
#1845=CARTESIAN_POINT('',(1.32,1.78138513899844,-5.24781593897485));
#1846=CARTESIAN_POINT('',(1.32,1.81661301423623,-5.22302125401808));
#1847=CARTESIAN_POINT('',(1.32,1.8345234964335,-5.21118642904127));
#1848=CARTESIAN_POINT('',(1.32,1.87080951026234,-5.18874168861525));
#1849=CARTESIAN_POINT('',(1.32,1.88923962727205,-5.1780775606344));
#1850=CARTESIAN_POINT('',(1.32,1.92653717132418,-5.15795523697285));
#1851=CARTESIAN_POINT('',(1.32,1.94546444821536,-5.14845187117144));
#1852=CARTESIAN_POINT('',(1.32,1.98373163392347,-5.13063907308657));
#1853=CARTESIAN_POINT('',(1.32,2.00310238392347,-5.12230853975324));
#1854=CARTESIAN_POINT('',(1.32,2.02273571,-5.11454204));
#1855=ORIENTED_EDGE('',*,*,#2346,.F.);
#1856=ORIENTED_EDGE('',*,*,#2417,.F.);
#1857=ORIENTED_EDGE('',*,*,#2320,.T.);
#1858=ORIENTED_EDGE('',*,*,#2416,.T.);
#1859=ORIENTED_EDGE('',*,*,#2345,.F.);
#1860=ORIENTED_EDGE('',*,*,#2418,.F.);
#1861=ORIENTED_EDGE('',*,*,#2321,.T.);
#1862=ORIENTED_EDGE('',*,*,#2417,.T.);
#1863=CARTESIAN_POINT('',(1.32,2.18623722,-5.04681749));
#1864=CARTESIAN_POINT('',(1.32,2.20561182451878,-5.03842637998066));
#1865=CARTESIAN_POINT('',(1.32,2.22519959118544,-5.03061976998066));
#1866=CARTESIAN_POINT('',(1.32,2.26485412878287,-5.01615633574265));
#1867=CARTESIAN_POINT('',(1.32,2.28495762775823,-5.00949262239667));
#1868=CARTESIAN_POINT('',(1.32,2.32555960284044,-4.99734790852311));
#1869=CARTESIAN_POINT('',(1.32,2.34613233870678,-4.9918565262705));
#1870=CARTESIAN_POINT('',(1.32,2.38766125517772,-4.98206926867204));
#1871=CARTESIAN_POINT('',(1.32,2.4086943678553,-4.97777313108708));
#1872=CARTESIAN_POINT('',(1.32,2.45113673031323,-4.97039575169505));
#1873=CARTESIAN_POINT('',(1.32,2.47262507926737,-4.96732505855663));
#1874=CARTESIAN_POINT('',(1.32,2.51597552075555,-4.96242545586942));
#1875=CARTESIAN_POINT('',(1.32,2.53791833138352,-4.9606188066487));
#1876=CARTESIAN_POINT('',(1.32,2.58218105430702,-4.95828301044445));
#1877=CARTESIAN_POINT('',(1.32,2.60458267411235,-4.95778898105634));
#1878=CARTESIAN_POINT('',(1.32,2.64977321184571,-4.9581248997281));
#1879=CARTESIAN_POINT('',(1.32,2.6726440666384,-4.95900428538526));
#1880=CARTESIAN_POINT('',(1.32,2.71879144423939,-4.96214683432962));
#1881=CARTESIAN_POINT('',(1.32,2.74214917635365,-4.96447560541742));
#1882=CARTESIAN_POINT('',(1.32,2.78929853949237,-4.97059367610908));
#1883=CARTESIAN_POINT('',(1.32,2.81316940564836,-4.97446709389698));
#1884=CARTESIAN_POINT('',(1.32,2.86138522056266,-4.98377303154728));
#1885=CARTESIAN_POINT('',(1.32,2.8858057626986,-4.98931116679274));
#1886=CARTESIAN_POINT('',(1.32,2.93517565822403,-5.00207366981796));
#1887=CARTESIAN_POINT('',(1.32,2.96019467764222,-5.00942898876593));
#1888=CARTESIAN_POINT('',(1.32,3.01083406258335,-5.02599080347417));
#1889=CARTESIAN_POINT('',(1.32,3.03651497736556,-5.03535854731615));
#1890=CARTESIAN_POINT('',(1.32,3.08857254572804,-5.05616104615904));
#1891=CARTESIAN_POINT('',(1.32,3.11499609527587,-5.06779383607081));
#1892=CARTESIAN_POINT('',(1.32,3.16866022106253,-5.09341159989087));
#1893=CARTESIAN_POINT('',(1.32,3.1959274644525,-5.10764000419865));
#1894=CARTESIAN_POINT('',(1.32,3.25143334845485,-5.13883019161798));
#1895=CARTESIAN_POINT('',(1.32,3.27966871740439,-5.15609236448096));
#1896=CARTESIAN_POINT('',(1.32,3.3373057792693,-5.1938665348135));
#1897=CARTESIAN_POINT('',(1.32,3.36665961117823,-5.21475168457398));
#1898=CARTESIAN_POINT('',(1.32,3.42677765811747,-5.26048236746326));
#1899=CARTESIAN_POINT('',(1.32,3.45742679298234,-5.28579580475354));
#1900=CARTESIAN_POINT('',(1.32,3.52043751538586,-5.34137824694341));
#1901=CARTESIAN_POINT('',(1.32,3.55258088996946,-5.37224113988944));
#1902=CARTESIAN_POINT('',(1.32,3.61894680896454,-5.44034519153673));
#1903=CARTESIAN_POINT('',(1.32,3.65278918065518,-5.47835162145929));
#1904=CARTESIAN_POINT('',(1.32,3.72298206315385,-5.56282542476393));
#1905=CARTESIAN_POINT('',(1.32,3.75869047270654,-5.61029711690543));
#1906=CARTESIAN_POINT('',(1.32,3.83307770734186,-5.71683561882958));
#1907=CARTESIAN_POINT('',(1.32,3.87067498947047,-5.77724942621592));
#1908=CARTESIAN_POINT('',(1.32,3.9492351915909,-5.9145434450636));
#1909=CARTESIAN_POINT('',(1.32,3.98834488391773,-5.99327648685729));
#1910=CARTESIAN_POINT('',(1.32,4.06996734027789,-6.1750735887583));
#1911=CARTESIAN_POINT('',(1.32,4.10982114361122,-6.27980465542496));
#1912=CARTESIAN_POINT('',(1.32,4.1436924,-6.38717582));
#1913=ORIENTED_EDGE('',*,*,#2419,.F.);
#1914=ORIENTED_EDGE('',*,*,#2322,.T.);
#1915=ORIENTED_EDGE('',*,*,#2418,.T.);
#1916=ORIENTED_EDGE('',*,*,#2344,.F.);
#1917=CARTESIAN_POINT('',(1.32,4.1436924,-6.38717582));
#1918=CARTESIAN_POINT('',(1.32,4.17416681162013,-6.42023898571606));
#1919=CARTESIAN_POINT('',(1.32,4.20577232162013,-6.4520930790494));
#1920=CARTESIAN_POINT('',(1.32,4.27181217014603,-6.51391354982533));
#1921=CARTESIAN_POINT('',(1.32,4.30660906056102,-6.54362325232285));
#1922=CARTESIAN_POINT('',(1.32,4.37784973286288,-6.60188692322269));
#1923=CARTESIAN_POINT('',(1.32,4.41482957519339,-6.63006812569964));
#1924=CARTESIAN_POINT('',(1.32,4.49042912037427,-6.68523241979113));
#1925=CARTESIAN_POINT('',(1.32,4.52938265282111,-6.71197533826228));
#1926=CARTESIAN_POINT('',(1.32,4.60885887278017,-6.76426442560466));
#1927=CARTESIAN_POINT('',(1.32,4.6496232279623,-6.78963014219515));
#1928=CARTESIAN_POINT('',(1.32,4.73264802741523,-6.8391680830023));
#1929=CARTESIAN_POINT('',(1.32,4.77509752184058,-6.86319364571852));
#1930=CARTESIAN_POINT('',(1.32,4.86142574581388,-6.91005047270803));
#1931=CARTESIAN_POINT('',(1.32,4.90545964656551,-6.93275662806409));
#1932=CARTESIAN_POINT('',(1.32,4.99489643435048,-6.97696950762504));
#1933=CARTESIAN_POINT('',(1.32,5.04043093260763,-6.99836594614863));
#1934=CARTESIAN_POINT('',(1.32,5.13281427696547,-7.03995051592712));
#1935=CARTESIAN_POINT('',(1.32,5.17977742772519,-7.060039117106));
#1936=CARTESIAN_POINT('',(1.32,5.27496790306412,-7.09899616242638));
#1937=CARTESIAN_POINT('',(1.32,5.32329629323427,-7.11777318306084));
#1938=CARTESIAN_POINT('',(1.32,5.4211705800802,-7.15409289391364));
#1939=CARTESIAN_POINT('',(1.32,5.47080708371577,-7.17155046313534));
#1940=CARTESIAN_POINT('',(1.32,5.57125364049421,-7.2052152530823));
#1941=CARTESIAN_POINT('',(1.32,5.62214582655471,-7.22134236042432));
#1942=CARTESIAN_POINT('',(1.32,5.72506189601149,-7.25232886097444));
#1943=CARTESIAN_POINT('',(1.32,5.77716089831974,-7.2671121984344));
#1944=CARTESIAN_POINT('',(1.32,5.88245036812811,-7.29539269210668));
#1945=CARTESIAN_POINT('',(1.32,5.93571004217961,-7.30881713791699));
#1946=CARTESIAN_POINT('',(1.32,6.04328187681235,-7.33436061239017));
#1947=CARTESIAN_POINT('',(1.32,6.09765818701153,-7.34640971307429));
#1948=CARTESIAN_POINT('',(1.32,6.20742523838863,-7.36918268482531));
#1949=CARTESIAN_POINT('',(1.32,6.26287574306413,-7.37983897876763));
#1950=CARTESIAN_POINT('',(1.32,6.37475384114897,-7.39980611317586));
#1951=CARTESIAN_POINT('',(1.32,6.43123735117579,-7.40905137130786));
#1952=CARTESIAN_POINT('',(1.32,6.54514461596926,-7.42617599552162));
#1953=CARTESIAN_POINT('',(1.32,6.60262087754707,-7.43399149064019));
#1954=CARTESIAN_POINT('',(1.32,6.71847714433412,-7.44823599173752));
#1955=CARTESIAN_POINT('',(1.32,6.77690660538904,-7.45460260637942));
#1956=CARTESIAN_POINT('',(1.32,6.89463299375365,-7.46592875885933));
#1957=CARTESIAN_POINT('',(1.32,6.95395475375365,-7.47084746219267));
#1958=CARTESIAN_POINT('',(1.32,7.01335161,-7.4749849));
#1959=ORIENTED_EDGE('',*,*,#2420,.F.);
#1960=ORIENTED_EDGE('',*,*,#2323,.T.);
#1961=ORIENTED_EDGE('',*,*,#2419,.T.);
#1962=ORIENTED_EDGE('',*,*,#2343,.F.);
#1963=ORIENTED_EDGE('',*,*,#2342,.F.);
#1964=ORIENTED_EDGE('',*,*,#2421,.F.);
#1965=ORIENTED_EDGE('',*,*,#2324,.T.);
#1966=ORIENTED_EDGE('',*,*,#2420,.T.);
#1967=CARTESIAN_POINT('',(1.32,7.4749848970909,-7.01335160678041));
#1968=CARTESIAN_POINT('',(1.32,7.47084746010597,-6.95395475108354));
#1969=CARTESIAN_POINT('',(1.32,7.46592875698238,-6.89463299169814));
#1970=CARTESIAN_POINT('',(1.32,7.45460260358215,-6.7769066034401));
#1971=CARTESIAN_POINT('',(1.32,7.44823598512113,-6.71847714220943));
#1972=CARTESIAN_POINT('',(1.32,7.43399148603843,-6.60262087578975));
#1973=CARTESIAN_POINT('',(1.32,7.42617599901154,-6.54514461438953));
#1974=CARTESIAN_POINT('',(1.32,7.40905137530572,-6.43123735206933));
#1975=CARTESIAN_POINT('',(1.32,7.3998061081787,-6.37475384470568));
#1976=CARTESIAN_POINT('',(1.32,7.37983897531414,-6.26287574577312));
#1977=CARTESIAN_POINT('',(1.32,7.36918269181492,-6.20742523745367));
#1978=CARTESIAN_POINT('',(1.32,7.34640972280734,-6.09765818727752));
#1979=CARTESIAN_POINT('',(1.32,7.33436061755663,-6.04328188136823));
#1980=CARTESIAN_POINT('',(1.32,7.30881714083986,-5.93571004625839));
#1981=CARTESIAN_POINT('',(1.32,7.29539269458982,-5.88245036796025));
#1982=CARTESIAN_POINT('',(1.32,7.26711219868905,-5.7771608972143));
#1983=CARTESIAN_POINT('',(1.32,7.25232886047822,-5.72506189793886));
#1984=CARTESIAN_POINT('',(1.32,7.22134235753045,-5.62214583088618));
#1985=CARTESIAN_POINT('',(1.32,7.20521524560891,-5.57125364517636));
#1986=CARTESIAN_POINT('',(1.32,7.17155045740369,-5.47080708839343));
#1987=CARTESIAN_POINT('',(1.32,7.1540928964992,-5.421170583689));
#1988=CARTESIAN_POINT('',(1.32,7.11777318683245,-5.3232962944709));
#1989=CARTESIAN_POINT('',(1.32,7.09899616124153,-5.27496790224209));
#1990=CARTESIAN_POINT('',(1.32,7.06003911264031,-5.17977742583576));
#1991=CARTESIAN_POINT('',(1.32,7.03995051031328,-5.13281427714717));
#1992=CARTESIAN_POINT('',(1.32,6.99836594026577,-5.04043093334247));
#1993=CARTESIAN_POINT('',(1.32,6.97696950259165,-4.99489643362511));
#1994=CARTESIAN_POINT('',(1.32,6.93275662439233,-4.90545964574852));
#1995=CARTESIAN_POINT('',(1.32,6.91005046955648,-4.86142574648198));
#1996=CARTESIAN_POINT('',(1.32,6.8631936461968,-4.77509752203945));
#1997=CARTESIAN_POINT('',(1.32,6.83916808845323,-4.73264802454811));
#1998=CARTESIAN_POINT('',(1.32,6.78963014758865,-4.64962322347094));
#1999=CARTESIAN_POINT('',(1.32,6.76426442543902,-4.60885887013528));
#2000=CARTESIAN_POINT('',(1.32,6.71197533849128,-4.52938265125497));
#2001=CARTESIAN_POINT('',(1.32,6.68523242563266,-4.49042911803221));
#2002=CARTESIAN_POINT('',(1.32,6.63006813176727,-4.41482957377097));
#2003=CARTESIAN_POINT('',(1.32,6.60188692367419,-4.37784973353818));
#2004=CARTESIAN_POINT('',(1.32,6.54362325209551,-4.30660906062469));
#2005=CARTESIAN_POINT('',(1.32,6.5139135544633,-4.27181216728653));
#2006=CARTESIAN_POINT('',(1.32,6.45209308401691,-4.20577231885285));
#2007=CARTESIAN_POINT('',(1.32,6.42023898889868,-4.17416680948056));
#2008=CARTESIAN_POINT('',(1.32,6.38717582006683,-4.14369239972966));
#2009=ORIENTED_EDGE('',*,*,#2341,.F.);
#2010=ORIENTED_EDGE('',*,*,#2422,.F.);
#2011=ORIENTED_EDGE('',*,*,#2325,.T.);
#2012=ORIENTED_EDGE('',*,*,#2421,.T.);
#2013=CARTESIAN_POINT('',(1.32,6.38717582006683,-4.14369239972966));
#2014=CARTESIAN_POINT('',(1.32,6.27980465424058,-4.10982114275608));
#2015=CARTESIAN_POINT('',(1.32,6.17507358631183,-4.06996733884726));
#2016=CARTESIAN_POINT('',(1.32,5.99327648562175,-3.98834488304038));
#2017=CARTESIAN_POINT('',(1.32,5.9145434456526,-3.94923519306867));
#2018=CARTESIAN_POINT('',(1.32,5.77724943085055,-3.87067499201299));
#2019=CARTESIAN_POINT('',(1.32,5.7168356263142,-3.83307770783598));
#2020=CARTESIAN_POINT('',(1.32,5.61029712224085,-3.75869047284082));
#2021=CARTESIAN_POINT('',(1.32,5.56282542551415,-3.72298206417714));
#2022=CARTESIAN_POINT('',(1.32,5.47835162077661,-3.65278918098435));
#2023=CARTESIAN_POINT('',(1.32,5.44034519390239,-3.61894680821507));
#2024=CARTESIAN_POINT('',(1.32,5.37224114025879,-3.55258089016181));
#2025=CARTESIAN_POINT('',(1.32,5.34137824165134,-3.52043751788071));
#2026=CARTESIAN_POINT('',(1.32,5.28579580009515,-3.45742679507582));
#2027=CARTESIAN_POINT('',(1.32,5.26048236759226,-3.42677765887635));
#2028=CARTESIAN_POINT('',(1.32,5.21475168689759,-3.36665960962901));
#2029=CARTESIAN_POINT('',(1.32,5.19386653792815,-3.3373057741534));
#2030=CARTESIAN_POINT('',(1.32,5.15609236516957,-3.27966871057359));
#2031=CARTESIAN_POINT('',(1.32,5.13883018731151,-3.25143334456503));
#2032=CARTESIAN_POINT('',(1.32,5.10764000159593,-3.1959274635436));
#2033=CARTESIAN_POINT('',(1.32,5.09341160372435,-3.16866022062091));
#2034=CARTESIAN_POINT('',(1.32,5.06779384029923,-3.11499609710529));
#2035=CARTESIAN_POINT('',(1.32,5.0561610467861,-3.08857254815456));
#2036=CARTESIAN_POINT('',(1.32,5.03535854361848,-3.03651497990053));
#2037=CARTESIAN_POINT('',(1.32,5.02599079403486,-3.01083406645972));
#2038=CARTESIAN_POINT('',(1.32,5.00942898215004,-2.96019468031366));
#2039=CARTESIAN_POINT('',(1.32,5.00207367472409,-2.93517565753694));
#2040=CARTESIAN_POINT('',(1.32,4.98931117345187,-2.88580576160997));
#2041=CARTESIAN_POINT('',(1.32,4.98377302993337,-2.86138522173645));
#2042=CARTESIAN_POINT('',(1.32,4.97446709110742,-2.81316940537651));
#2043=CARTESIAN_POINT('',(1.32,4.97059367812182,-2.78929853627855));
#2044=CARTESIAN_POINT('',(1.32,4.96447560807494,-2.74214917081929));
#2045=CARTESIAN_POINT('',(1.32,4.96214683315396,-2.71879143899098));
#2046=CARTESIAN_POINT('',(1.32,4.95900428635751,-2.67264406428964));
#2047=CARTESIAN_POINT('',(1.32,4.95812490900029,-2.64977321232989));
#2048=CARTESIAN_POINT('',(1.32,4.95778898745924,-2.60458267507275));
#2049=CARTESIAN_POINT('',(1.32,4.95828300457835,-2.58218105269244));
#2050=CARTESIAN_POINT('',(1.32,4.96061879771393,-2.53791832768371));
#2051=CARTESIAN_POINT('',(1.32,4.96242545301818,-2.51597551760596));
#2052=CARTESIAN_POINT('',(1.32,4.96732505718811,-2.47262507538985));
#2053=CARTESIAN_POINT('',(1.32,4.97039574855871,-2.45113672517723));
#2054=CARTESIAN_POINT('',(1.32,4.97777312815582,-2.40869436583948));
#2055=CARTESIAN_POINT('',(1.32,4.98206926657657,-2.38766125742821));
#2056=CARTESIAN_POINT('',(1.32,4.99185652485997,-2.3461323428304));
#2057=CARTESIAN_POINT('',(1.32,4.99734790836489,-2.32555960490407));
#2058=CARTESIAN_POINT('',(1.32,5.00949262317145,-2.2849576270689));
#2059=CARTESIAN_POINT('',(1.32,5.01615633460832,-2.26485412682747));
#2060=CARTESIAN_POINT('',(1.32,5.03061977080173,-2.22519958999863));
#2061=CARTESIAN_POINT('',(1.32,5.0384263828725,-2.20561182470606));
#2062=CARTESIAN_POINT('',(1.32,5.04681749623686,-2.18623722205849));
#2063=ORIENTED_EDGE('',*,*,#2340,.F.);
#2064=ORIENTED_EDGE('',*,*,#2423,.F.);
#2065=ORIENTED_EDGE('',*,*,#2326,.T.);
#2066=ORIENTED_EDGE('',*,*,#2422,.T.);
#2067=ORIENTED_EDGE('',*,*,#2339,.F.);
#2068=ORIENTED_EDGE('',*,*,#2424,.F.);
#2069=ORIENTED_EDGE('',*,*,#2327,.T.);
#2070=ORIENTED_EDGE('',*,*,#2423,.T.);
#2071=CARTESIAN_POINT('',(1.32,5.1145420341343,-2.02273570704544));
#2072=CARTESIAN_POINT('',(1.32,5.12230853757597,-2.00310238201105));
#2073=CARTESIAN_POINT('',(1.32,5.13063907334519,-1.98373163250367));
#2074=CARTESIAN_POINT('',(1.32,5.14845187335621,-1.94546444763478));
#2075=CARTESIAN_POINT('',(1.32,5.15795523691244,-1.92653717028889));
#2076=CARTESIAN_POINT('',(1.32,5.17807755928707,-1.88923962884314));
#2077=CARTESIAN_POINT('',(1.32,5.18874168669681,-1.87080951417557));
#2078=CARTESIAN_POINT('',(1.32,5.21118642893165,-1.83452349950656));
#2079=CARTESIAN_POINT('',(1.32,5.22302125751619,-1.81661301488354));
#2080=CARTESIAN_POINT('',(1.32,5.24781594482428,-1.78138513758447));
#2081=CARTESIAN_POINT('',(1.32,5.26083919414514,-1.76401927238138));
#2082=CARTESIAN_POINT('',(1.32,5.28802804300362,-1.72990133895241));
#2083=CARTESIAN_POINT('',(1.32,5.30226645928175,-1.71310793484388));
#2084=CARTESIAN_POINT('',(1.32,5.33191327347924,-1.6801578059754));
#2085=CARTESIAN_POINT('',(1.32,5.34740427922272,-1.66396813717105));
#2086=CARTESIAN_POINT('',(1.32,5.37959634527017,-1.63225113186505));
#2087=CARTESIAN_POINT('',(1.32,5.39639030134708,-1.61670081491106));
#2088=CARTESIAN_POINT('',(1.32,5.43124354265147,-1.58629180894419));
#2089=CARTESIAN_POINT('',(1.32,5.44940664325062,-1.57142208800108));
#2090=CARTESIAN_POINT('',(1.32,5.48707240692848,-1.54240858287091));
#2091=CARTESIAN_POINT('',(1.32,5.50669057824438,-1.5282682515234));
#2092=CARTESIAN_POINT('',(1.32,5.54736459954855,-1.5007548134549));
#2093=CARTESIAN_POINT('',(1.32,5.56854858348031,-1.48740293549752));
#2094=CARTESIAN_POINT('',(1.32,5.61248282382686,-1.46151760001906));
#2095=CARTESIAN_POINT('',(1.32,5.635374938022,-1.44902747763572));
#2096=CARTESIAN_POINT('',(1.32,5.68289336199794,-1.42493099663768));
#2097=CARTESIAN_POINT('',(1.32,5.70767650618259,-1.41339584284319));
#2098=CARTESIAN_POINT('',(1.32,5.75919635378122,-1.39129517123943));
#2099=CARTESIAN_POINT('',(1.32,5.78610624948025,-1.38083652480187));
#2100=CARTESIAN_POINT('',(1.32,5.84216701124643,-1.36100475206768));
#2101=CARTESIAN_POINT('',(1.32,5.87150886512324,-1.35178490053386));
#2102=CARTESIAN_POINT('',(1.32,5.93281224512775,-1.33459110659073));
#2103=CARTESIAN_POINT('',(1.32,5.9649838654707,-1.32683188522664));
#2104=CARTESIAN_POINT('',(1.32,6.03244979475888,-1.31278669993013));
#2105=CARTESIAN_POINT('',(1.32,6.06797411937723,-1.30679843735524));
#2106=CARTESIAN_POINT('',(1.32,6.14282047401895,-1.29662503467211));
#2107=CARTESIAN_POINT('',(1.32,6.1823919882825,-1.29285212673476));
#2108=CARTESIAN_POINT('',(1.32,6.26625001916886,-1.28759953942313));
#2109=CARTESIAN_POINT('',(1.32,6.31080217819631,-1.28669410217403));
#2110=CARTESIAN_POINT('',(1.32,6.40588680630349,-1.287923147559));
#2111=CARTESIAN_POINT('',(1.32,6.45669158114432,-1.29086758137205));
#2112=CARTESIAN_POINT('',(1.32,6.56605744349948,-1.30096571731554));
#2113=CARTESIAN_POINT('',(1.32,6.62487465746723,-1.3092836142031));
#2114=CARTESIAN_POINT('',(1.32,6.7528084726796,-1.33201799332677));
#2115=CARTESIAN_POINT('',(1.32,6.8221127787071,-1.34815171305963));
#2116=CARTESIAN_POINT('',(1.32,6.97474476210139,-1.38968279315244));
#2117=CARTESIAN_POINT('',(1.32,7.05807215851158,-1.41770073225377));
#2118=CARTESIAN_POINT('',(1.32,7.24433791445522,-1.48853490341867));
#2119=CARTESIAN_POINT('',(1.32,7.34657485648919,-1.53441005626649));
#2120=CARTESIAN_POINT('',(1.32,7.44644833014391,-1.58638233976159));
#2121=ORIENTED_EDGE('',*,*,#2425,.F.);
#2122=ORIENTED_EDGE('',*,*,#2328,.T.);
#2123=ORIENTED_EDGE('',*,*,#2424,.T.);
#2124=ORIENTED_EDGE('',*,*,#2338,.F.);
#2125=CARTESIAN_POINT('',(1.32,7.44644833014391,-1.58638233976159));
#2126=CARTESIAN_POINT('',(1.32,7.4913761819385,-1.58821286533764));
#2127=CARTESIAN_POINT('',(1.32,7.53624889778691,-1.58838864029833));
#2128=CARTESIAN_POINT('',(1.32,7.62665979660991,-1.58540508967895));
#2129=CARTESIAN_POINT('',(1.32,7.67227284588958,-1.58180790460533));
#2130=CARTESIAN_POINT('',(1.32,7.76384624516061,-1.5726317789145));
#2131=CARTESIAN_POINT('',(1.32,7.80992206181318,-1.56641020100883));
#2132=CARTESIAN_POINT('',(1.32,7.90238605929665,-1.55196029638828));
#2133=CARTESIAN_POINT('',(1.32,7.94884046524066,-1.54332608844361));
#2134=CARTESIAN_POINT('',(1.32,8.04201260755863,-1.52410188260934));
#2135=CARTESIAN_POINT('',(1.32,8.0887736297494,-1.51321340084015));
#2136=CARTESIAN_POINT('',(1.32,8.18250964231998,-1.48953461601108));
#2137=CARTESIAN_POINT('',(1.32,8.22951460600454,-1.47650692896344));
#2138=CARTESIAN_POINT('',(1.32,8.32369065869302,-1.44859643649329));
#2139=CARTESIAN_POINT('',(1.32,8.37088300494354,-1.43351544309667));
#2140=CARTESIAN_POINT('',(1.32,8.46538759102716,-1.40153731091971));
#2141=CARTESIAN_POINT('',(1.32,8.512714910296,-1.38446912519742));
#2142=CARTESIAN_POINT('',(1.32,8.60744453084321,-1.34854896721639));
#2143=CARTESIAN_POINT('',(1.32,8.65485727932943,-1.32954579096644));
#2144=CARTESIAN_POINT('',(1.32,8.74971390086699,-1.28978275127095));
#2145=CARTESIAN_POINT('',(1.32,8.79716459190125,-1.26888677747892));
#2146=CARTESIAN_POINT('',(1.32,8.89205407766855,-1.22536111938111));
#2147=CARTESIAN_POINT('',(1.32,8.93949675156335,-1.2026071766457));
#2148=CARTESIAN_POINT('',(1.32,9.03432779426693,-1.15538533645954));
#2149=CARTESIAN_POINT('',(1.32,9.08171759110219,-1.13080271354922));
#2150=CARTESIAN_POINT('',(1.32,9.17640100637237,-1.0799408276075));
#2151=CARTESIAN_POINT('',(1.32,9.2236939623641,-1.05355466794879));
#2152=CARTESIAN_POINT('',(1.32,9.3181421893041,-0.999101098710725));
#2153=CARTESIAN_POINT('',(1.32,9.36529498265585,-0.970933338691272));
#2154=CARTESIAN_POINT('',(1.32,9.45942172040439,-0.912930528972825));
#2155=CARTESIAN_POINT('',(1.32,9.50639157888307,-0.883000672096024));
#2156=CARTESIAN_POINT('',(1.32,9.60011152801558,-0.821486568469343));
#2157=CARTESIAN_POINT('',(1.32,9.64685609360078,-0.789812278302017));
#2158=CARTESIAN_POINT('',(1.32,9.74008475156375,-0.724821412620893));
#2159=CARTESIAN_POINT('',(1.32,9.78656200924789,-0.691418924374665));
#2160=CARTESIAN_POINT('',(1.32,9.87921554651659,-0.622983262919614));
#2161=CARTESIAN_POINT('',(1.32,9.92538379043218,-0.58786779819736));
#2162=CARTESIAN_POINT('',(1.32,10.0173789256408,-0.516017429629825));
#2163=CARTESIAN_POINT('',(1.32,10.0631966701603,-0.479203437883299));
#2164=CARTESIAN_POINT('',(1.32,10.1544505969208,-0.403967109569384));
#2165=CARTESIAN_POINT('',(1.32,10.1998754641704,-0.365498339283109));
#2166=CARTESIAN_POINT('',(1.32,10.2448009943336,-0.326424029780456));
#2167=ORIENTED_EDGE('',*,*,#2426,.F.);
#2168=ORIENTED_EDGE('',*,*,#2329,.T.);
#2169=ORIENTED_EDGE('',*,*,#2425,.T.);
#2170=ORIENTED_EDGE('',*,*,#2337,.F.);
#2171=ORIENTED_EDGE('',*,*,#2336,.F.);
#2172=ORIENTED_EDGE('',*,*,#2427,.F.);
#2173=ORIENTED_EDGE('',*,*,#2330,.T.);
#2174=ORIENTED_EDGE('',*,*,#2426,.T.);
#2175=CARTESIAN_POINT('',(1.32,10.24480099,0.32642403));
#2176=CARTESIAN_POINT('',(1.32,10.1998754608068,0.365498339695645));
#2177=CARTESIAN_POINT('',(1.32,10.1544505941401,0.403967109695645));
#2178=CARTESIAN_POINT('',(1.32,10.0631966668042,0.479203437283446));
#2179=CARTESIAN_POINT('',(1.32,10.0173789194599,0.51601742645371));
#2180=CARTESIAN_POINT('',(1.32,9.92538378593563,0.587867796186043));
#2181=CARTESIAN_POINT('',(1.32,9.87921554786729,0.622983266504402));
#2182=CARTESIAN_POINT('',(1.32,9.78656201270663,0.691418926569755));
#2183=CARTESIAN_POINT('',(1.32,9.7400847505452,0.724821406572391));
#2184=CARTESIAN_POINT('',(1.32,9.64685609307434,0.789812273944476));
#2185=CARTESIAN_POINT('',(1.32,9.60011153229687,0.821486574072862));
#2186=CARTESIAN_POINT('',(1.32,9.50639158595346,0.883000678790255));
#2187=CARTESIAN_POINT('',(1.32,9.45942172727912,0.91293052940457));
#2188=CARTESIAN_POINT('',(1.32,9.36529498760676,0.970933337873914));
#2189=CARTESIAN_POINT('',(1.32,9.31814219094126,0.999101100585266));
#2190=CARTESIAN_POINT('',(1.32,9.22369396176249,1.05355466891052));
#2191=CARTESIAN_POINT('',(1.32,9.17640100738435,1.07994082589376));
#2192=CARTESIAN_POINT('',(1.32,9.08171759211872,1.13080270844014));
#2193=CARTESIAN_POINT('',(1.32,9.03432779229323,1.15538532786428));
#2194=CARTESIAN_POINT('',(1.32,8.93949675081806,1.2026071692852));
#2195=CARTESIAN_POINT('',(1.32,8.89205408204863,1.22536111865757));
#2196=CARTESIAN_POINT('',(1.32,8.7971645954426,1.26888677927141));
#2197=CARTESIAN_POINT('',(1.32,8.74971389944791,1.28978275101439));
#2198=CARTESIAN_POINT('',(1.32,8.65485727483568,1.32954578914475));
#2199=CARTESIAN_POINT('',(1.32,8.60744452700211,1.34854896311833));
#2200=CARTESIAN_POINT('',(1.32,8.51271490665579,1.38446912051799));
#2201=CARTESIAN_POINT('',(1.32,8.4653875869551,1.40153730787347));
#2202=CARTESIAN_POINT('',(1.32,8.37088300176951,1.43351544107804));
#2203=CARTESIAN_POINT('',(1.32,8.32369065693695,1.44859643379239));
#2204=CARTESIAN_POINT('',(1.32,8.22951460648336,1.47650692916101));
#2205=CARTESIAN_POINT('',(1.32,8.18250964414701,1.48953462189283));
#2206=CARTESIAN_POINT('',(1.32,8.08877363038731,1.5132134078298));
#2207=CARTESIAN_POINT('',(1.32,8.04201260557129,1.52410188436243));
#2208=CARTESIAN_POINT('',(1.32,7.94884046429515,1.54332608971297));
#2209=CARTESIAN_POINT('',(1.32,7.90238606177115,1.55196030217495));
#2210=CARTESIAN_POINT('',(1.32,7.80992206509783,1.56641020630509));
#2211=CARTESIAN_POINT('',(1.32,7.76384624595738,1.57263177875625));
#2212=CARTESIAN_POINT('',(1.32,7.67227284577386,1.58180790439956));
#2213=CARTESIAN_POINT('',(1.32,7.62665979786747,1.58540509498045));
#2214=CARTESIAN_POINT('',(1.32,7.5362488993427,1.58838864576767));
#2215=CARTESIAN_POINT('',(1.32,7.49137618267604,1.588212869101));
#2216=CARTESIAN_POINT('',(1.32,7.44644833,1.58638234));
#2217=ORIENTED_EDGE('',*,*,#2335,.F.);
#2218=ORIENTED_EDGE('',*,*,#2428,.F.);
#2219=ORIENTED_EDGE('',*,*,#2331,.T.);
#2220=ORIENTED_EDGE('',*,*,#2427,.T.);
#2221=CARTESIAN_POINT('',(1.32,7.44644833,1.58638234));
#2222=CARTESIAN_POINT('',(1.32,7.34657485504703,1.53441005603369));
#2223=CARTESIAN_POINT('',(1.32,7.24433791171369,1.48853490270036));
#2224=CARTESIAN_POINT('',(1.32,7.05807215701754,1.4177007320005));
#2225=CARTESIAN_POINT('',(1.32,6.97474476356282,1.38968279252399));
#2226=CARTESIAN_POINT('',(1.32,6.82211278378212,1.34815171453898));
#2227=CARTESIAN_POINT('',(1.32,6.75280847832142,1.3320179982698));
#2228=CARTESIAN_POINT('',(1.32,6.62487466133489,1.30928361788086));
#2229=CARTESIAN_POINT('',(1.32,6.56605744475354,1.30096571712245));
#2230=CARTESIAN_POINT('',(1.32,6.45669158089435,1.29086758065657));
#2231=CARTESIAN_POINT('',(1.32,6.40588680744632,1.28792314976173));
#2232=CARTESIAN_POINT('',(1.32,6.3108021785935,1.28669410229919));
#2233=CARTESIAN_POINT('',(1.32,6.26625001719093,1.28759953391695));
#2234=CARTESIAN_POINT('',(1.32,6.18239198646883,1.29285212196047));
#2235=CARTESIAN_POINT('',(1.32,6.14282047464678,1.29662503422672));
#2236=CARTESIAN_POINT('',(1.32,6.0679741199248,1.30679844009375));
#2237=CARTESIAN_POINT('',(1.32,6.03244979334378,1.31278670575));
#2238=CARTESIAN_POINT('',(1.32,5.96498386112751,1.32683189054366));
#2239=CARTESIAN_POINT('',(1.32,5.93281223933209,1.33459110629612));
#2240=CARTESIAN_POINT('',(1.32,5.87150886264016,1.35178489933615));
#2241=CARTESIAN_POINT('',(1.32,5.84216701364484,1.36100475509063));
#2242=CARTESIAN_POINT('',(1.32,5.78610625376378,1.38083652649822));
#2243=CARTESIAN_POINT('',(1.32,5.75919635594043,1.39129516996702));
#2244=CARTESIAN_POINT('',(1.32,5.70767650536044,1.41339583843605));
#2245=CARTESIAN_POINT('',(1.32,5.68289335806435,1.42493098722207));
#2246=CARTESIAN_POINT('',(1.32,5.63537493523285,1.44902747106859));
#2247=CARTESIAN_POINT('',(1.32,5.61248282681017,1.46151760397406));
#2248=CARTESIAN_POINT('',(1.32,5.56854858741924,1.48740294097601));
#2249=CARTESIAN_POINT('',(1.32,5.54736459923733,1.50075481148369));
#2250=CARTESIAN_POINT('',(1.32,5.50669057607963,1.52826824974312));
#2251=CARTESIAN_POINT('',(1.32,5.48707240607919,1.54240858656665));
#2252=CARTESIAN_POINT('',(1.32,5.44940664121639,1.57142209379361));
#2253=CARTESIAN_POINT('',(1.32,5.43124353810897,1.58629181182406));
#2254=CARTESIAN_POINT('',(1.32,5.39639030037373,1.61670081725937));
#2255=CARTESIAN_POINT('',(1.32,5.37959635216897,1.63225113807911));
#2256=CARTESIAN_POINT('',(1.32,5.34740428442936,1.66396814101947));
#2257=CARTESIAN_POINT('',(1.32,5.3319132681896,1.68015780296912));
#2258=CARTESIAN_POINT('',(1.32,5.30226645034775,1.7131079311422));
#2259=CARTESIAN_POINT('',(1.32,5.28802803876039,1.72990133916337));
#2260=CARTESIAN_POINT('',(1.32,5.26083919043563,1.76401927415551));
#2261=CARTESIAN_POINT('',(1.32,5.24781593897485,1.78138513899844));
#2262=CARTESIAN_POINT('',(1.32,5.22302125401808,1.81661301423623));
#2263=CARTESIAN_POINT('',(1.32,5.21118642904127,1.8345234964335));
#2264=CARTESIAN_POINT('',(1.32,5.18874168861525,1.87080951026234));
#2265=CARTESIAN_POINT('',(1.32,5.1780775606344,1.88923962727205));
#2266=CARTESIAN_POINT('',(1.32,5.15795523697285,1.92653717132418));
#2267=CARTESIAN_POINT('',(1.32,5.14845187117144,1.94546444821536));
#2268=CARTESIAN_POINT('',(1.32,5.13063907308657,1.98373163392347));
#2269=CARTESIAN_POINT('',(1.32,5.12230853975324,2.00310238392347));
#2270=CARTESIAN_POINT('',(1.32,5.11454204,2.02273571));
#2271=ORIENTED_EDGE('',*,*,#2334,.F.);
#2272=ORIENTED_EDGE('',*,*,#2382,.F.);
#2273=ORIENTED_EDGE('',*,*,#2332,.T.);
#2274=ORIENTED_EDGE('',*,*,#2428,.T.);
#2275=EDGE_CURVE('',#2429,#2429,#2430,.T.);
#2276=EDGE_CURVE('',#2431,#2432,#2433,.T.);
#2277=EDGE_CURVE('',#2432,#2431,#2434,.T.);
#2278=EDGE_CURVE('',#2435,#2435,#2436,.T.);
#2279=EDGE_CURVE('',#2437,#2438,#2439,.F.);
#2280=EDGE_CURVE('',#2438,#2437,#2440,.F.);
#2281=EDGE_CURVE('',#2431,#2438,#2441,.T.);
#2282=EDGE_CURVE('',#2432,#2437,#2442,.T.);
#2283=EDGE_CURVE('',#2443,#2443,#2444,.F.);
#2284=EDGE_CURVE('',#2445,#2445,#2446,.T.);
#2285=EDGE_CURVE('',#2447,#2448,#2449,.T.);
#2286=EDGE_CURVE('',#2450,#2447,#2451,.T.);
#2287=EDGE_CURVE('',#2452,#2450,#2453,.T.);
#2288=EDGE_CURVE('',#2454,#2452,#2455,.T.);
#2289=EDGE_CURVE('',#2456,#2454,#2457,.T.);
#2290=EDGE_CURVE('',#2458,#2456,#2459,.T.);
#2291=EDGE_CURVE('',#2460,#2458,#2461,.T.);
#2292=EDGE_CURVE('',#2462,#2460,#2463,.T.);
#2293=EDGE_CURVE('',#2464,#2462,#2465,.T.);
#2294=EDGE_CURVE('',#2466,#2464,#2467,.T.);
#2295=EDGE_CURVE('',#2468,#2466,#2469,.T.);
#2296=EDGE_CURVE('',#2470,#2468,#2471,.T.);
#2297=EDGE_CURVE('',#2472,#2470,#2473,.T.);
#2298=EDGE_CURVE('',#2474,#2472,#2475,.T.);
#2299=EDGE_CURVE('',#2476,#2474,#2477,.T.);
#2300=EDGE_CURVE('',#2478,#2476,#2479,.T.);
#2301=EDGE_CURVE('',#2480,#2478,#2481,.T.);
#2302=EDGE_CURVE('',#2482,#2480,#2483,.T.);
#2303=EDGE_CURVE('',#2484,#2482,#2485,.T.);
#2304=EDGE_CURVE('',#2486,#2484,#2487,.T.);
#2305=EDGE_CURVE('',#2488,#2486,#2489,.T.);
#2306=EDGE_CURVE('',#2490,#2488,#2491,.T.);
#2307=EDGE_CURVE('',#2492,#2490,#2493,.T.);
#2308=EDGE_CURVE('',#2494,#2492,#2495,.T.);
#2309=EDGE_CURVE('',#2496,#2494,#2497,.T.);
#2310=EDGE_CURVE('',#2498,#2496,#2499,.T.);
#2311=EDGE_CURVE('',#2500,#2498,#2501,.T.);
#2312=EDGE_CURVE('',#2502,#2500,#2503,.T.);
#2313=EDGE_CURVE('',#2504,#2502,#2505,.T.);
#2314=EDGE_CURVE('',#2506,#2504,#2507,.T.);
#2315=EDGE_CURVE('',#2508,#2506,#2509,.T.);
#2316=EDGE_CURVE('',#2510,#2508,#2511,.T.);
#2317=EDGE_CURVE('',#2512,#2510,#2513,.T.);
#2318=EDGE_CURVE('',#2514,#2512,#2515,.T.);
#2319=EDGE_CURVE('',#2516,#2514,#2517,.T.);
#2320=EDGE_CURVE('',#2518,#2516,#2519,.T.);
#2321=EDGE_CURVE('',#2520,#2518,#2521,.T.);
#2322=EDGE_CURVE('',#2522,#2520,#2523,.T.);
#2323=EDGE_CURVE('',#2524,#2522,#2525,.T.);
#2324=EDGE_CURVE('',#2526,#2524,#2527,.T.);
#2325=EDGE_CURVE('',#2528,#2526,#2529,.T.);
#2326=EDGE_CURVE('',#2530,#2528,#2531,.T.);
#2327=EDGE_CURVE('',#2532,#2530,#2533,.T.);
#2328=EDGE_CURVE('',#2534,#2532,#2535,.T.);
#2329=EDGE_CURVE('',#2536,#2534,#2537,.T.);
#2330=EDGE_CURVE('',#2538,#2536,#2539,.T.);
#2331=EDGE_CURVE('',#2540,#2538,#2541,.T.);
#2332=EDGE_CURVE('',#2448,#2540,#2542,.T.);
#2333=EDGE_CURVE('',#2543,#2544,#2545,.F.);
#2334=EDGE_CURVE('',#2544,#2546,#2547,.F.);
#2335=EDGE_CURVE('',#2546,#2548,#2549,.F.);
#2336=EDGE_CURVE('',#2548,#2550,#2551,.F.);
#2337=EDGE_CURVE('',#2550,#2552,#2553,.T.);
#2338=EDGE_CURVE('',#2552,#2554,#2555,.F.);
#2339=EDGE_CURVE('',#2554,#2556,#2557,.F.);
#2340=EDGE_CURVE('',#2556,#2558,#2559,.F.);
#2341=EDGE_CURVE('',#2558,#2560,#2561,.F.);
#2342=EDGE_CURVE('',#2560,#2562,#2563,.F.);
#2343=EDGE_CURVE('',#2562,#2564,#2565,.T.);
#2344=EDGE_CURVE('',#2564,#2566,#2567,.F.);
#2345=EDGE_CURVE('',#2566,#2568,#2569,.F.);
#2346=EDGE_CURVE('',#2568,#2570,#2571,.F.);
#2347=EDGE_CURVE('',#2570,#2572,#2573,.F.);
#2348=EDGE_CURVE('',#2572,#2574,#2575,.F.);
#2349=EDGE_CURVE('',#2574,#2576,#2577,.T.);
#2350=EDGE_CURVE('',#2576,#2578,#2579,.F.);
#2351=EDGE_CURVE('',#2578,#2580,#2581,.F.);
#2352=EDGE_CURVE('',#2580,#2582,#2583,.F.);
#2353=EDGE_CURVE('',#2582,#2584,#2585,.F.);
#2354=EDGE_CURVE('',#2584,#2586,#2587,.F.);
#2355=EDGE_CURVE('',#2586,#2588,#2589,.T.);
#2356=EDGE_CURVE('',#2588,#2590,#2591,.F.);
#2357=EDGE_CURVE('',#2590,#2592,#2593,.F.);
#2358=EDGE_CURVE('',#2592,#2594,#2595,.F.);
#2359=EDGE_CURVE('',#2594,#2596,#2597,.F.);
#2360=EDGE_CURVE('',#2596,#2598,#2599,.F.);
#2361=EDGE_CURVE('',#2598,#2600,#2601,.T.);
#2362=EDGE_CURVE('',#2600,#2602,#2603,.F.);
#2363=EDGE_CURVE('',#2602,#2604,#2605,.F.);
#2364=EDGE_CURVE('',#2604,#2606,#2607,.F.);
#2365=EDGE_CURVE('',#2606,#2608,#2609,.F.);
#2366=EDGE_CURVE('',#2608,#2610,#2611,.F.);
#2367=EDGE_CURVE('',#2610,#2612,#2613,.T.);
#2368=EDGE_CURVE('',#2612,#2614,#2615,.F.);
#2369=EDGE_CURVE('',#2614,#2616,#2617,.F.);
#2370=EDGE_CURVE('',#2616,#2618,#2619,.F.);
#2371=EDGE_CURVE('',#2618,#2620,#2621,.F.);
#2372=EDGE_CURVE('',#2620,#2622,#2623,.F.);
#2373=EDGE_CURVE('',#2622,#2624,#2625,.T.);
#2374=EDGE_CURVE('',#2624,#2626,#2627,.F.);
#2375=EDGE_CURVE('',#2626,#2628,#2629,.F.);
#2376=EDGE_CURVE('',#2628,#2630,#2631,.F.);
#2377=EDGE_CURVE('',#2630,#2632,#2633,.F.);
#2378=EDGE_CURVE('',#2632,#2634,#2635,.F.);
#2379=EDGE_CURVE('',#2634,#2636,#2637,.T.);
#2380=EDGE_CURVE('',#2636,#2543,#2638,.F.);
#2381=EDGE_CURVE('',#2447,#2543,#2639,.T.);
#2382=EDGE_CURVE('',#2448,#2544,#2640,.T.);
#2383=EDGE_CURVE('',#2450,#2636,#2641,.T.);
#2384=EDGE_CURVE('',#2452,#2634,#2642,.T.);
#2385=EDGE_CURVE('',#2454,#2632,#2643,.T.);
#2386=EDGE_CURVE('',#2456,#2630,#2644,.T.);
#2387=EDGE_CURVE('',#2458,#2628,#2645,.T.);
#2388=EDGE_CURVE('',#2460,#2626,#2646,.T.);
#2389=EDGE_CURVE('',#2462,#2624,#2647,.T.);
#2390=EDGE_CURVE('',#2464,#2622,#2648,.T.);
#2391=EDGE_CURVE('',#2466,#2620,#2649,.T.);
#2392=EDGE_CURVE('',#2468,#2618,#2650,.T.);
#2393=EDGE_CURVE('',#2470,#2616,#2651,.T.);
#2394=EDGE_CURVE('',#2472,#2614,#2652,.T.);
#2395=EDGE_CURVE('',#2474,#2612,#2653,.T.);
#2396=EDGE_CURVE('',#2476,#2610,#2654,.T.);
#2397=EDGE_CURVE('',#2478,#2608,#2655,.T.);
#2398=EDGE_CURVE('',#2480,#2606,#2656,.T.);
#2399=EDGE_CURVE('',#2482,#2604,#2657,.T.);
#2400=EDGE_CURVE('',#2484,#2602,#2658,.T.);
#2401=EDGE_CURVE('',#2486,#2600,#2659,.T.);
#2402=EDGE_CURVE('',#2488,#2598,#2660,.T.);
#2403=EDGE_CURVE('',#2490,#2596,#2661,.T.);
#2404=EDGE_CURVE('',#2492,#2594,#2662,.T.);
#2405=EDGE_CURVE('',#2494,#2592,#2663,.T.);
#2406=EDGE_CURVE('',#2496,#2590,#2664,.T.);
#2407=EDGE_CURVE('',#2498,#2588,#2665,.T.);
#2408=EDGE_CURVE('',#2500,#2586,#2666,.T.);
#2409=EDGE_CURVE('',#2502,#2584,#2667,.T.);
#2410=EDGE_CURVE('',#2504,#2582,#2668,.T.);
#2411=EDGE_CURVE('',#2506,#2580,#2669,.T.);
#2412=EDGE_CURVE('',#2508,#2578,#2670,.T.);
#2413=EDGE_CURVE('',#2510,#2576,#2671,.T.);
#2414=EDGE_CURVE('',#2512,#2574,#2672,.T.);
#2415=EDGE_CURVE('',#2514,#2572,#2673,.T.);
#2416=EDGE_CURVE('',#2516,#2570,#2674,.T.);
#2417=EDGE_CURVE('',#2518,#2568,#2675,.T.);
#2418=EDGE_CURVE('',#2520,#2566,#2676,.T.);
#2419=EDGE_CURVE('',#2522,#2564,#2677,.T.);
#2420=EDGE_CURVE('',#2524,#2562,#2678,.T.);
#2421=EDGE_CURVE('',#2526,#2560,#2679,.T.);
#2422=EDGE_CURVE('',#2528,#2558,#2680,.T.);
#2423=EDGE_CURVE('',#2530,#2556,#2681,.T.);
#2424=EDGE_CURVE('',#2532,#2554,#2682,.T.);
#2425=EDGE_CURVE('',#2534,#2552,#2683,.T.);
#2426=EDGE_CURVE('',#2536,#2550,#2684,.T.);
#2427=EDGE_CURVE('',#2538,#2548,#2685,.T.);
#2428=EDGE_CURVE('',#2540,#2546,#2686,.T.);
#2429=VERTEX_POINT('',#2687);
#2430=CIRCLE('',#2688,3.5);
#2431=VERTEX_POINT('',#2692);
#2432=VERTEX_POINT('',#2693);
#2433=LINE('',#2694,#2695);
#2434=CIRCLE('',#2697,1.6);
#2435=VERTEX_POINT('',#2701);
#2436=CIRCLE('',#2702,3.5);
#2437=VERTEX_POINT('',#2706);
#2438=VERTEX_POINT('',#2707);
#2439=LINE('',#2708,#2709);
#2440=CIRCLE('',#2711,1.6);
#2441=LINE('',#2715,#2716);
#2442=LINE('',#2718,#2719);
#2443=VERTEX_POINT('',#2721);
#2444=CIRCLE('',#2722,3.5);
#2445=VERTEX_POINT('',#2726);
#2446=CIRCLE('',#2727,3.5);
#2447=VERTEX_POINT('',#2731);
#2448=VERTEX_POINT('',#2732);
#2449=B_SPLINE_CURVE_WITH_KNOTS('',3,
(#2733,#2734,#2735,#2736,#2737,#2738,#2739,#2740,#2741,#2742,#2743,#2744,#2745,#2746,
#2747,#2748,#2749,#2750,#2751,#2752,#2753,#2754,#2755,#2756,#2757,#2758,#2759,#2760,
#2761,#2762,#2763,#2764,#2765,#2766,#2767,#2768,#2769,#2770,#2771,#2772,#2773,#2774,
#2775,#2776,#2777,#2778,#2779,#2780,#2781,#2782),
.UNSPECIFIED.,.F.,.F.,
(4,2,2,2,2,2,2,2,2,2,2,2,2,2,2,2,2,2,2,2,2,2,2,2,4),
(0.,0.125554185639507,0.223578905738897,0.302982751178863,0.369304716182141,0.426144666763272,
0.475930406686168,0.520351617355468,0.560616631585731,0.597610345746619,0.631994612369622,
0.664273936888981,0.694839630825493,0.724000137688973,0.752002312294965,0.779046664735991,
0.805298452907364,0.830895891508666,0.85595634939201,0.880581110992962,0.904859078476486,
0.928869745960603,0.952685608378692,0.976374232126756,1.),
.UNSPECIFIED.);
#2450=VERTEX_POINT('',#2783);
#2451=B_SPLINE_CURVE_WITH_KNOTS('',3,
(#2784,#2785,#2786,#2787,#2788,#2789,#2790,#2791,#2792,#2793,#2794,#2795,#2796,#2797,
#2798,#2799,#2800,#2801,#2802,#2803,#2804,#2805,#2806,#2807,#2808,#2809,#2810,#2811,
#2812,#2813,#2814,#2815,#2816,#2817,#2818,#2819,#2820,#2821,#2822,#2823),
.UNSPECIFIED.,.F.,.F.,
(4,2,2,2,2,2,2,2,2,2,2,2,2,2,2,2,2,2,2,4),
(0.,0.00648805168186353,0.0687136519409977,0.130112327842276,0.190684076201361,0.250428892694773,
0.309346759015903,0.367437673425028,0.424701611959789,0.481138562720706,0.536748491794454,
0.591531376752912,0.645487169602725,0.698615805011643,0.750917191999435,0.802391179611091,
0.853037519438937,0.902855718752719,0.951844615599191,1.),
.UNSPECIFIED.);
#2452=VERTEX_POINT('',#2824);
#2453=CIRCLE('',#2825,10.);
#2454=VERTEX_POINT('',#2829);
#2455=B_SPLINE_CURVE_WITH_KNOTS('',3,
(#2830,#2831,#2832,#2833,#2834,#2835,#2836,#2837,#2838,#2839,#2840,#2841,#2842,#2843,
#2844,#2845,#2846,#2847,#2848,#2849,#2850,#2851,#2852,#2853,#2854,#2855,#2856,#2857,
#2858,#2859,#2860,#2861,#2862,#2863,#2864,#2865,#2866,#2867,#2868,#2869),
.UNSPECIFIED.,.F.,.F.,
(4,2,2,2,2,2,2,2,2,2,2,2,2,2,2,2,2,2,2,4),
(0.,0.0481553851367924,0.0971442807748935,0.146962481837487,0.197608818762763,0.249082807676659,
0.30138419466973,0.3545128282893,0.408468622034537,0.463251505304874,0.518861438113882,
0.575298386818768,0.632562326382451,0.690653237682696,0.749571108356321,0.80931592116427,
0.86988767106741,0.931286345545051,0.993511944223147,1.),
.UNSPECIFIED.);
#2456=VERTEX_POINT('',#2870);
#2457=B_SPLINE_CURVE_WITH_KNOTS('',3,
(#2871,#2872,#2873,#2874,#2875,#2876,#2877,#2878,#2879,#2880,#2881,#2882,#2883,#2884,
#2885,#2886,#2887,#2888,#2889,#2890,#2891,#2892,#2893,#2894,#2895,#2896,#2897,#2898,
#2899,#2900,#2901,#2902,#2903,#2904,#2905,#2906,#2907,#2908,#2909,#2910,#2911,#2912,
#2913,#2914,#2915,#2916,#2917,#2918,#2919,#2920),
.UNSPECIFIED.,.F.,.F.,
(4,2,2,2,2,2,2,2,2,2,2,2,2,2,2,2,2,2,2,2,2,2,2,2,4),
(0.,0.0236257672967474,0.0473143916452842,0.0711302566820706,0.0951409196549007,
0.119418888270918,0.144043649658094,0.169104110126862,0.194701545360583,0.220953333596968,
0.247997688360331,0.275999862627309,0.305160369497893,0.335726063962185,0.36800538961764,
0.402389652464228,0.439383366680748,0.479648383806531,0.52406959209953,0.573855334422502,
0.630695283328357,0.697017251795555,0.776421095826363,0.874445812837643,1.),
.UNSPECIFIED.);
#2458=VERTEX_POINT('',#2921);
#2459=CIRCLE('',#2922,5.5);
#2460=VERTEX_POINT('',#2926);
#2461=B_SPLINE_CURVE_WITH_KNOTS('',3,
(#2927,#2928,#2929,#2930,#2931,#2932,#2933,#2934,#2935,#2936,#2937,#2938,#2939,#2940,
#2941,#2942,#2943,#2944,#2945,#2946,#2947,#2948,#2949,#2950,#2951,#2952,#2953,#2954,
#2955,#2956,#2957,#2958,#2959,#2960,#2961,#2962,#2963,#2964,#2965,#2966,#2967,#2968,
#2969,#2970,#2971,#2972,#2973,#2974,#2975,#2976),
.UNSPECIFIED.,.F.,.F.,
(4,2,2,2,2,2,2,2,2,2,2,2,2,2,2,2,2,2,2,2,2,2,2,2,4),
(0.,0.125554185639507,0.223578905738897,0.302982751178863,0.369304716182141,0.426144666763272,
0.475930406686168,0.520351617355468,0.560616631585731,0.597610345746619,0.631994612369622,
0.664273936888981,0.694839630825493,0.724000137688973,0.752002312294965,0.779046664735991,
0.805298452907364,0.830895891508666,0.85595634939201,0.880581110992962,0.904859078476486,
0.928869745960603,0.952685608378692,0.976374232126756,1.),
.UNSPECIFIED.);
#2462=VERTEX_POINT('',#2977);
#2463=B_SPLINE_CURVE_WITH_KNOTS('',3,
(#2978,#2979,#2980,#2981,#2982,#2983,#2984,#2985,#2986,#2987,#2988,#2989,#2990,#2991,
#2992,#2993,#2994,#2995,#2996,#2997,#2998,#2999,#3000,#3001,#3002,#3003,#3004,#3005,
#3006,#3007,#3008,#3009,#3010,#3011,#3012,#3013,#3014,#3015,#3016,#3017),
.UNSPECIFIED.,.F.,.F.,
(4,2,2,2,2,2,2,2,2,2,2,2,2,2,2,2,2,2,2,4),
(0.,0.00648805168186252,0.0687136519409967,0.130112327842275,0.19068407620136,0.250428892694772,
0.309346759015903,0.367437673425027,0.424701611959788,0.481138562720705,0.536748491794453,
0.591531376752911,0.645487169602725,0.698615805011643,0.750917191999435,0.80239117961109,
0.853037519438937,0.902855718752719,0.951844615599191,1.),
.UNSPECIFIED.);
#2464=VERTEX_POINT('',#3018);
#2465=CIRCLE('',#3019,10.);
#2466=VERTEX_POINT('',#3023);
#2467=B_SPLINE_CURVE_WITH_KNOTS('',3,
(#3024,#3025,#3026,#3027,#3028,#3029,#3030,#3031,#3032,#3033,#3034,#3035,#3036,#3037,
#3038,#3039,#3040,#3041,#3042,#3043,#3044,#3045,#3046,#3047,#3048,#3049,#3050,#3051,
#3052,#3053,#3054,#3055,#3056,#3057,#3058,#3059,#3060,#3061,#3062,#3063),
.UNSPECIFIED.,.F.,.F.,
(4,2,2,2,2,2,2,2,2,2,2,2,2,2,2,2,2,2,2,4),
(0.,0.0481553851367924,0.0971442807748935,0.146962481837487,0.197608818762763,0.249082807676659,
0.30138419466973,0.354512828289301,0.408468622034537,0.463251505304874,0.518861438113882,
0.575298386818768,0.632562326382451,0.690653237682697,0.749571108356321,0.809315921164271,
0.86988767106741,0.931286345545052,0.993511944223147,1.),
.UNSPECIFIED.);
#2468=VERTEX_POINT('',#3064);
#2469=B_SPLINE_CURVE_WITH_KNOTS('',3,
(#3065,#3066,#3067,#3068,#3069,#3070,#3071,#3072,#3073,#3074,#3075,#3076,#3077,#3078,
#3079,#3080,#3081,#3082,#3083,#3084,#3085,#3086,#3087,#3088,#3089,#3090,#3091,#3092,
#3093,#3094,#3095,#3096,#3097,#3098,#3099,#3100,#3101,#3102,#3103,#3104,#3105,#3106,
#3107,#3108,#3109,#3110,#3111,#3112,#3113,#3114),
.UNSPECIFIED.,.F.,.F.,
(4,2,2,2,2,2,2,2,2,2,2,2,2,2,2,2,2,2,2,2,2,2,2,2,4),
(0.,0.0236257672967474,0.0473143916452842,0.0711302566820706,0.0951409196549007,
0.119418888270918,0.144043649658094,0.169104110126862,0.194701545360583,0.220953333596968,
0.247997688360331,0.275999862627309,0.305160369497893,0.335726063962185,0.36800538961764,
0.402389652464228,0.439383366680748,0.479648383806531,0.52406959209953,0.573855334422502,
0.630695283328357,0.697017251795555,0.776421095826363,0.874445812837643,1.),
.UNSPECIFIED.);
#2470=VERTEX_POINT('',#3115);
#2471=CIRCLE('',#3116,5.5);
#2472=VERTEX_POINT('',#3120);
#2473=B_SPLINE_CURVE_WITH_KNOTS('',3,
(#3121,#3122,#3123,#3124,#3125,#3126,#3127,#3128,#3129,#3130,#3131,#3132,#3133,#3134,
#3135,#3136,#3137,#3138,#3139,#3140,#3141,#3142,#3143,#3144,#3145,#3146,#3147,#3148,
#3149,#3150,#3151,#3152,#3153,#3154,#3155,#3156,#3157,#3158,#3159,#3160,#3161,#3162,
#3163,#3164,#3165,#3166,#3167,#3168,#3169,#3170),
.UNSPECIFIED.,.F.,.F.,
(4,2,2,2,2,2,2,2,2,2,2,2,2,2,2,2,2,2,2,2,2,2,2,2,4),
(0.,0.125554185639507,0.223578905738897,0.302982751178863,0.369304716182141,0.426144666763272,
0.475930406686168,0.520351617355468,0.560616631585731,0.597610345746619,0.631994612369622,
0.664273936888981,0.694839630825493,0.724000137688973,0.752002312294965,0.779046664735991,
0.805298452907364,0.830895891508666,0.85595634939201,0.880581110992962,0.904859078476486,
0.928869745960603,0.952685608378692,0.976374232126756,1.),
.UNSPECIFIED.);
#2474=VERTEX_POINT('',#3171);
#2475=B_SPLINE_CURVE_WITH_KNOTS('',3,
(#3172,#3173,#3174,#3175,#3176,#3177,#3178,#3179,#3180,#3181,#3182,#3183,#3184,#3185,
#3186,#3187,#3188,#3189,#3190,#3191,#3192,#3193,#3194,#3195,#3196,#3197,#3198,#3199,
#3200,#3201,#3202,#3203,#3204,#3205,#3206,#3207,#3208,#3209,#3210,#3211),
.UNSPECIFIED.,.F.,.F.,
(4,2,2,2,2,2,2,2,2,2,2,2,2,2,2,2,2,2,2,4),
(0.,0.00648805168186313,0.0687136519409973,0.130112327842275,0.19068407620136,0.250428892694773,
0.309346759015903,0.367437673425027,0.424701611959788,0.481138562720706,0.536748491794454,
0.591531376752911,0.645487169602725,0.698615805011643,0.750917191999435,0.802391179611091,
0.853037519438937,0.902855718752719,0.951844615599191,1.),
.UNSPECIFIED.);
#2476=VERTEX_POINT('',#3212);
#2477=CIRCLE('',#3213,10.);
#2478=VERTEX_POINT('',#3217);
#2479=B_SPLINE_CURVE_WITH_KNOTS('',3,
(#3218,#3219,#3220,#3221,#3222,#3223,#3224,#3225,#3226,#3227,#3228,#3229,#3230,#3231,
#3232,#3233,#3234,#3235,#3236,#3237,#3238,#3239,#3240,#3241,#3242,#3243,#3244,#3245,
#3246,#3247,#3248,#3249,#3250,#3251,#3252,#3253,#3254,#3255,#3256,#3257),
.UNSPECIFIED.,.F.,.F.,
(4,2,2,2,2,2,2,2,2,2,2,2,2,2,2,2,2,2,2,4),
(0.,0.0481553851367925,0.0971442807748937,0.146962481837487,0.197608818762763,0.249082807676659,
0.301384194669731,0.354512828289301,0.408468622034538,0.463251505304875,0.518861438113883,
0.575298386818768,0.632562326382452,0.690653237682697,0.749571108356322,0.809315921164271,
0.869887671067411,0.931286345545052,0.993511944223148,1.),
.UNSPECIFIED.);
#2480=VERTEX_POINT('',#3258);
#2481=B_SPLINE_CURVE_WITH_KNOTS('',3,
(#3259,#3260,#3261,#3262,#3263,#3264,#3265,#3266,#3267,#3268,#3269,#3270,#3271,#3272,
#3273,#3274,#3275,#3276,#3277,#3278,#3279,#3280,#3281,#3282,#3283,#3284,#3285,#3286,
#3287,#3288,#3289,#3290,#3291,#3292,#3293,#3294,#3295,#3296,#3297,#3298,#3299,#3300,
#3301,#3302,#3303,#3304,#3305,#3306,#3307,#3308),
.UNSPECIFIED.,.F.,.F.,
(4,2,2,2,2,2,2,2,2,2,2,2,2,2,2,2,2,2,2,2,2,2,2,2,4),
(0.,0.0236257672967474,0.0473143916452842,0.0711302566820706,0.0951409196549007,
0.119418888270918,0.144043649658094,0.169104110126862,0.194701545360583,0.220953333596968,
0.247997688360331,0.275999862627309,0.305160369497893,0.335726063962185,0.36800538961764,
0.402389652464228,0.439383366680748,0.479648383806531,0.52406959209953,0.573855334422502,
0.630695283328357,0.697017251795555,0.776421095826363,0.874445812837643,1.),
.UNSPECIFIED.);
#2482=VERTEX_POINT('',#3309);
#2483=CIRCLE('',#3310,5.5);
#2484=VERTEX_POINT('',#3314);
#2485=B_SPLINE_CURVE_WITH_KNOTS('',3,
(#3315,#3316,#3317,#3318,#3319,#3320,#3321,#3322,#3323,#3324,#3325,#3326,#3327,#3328,
#3329,#3330,#3331,#3332,#3333,#3334,#3335,#3336,#3337,#3338,#3339,#3340,#3341,#3342,
#3343,#3344,#3345,#3346,#3347,#3348,#3349,#3350,#3351,#3352,#3353,#3354,#3355,#3356,
#3357,#3358,#3359,#3360,#3361,#3362,#3363,#3364),
.UNSPECIFIED.,.F.,.F.,
(4,2,2,2,2,2,2,2,2,2,2,2,2,2,2,2,2,2,2,2,2,2,2,2,4),
(0.,0.125554185639507,0.223578905738897,0.302982751178863,0.369304716182141,0.426144666763272,
0.475930406686168,0.520351617355468,0.560616631585731,0.597610345746619,0.631994612369622,
0.664273936888981,0.694839630825493,0.724000137688973,0.752002312294965,0.779046664735991,
0.805298452907364,0.830895891508666,0.85595634939201,0.880581110992962,0.904859078476486,
0.928869745960603,0.952685608378692,0.976374232126756,1.),
.UNSPECIFIED.);
#2486=VERTEX_POINT('',#3365);
#2487=B_SPLINE_CURVE_WITH_KNOTS('',3,
(#3366,#3367,#3368,#3369,#3370,#3371,#3372,#3373,#3374,#3375,#3376,#3377,#3378,#3379,
#3380,#3381,#3382,#3383,#3384,#3385,#3386,#3387,#3388,#3389,#3390,#3391,#3392,#3393,
#3394,#3395,#3396,#3397,#3398,#3399,#3400,#3401,#3402,#3403,#3404,#3405),
.UNSPECIFIED.,.F.,.F.,
(4,2,2,2,2,2,2,2,2,2,2,2,2,2,2,2,2,2,2,4),
(0.,0.00648805168186272,0.0687136519409969,0.130112327842275,0.19068407620136,0.250428892694772,
0.309346759015903,0.367437673425027,0.424701611959788,0.481138562720706,0.536748491794454,
0.591531376752911,0.645487169602725,0.698615805011643,0.750917191999435,0.80239117961109,
0.853037519438937,0.902855718752719,0.951844615599191,1.),
.UNSPECIFIED.);
#2488=VERTEX_POINT('',#3406);
#2489=CIRCLE('',#3407,10.);
#2490=VERTEX_POINT('',#3411);
#2491=B_SPLINE_CURVE_WITH_KNOTS('',3,
(#3412,#3413,#3414,#3415,#3416,#3417,#3418,#3419,#3420,#3421,#3422,#3423,#3424,#3425,
#3426,#3427,#3428,#3429,#3430,#3431,#3432,#3433,#3434,#3435,#3436,#3437,#3438,#3439,
#3440,#3441,#3442,#3443,#3444,#3445,#3446,#3447,#3448,#3449,#3450,#3451),
.UNSPECIFIED.,.F.,.F.,
(4,2,2,2,2,2,2,2,2,2,2,2,2,2,2,2,2,2,2,4),
(0.,0.0481553851367925,0.0971442807748936,0.146962481837487,0.197608818762763,0.249082807676659,
0.30138419466973,0.354512828289301,0.408468622034537,0.463251505304875,0.518861438113883,
0.575298386818768,0.632562326382451,0.690653237682697,0.749571108356321,0.809315921164271,
0.86988767106741,0.931286345545052,0.993511944223147,1.),
.UNSPECIFIED.);
#2492=VERTEX_POINT('',#3452);
#2493=B_SPLINE_CURVE_WITH_KNOTS('',3,
(#3453,#3454,#3455,#3456,#3457,#3458,#3459,#3460,#3461,#3462,#3463,#3464,#3465,#3466,
#3467,#3468,#3469,#3470,#3471,#3472,#3473,#3474,#3475,#3476,#3477,#3478,#3479,#3480,
#3481,#3482,#3483,#3484,#3485,#3486,#3487,#3488,#3489,#3490,#3491,#3492,#3493,#3494,
#3495,#3496,#3497,#3498,#3499,#3500,#3501,#3502),
.UNSPECIFIED.,.F.,.F.,
(4,2,2,2,2,2,2,2,2,2,2,2,2,2,2,2,2,2,2,2,2,2,2,2,4),
(0.,0.0236257672967474,0.0473143916452842,0.0711302566820706,0.0951409196549007,
0.119418888270918,0.144043649658094,0.169104110126862,0.194701545360583,0.220953333596968,
0.247997688360331,0.275999862627309,0.305160369497893,0.335726063962185,0.36800538961764,
0.402389652464228,0.439383366680748,0.479648383806531,0.52406959209953,0.573855334422502,
0.630695283328357,0.697017251795555,0.776421095826363,0.874445812837643,1.),
.UNSPECIFIED.);
#2494=VERTEX_POINT('',#3503);
#2495=CIRCLE('',#3504,5.5);
#2496=VERTEX_POINT('',#3508);
#2497=B_SPLINE_CURVE_WITH_KNOTS('',3,
(#3509,#3510,#3511,#3512,#3513,#3514,#3515,#3516,#3517,#3518,#3519,#3520,#3521,#3522,
#3523,#3524,#3525,#3526,#3527,#3528,#3529,#3530,#3531,#3532,#3533,#3534,#3535,#3536,
#3537,#3538,#3539,#3540,#3541,#3542,#3543,#3544,#3545,#3546,#3547,#3548,#3549,#3550,
#3551,#3552,#3553,#3554,#3555,#3556,#3557,#3558),
.UNSPECIFIED.,.F.,.F.,
(4,2,2,2,2,2,2,2,2,2,2,2,2,2,2,2,2,2,2,2,2,2,2,2,4),
(0.,0.125554185639507,0.223578905738897,0.302982751178863,0.369304716182141,0.426144666763272,
0.475930406686168,0.520351617355468,0.560616631585731,0.597610345746619,0.631994612369622,
0.664273936888981,0.694839630825493,0.724000137688973,0.752002312294965,0.779046664735991,
0.805298452907364,0.830895891508666,0.85595634939201,0.880581110992962,0.904859078476486,
0.928869745960603,0.952685608378692,0.976374232126756,1.),
.UNSPECIFIED.);
#2498=VERTEX_POINT('',#3559);
#2499=B_SPLINE_CURVE_WITH_KNOTS('',3,
(#3560,#3561,#3562,#3563,#3564,#3565,#3566,#3567,#3568,#3569,#3570,#3571,#3572,#3573,
#3574,#3575,#3576,#3577,#3578,#3579,#3580,#3581,#3582,#3583,#3584,#3585,#3586,#3587,
#3588,#3589,#3590,#3591,#3592,#3593,#3594,#3595,#3596,#3597,#3598,#3599),
.UNSPECIFIED.,.F.,.F.,
(4,2,2,2,2,2,2,2,2,2,2,2,2,2,2,2,2,2,2,4),
(0.,0.00648805168186272,0.0687136519409969,0.130112327842275,0.19068407620136,0.250428892694772,
0.309346759015903,0.367437673425027,0.424701611959788,0.481138562720706,0.536748491794454,
0.591531376752911,0.645487169602725,0.698615805011643,0.750917191999435,0.80239117961109,
0.853037519438937,0.902855718752719,0.951844615599191,1.),
.UNSPECIFIED.);
#2500=VERTEX_POINT('',#3600);
#2501=CIRCLE('',#3601,10.);
#2502=VERTEX_POINT('',#3605);
#2503=B_SPLINE_CURVE_WITH_KNOTS('',3,
(#3606,#3607,#3608,#3609,#3610,#3611,#3612,#3613,#3614,#3615,#3616,#3617,#3618,#3619,
#3620,#3621,#3622,#3623,#3624,#3625,#3626,#3627,#3628,#3629,#3630,#3631,#3632,#3633,
#3634,#3635,#3636,#3637,#3638,#3639,#3640,#3641,#3642,#3643,#3644,#3645),
.UNSPECIFIED.,.F.,.F.,
(4,2,2,2,2,2,2,2,2,2,2,2,2,2,2,2,2,2,2,4),
(0.,0.0481553851367924,0.0971442807748936,0.146962481837487,0.197608818762763,0.249082807676659,
0.30138419466973,0.354512828289301,0.408468622034538,0.463251505304875,0.518861438113883,
0.575298386818768,0.632562326382452,0.690653237682697,0.749571108356322,0.809315921164271,
0.869887671067411,0.931286345545052,0.993511944223148,1.),
.UNSPECIFIED.);
#2504=VERTEX_POINT('',#3646);
#2505=B_SPLINE_CURVE_WITH_KNOTS('',3,
(#3647,#3648,#3649,#3650,#3651,#3652,#3653,#3654,#3655,#3656,#3657,#3658,#3659,#3660,
#3661,#3662,#3663,#3664,#3665,#3666,#3667,#3668,#3669,#3670,#3671,#3672,#3673,#3674,
#3675,#3676,#3677,#3678,#3679,#3680,#3681,#3682,#3683,#3684,#3685,#3686,#3687,#3688,
#3689,#3690,#3691,#3692,#3693,#3694,#3695,#3696),
.UNSPECIFIED.,.F.,.F.,
(4,2,2,2,2,2,2,2,2,2,2,2,2,2,2,2,2,2,2,2,2,2,2,2,4),
(0.,0.0236257672967474,0.0473143916452842,0.0711302566820706,0.0951409196549007,
0.119418888270918,0.144043649658094,0.169104110126862,0.194701545360583,0.220953333596968,
0.247997688360331,0.275999862627309,0.305160369497893,0.335726063962185,0.36800538961764,
0.402389652464228,0.439383366680748,0.479648383806531,0.52406959209953,0.573855334422502,
0.630695283328357,0.697017251795555,0.776421095826363,0.874445812837643,1.),
.UNSPECIFIED.);
#2506=VERTEX_POINT('',#3697);
#2507=CIRCLE('',#3698,5.5);
#2508=VERTEX_POINT('',#3702);
#2509=B_SPLINE_CURVE_WITH_KNOTS('',3,
(#3703,#3704,#3705,#3706,#3707,#3708,#3709,#3710,#3711,#3712,#3713,#3714,#3715,#3716,
#3717,#3718,#3719,#3720,#3721,#3722,#3723,#3724,#3725,#3726,#3727,#3728,#3729,#3730,
#3731,#3732,#3733,#3734,#3735,#3736,#3737,#3738,#3739,#3740,#3741,#3742,#3743,#3744,
#3745,#3746,#3747,#3748,#3749,#3750,#3751,#3752),
.UNSPECIFIED.,.F.,.F.,
(4,2,2,2,2,2,2,2,2,2,2,2,2,2,2,2,2,2,2,2,2,2,2,2,4),
(0.,0.125554185639507,0.223578905738897,0.302982751178863,0.369304716182141,0.426144666763272,
0.475930406686168,0.520351617355468,0.560616631585731,0.597610345746619,0.631994612369622,
0.664273936888981,0.694839630825493,0.724000137688973,0.752002312294965,0.779046664735991,
0.805298452907364,0.830895891508666,0.85595634939201,0.880581110992962,0.904859078476486,
0.928869745960603,0.952685608378692,0.976374232126756,1.),
.UNSPECIFIED.);
#2510=VERTEX_POINT('',#3753);
#2511=B_SPLINE_CURVE_WITH_KNOTS('',3,
(#3754,#3755,#3756,#3757,#3758,#3759,#3760,#3761,#3762,#3763,#3764,#3765,#3766,#3767,
#3768,#3769,#3770,#3771,#3772,#3773,#3774,#3775,#3776,#3777,#3778,#3779,#3780,#3781,
#3782,#3783,#3784,#3785,#3786,#3787,#3788,#3789,#3790,#3791,#3792,#3793),
.UNSPECIFIED.,.F.,.F.,
(4,2,2,2,2,2,2,2,2,2,2,2,2,2,2,2,2,2,2,4),
(0.,0.00648805168186272,0.0687136519409969,0.130112327842275,0.19068407620136,0.250428892694772,
0.309346759015903,0.367437673425027,0.424701611959788,0.481138562720706,0.536748491794454,
0.591531376752911,0.645487169602725,0.698615805011643,0.750917191999435,0.80239117961109,
0.853037519438937,0.902855718752719,0.951844615599191,1.),
.UNSPECIFIED.);
#2512=VERTEX_POINT('',#3794);
#2513=CIRCLE('',#3795,10.);
#2514=VERTEX_POINT('',#3799);
#2515=B_SPLINE_CURVE_WITH_KNOTS('',3,
(#3800,#3801,#3802,#3803,#3804,#3805,#3806,#3807,#3808,#3809,#3810,#3811,#3812,#3813,
#3814,#3815,#3816,#3817,#3818,#3819,#3820,#3821,#3822,#3823,#3824,#3825,#3826,#3827,
#3828,#3829,#3830,#3831,#3832,#3833,#3834,#3835,#3836,#3837,#3838,#3839),
.UNSPECIFIED.,.F.,.F.,
(4,2,2,2,2,2,2,2,2,2,2,2,2,2,2,2,2,2,2,4),
(0.,0.0481553851367925,0.0971442807748936,0.146962481837487,0.197608818762763,0.249082807676659,
0.30138419466973,0.354512828289301,0.408468622034537,0.463251505304874,0.518861438113882,
0.575298386818768,0.632562326382451,0.690653237682697,0.749571108356321,0.80931592116427,
0.86988767106741,0.931286345545051,0.993511944223147,1.),
.UNSPECIFIED.);
#2516=VERTEX_POINT('',#3840);
#2517=B_SPLINE_CURVE_WITH_KNOTS('',3,
(#3841,#3842,#3843,#3844,#3845,#3846,#3847,#3848,#3849,#3850,#3851,#3852,#3853,#3854,
#3855,#3856,#3857,#3858,#3859,#3860,#3861,#3862,#3863,#3864,#3865,#3866,#3867,#3868,
#3869,#3870,#3871,#3872,#3873,#3874,#3875,#3876,#3877,#3878,#3879,#3880,#3881,#3882,
#3883,#3884,#3885,#3886,#3887,#3888,#3889,#3890),
.UNSPECIFIED.,.F.,.F.,
(4,2,2,2,2,2,2,2,2,2,2,2,2,2,2,2,2,2,2,2,2,2,2,2,4),
(0.,0.0236257672967474,0.0473143916452842,0.0711302566820706,0.0951409196549007,
0.119418888270918,0.144043649658094,0.169104110126862,0.194701545360583,0.220953333596968,
0.247997688360331,0.275999862627309,0.305160369497893,0.335726063962185,0.36800538961764,
0.402389652464228,0.439383366680748,0.479648383806531,0.52406959209953,0.573855334422502,
0.630695283328357,0.697017251795555,0.776421095826363,0.874445812837643,1.),
.UNSPECIFIED.);
#2518=VERTEX_POINT('',#3891);
#2519=CIRCLE('',#3892,5.5);
#2520=VERTEX_POINT('',#3896);
#2521=B_SPLINE_CURVE_WITH_KNOTS('',3,
(#3897,#3898,#3899,#3900,#3901,#3902,#3903,#3904,#3905,#3906,#3907,#3908,#3909,#3910,
#3911,#3912,#3913,#3914,#3915,#3916,#3917,#3918,#3919,#3920,#3921,#3922,#3923,#3924,
#3925,#3926,#3927,#3928,#3929,#3930,#3931,#3932,#3933,#3934,#3935,#3936,#3937,#3938,
#3939,#3940,#3941,#3942,#3943,#3944,#3945,#3946),
.UNSPECIFIED.,.F.,.F.,
(4,2,2,2,2,2,2,2,2,2,2,2,2,2,2,2,2,2,2,2,2,2,2,2,4),
(0.,0.125554185639507,0.223578905738897,0.302982751178863,0.369304716182141,0.426144666763272,
0.475930406686168,0.520351617355468,0.560616631585731,0.597610345746619,0.631994612369622,
0.664273936888981,0.694839630825493,0.724000137688973,0.752002312294965,0.779046664735991,
0.805298452907364,0.830895891508666,0.85595634939201,0.880581110992962,0.904859078476486,
0.928869745960603,0.952685608378692,0.976374232126756,1.),
.UNSPECIFIED.);
#2522=VERTEX_POINT('',#3947);
#2523=B_SPLINE_CURVE_WITH_KNOTS('',3,
(#3948,#3949,#3950,#3951,#3952,#3953,#3954,#3955,#3956,#3957,#3958,#3959,#3960,#3961,
#3962,#3963,#3964,#3965,#3966,#3967,#3968,#3969,#3970,#3971,#3972,#3973,#3974,#3975,
#3976,#3977,#3978,#3979,#3980,#3981,#3982,#3983,#3984,#3985,#3986,#3987),
.UNSPECIFIED.,.F.,.F.,
(4,2,2,2,2,2,2,2,2,2,2,2,2,2,2,2,2,2,2,4),
(0.,0.00648805168186313,0.0687136519409973,0.130112327842275,0.19068407620136,0.250428892694773,
0.309346759015903,0.367437673425027,0.424701611959788,0.481138562720706,0.536748491794454,
0.591531376752911,0.645487169602725,0.698615805011643,0.750917191999435,0.802391179611091,
0.853037519438937,0.902855718752719,0.951844615599191,1.),
.UNSPECIFIED.);
#2524=VERTEX_POINT('',#3988);
#2525=CIRCLE('',#3989,10.);
#2526=VERTEX_POINT('',#3993);
#2527=B_SPLINE_CURVE_WITH_KNOTS('',3,
(#3994,#3995,#3996,#3997,#3998,#3999,#4000,#4001,#4002,#4003,#4004,#4005,#4006,#4007,
#4008,#4009,#4010,#4011,#4012,#4013,#4014,#4015,#4016,#4017,#4018,#4019,#4020,#4021,
#4022,#4023,#4024,#4025,#4026,#4027,#4028,#4029,#4030,#4031,#4032,#4033),
.UNSPECIFIED.,.F.,.F.,
(4,2,2,2,2,2,2,2,2,2,2,2,2,2,2,2,2,2,2,4),
(0.,0.0481553851367925,0.0971442807748937,0.146962481837487,0.197608818762763,0.249082807676659,
0.30138419466973,0.354512828289301,0.408468622034537,0.463251505304875,0.518861438113883,
0.575298386818768,0.632562326382452,0.690653237682697,0.749571108356322,0.809315921164271,
0.869887671067411,0.931286345545052,0.993511944223147,1.),
.UNSPECIFIED.);
#2528=VERTEX_POINT('',#4034);
#2529=B_SPLINE_CURVE_WITH_KNOTS('',3,
(#4035,#4036,#4037,#4038,#4039,#4040,#4041,#4042,#4043,#4044,#4045,#4046,#4047,#4048,
#4049,#4050,#4051,#4052,#4053,#4054,#4055,#4056,#4057,#4058,#4059,#4060,#4061,#4062,
#4063,#4064,#4065,#4066,#4067,#4068,#4069,#4070,#4071,#4072,#4073,#4074,#4075,#4076,
#4077,#4078,#4079,#4080,#4081,#4082,#4083,#4084),
.UNSPECIFIED.,.F.,.F.,
(4,2,2,2,2,2,2,2,2,2,2,2,2,2,2,2,2,2,2,2,2,2,2,2,4),
(0.,0.0236257672967474,0.0473143916452842,0.0711302566820706,0.0951409196549007,
0.119418888270918,0.144043649658094,0.169104110126862,0.194701545360583,0.220953333596968,
0.247997688360331,0.275999862627309,0.305160369497893,0.335726063962185,0.36800538961764,
0.402389652464228,0.439383366680748,0.479648383806531,0.52406959209953,0.573855334422502,
0.630695283328357,0.697017251795555,0.776421095826363,0.874445812837643,1.),
.UNSPECIFIED.);
#2530=VERTEX_POINT('',#4085);
#2531=CIRCLE('',#4086,5.5);
#2532=VERTEX_POINT('',#4090);
#2533=B_SPLINE_CURVE_WITH_KNOTS('',3,
(#4091,#4092,#4093,#4094,#4095,#4096,#4097,#4098,#4099,#4100,#4101,#4102,#4103,#4104,
#4105,#4106,#4107,#4108,#4109,#4110,#4111,#4112,#4113,#4114,#4115,#4116,#4117,#4118,
#4119,#4120,#4121,#4122,#4123,#4124,#4125,#4126,#4127,#4128,#4129,#4130,#4131,#4132,
#4133,#4134,#4135,#4136,#4137,#4138,#4139,#4140),
.UNSPECIFIED.,.F.,.F.,
(4,2,2,2,2,2,2,2,2,2,2,2,2,2,2,2,2,2,2,2,2,2,2,2,4),
(0.,0.125554185639507,0.223578905738897,0.302982751178863,0.369304716182141,0.426144666763272,
0.475930406686168,0.520351617355468,0.560616631585731,0.597610345746619,0.631994612369622,
0.664273936888981,0.694839630825493,0.724000137688973,0.752002312294965,0.779046664735991,
0.805298452907364,0.830895891508666,0.85595634939201,0.880581110992962,0.904859078476486,
0.928869745960603,0.952685608378692,0.976374232126756,1.),
.UNSPECIFIED.);
#2534=VERTEX_POINT('',#4141);
#2535=B_SPLINE_CURVE_WITH_KNOTS('',3,
(#4142,#4143,#4144,#4145,#4146,#4147,#4148,#4149,#4150,#4151,#4152,#4153,#4154,#4155,
#4156,#4157,#4158,#4159,#4160,#4161,#4162,#4163,#4164,#4165,#4166,#4167,#4168,#4169,
#4170,#4171,#4172,#4173,#4174,#4175,#4176,#4177,#4178,#4179,#4180,#4181),
.UNSPECIFIED.,.F.,.F.,
(4,2,2,2,2,2,2,2,2,2,2,2,2,2,2,2,2,2,2,4),
(0.,0.00648805168186353,0.0687136519409977,0.130112327842276,0.190684076201361,0.250428892694773,
0.309346759015903,0.367437673425028,0.424701611959789,0.481138562720706,0.536748491794454,
0.591531376752912,0.645487169602725,0.698615805011643,0.750917191999435,0.802391179611091,
0.853037519438937,0.902855718752719,0.951844615599191,1.),
.UNSPECIFIED.);
#2536=VERTEX_POINT('',#4182);
#2537=CIRCLE('',#4183,10.);
#2538=VERTEX_POINT('',#4187);
#2539=B_SPLINE_CURVE_WITH_KNOTS('',3,
(#4188,#4189,#4190,#4191,#4192,#4193,#4194,#4195,#4196,#4197,#4198,#4199,#4200,#4201,
#4202,#4203,#4204,#4205,#4206,#4207,#4208,#4209,#4210,#4211,#4212,#4213,#4214,#4215,
#4216,#4217,#4218,#4219,#4220,#4221,#4222,#4223,#4224,#4225,#4226,#4227),
.UNSPECIFIED.,.F.,.F.,
(4,2,2,2,2,2,2,2,2,2,2,2,2,2,2,2,2,2,2,4),
(0.,0.0481553851367924,0.0971442807748936,0.146962481837487,0.197608818762763,0.249082807676659,
0.30138419466973,0.3545128282893,0.408468622034537,0.463251505304874,0.518861438113882,
0.575298386818768,0.632562326382451,0.690653237682696,0.749571108356321,0.80931592116427,
0.86988767106741,0.931286345545051,0.993511944223147,1.),
.UNSPECIFIED.);
#2540=VERTEX_POINT('',#4228);
#2541=B_SPLINE_CURVE_WITH_KNOTS('',3,
(#4229,#4230,#4231,#4232,#4233,#4234,#4235,#4236,#4237,#4238,#4239,#4240,#4241,#4242,
#4243,#4244,#4245,#4246,#4247,#4248,#4249,#4250,#4251,#4252,#4253,#4254,#4255,#4256,
#4257,#4258,#4259,#4260,#4261,#4262,#4263,#4264,#4265,#4266,#4267,#4268,#4269,#4270,
#4271,#4272,#4273,#4274,#4275,#4276,#4277,#4278),
.UNSPECIFIED.,.F.,.F.,
(4,2,2,2,2,2,2,2,2,2,2,2,2,2,2,2,2,2,2,2,2,2,2,2,4),
(0.,0.0236257672967474,0.0473143916452842,0.0711302566820706,0.0951409196549007,
0.119418888270918,0.144043649658094,0.169104110126862,0.194701545360583,0.220953333596968,
0.247997688360331,0.275999862627309,0.305160369497893,0.335726063962185,0.36800538961764,
0.402389652464228,0.439383366680748,0.479648383806531,0.52406959209953,0.573855334422502,
0.630695283328357,0.697017251795555,0.776421095826363,0.874445812837643,1.),
.UNSPECIFIED.);
#2542=CIRCLE('',#4279,5.5);
#2543=VERTEX_POINT('',#4283);
#2544=VERTEX_POINT('',#4284);
#2545=B_SPLINE_CURVE_WITH_KNOTS('',3,
(#4285,#4286,#4287,#4288,#4289,#4290,#4291,#4292,#4293,#4294,#4295,#4296,#4297,#4298,
#4299,#4300,#4301,#4302,#4303,#4304,#4305,#4306,#4307,#4308,#4309,#4310,#4311,#4312,
#4313,#4314,#4315,#4316,#4317,#4318,#4319,#4320,#4321,#4322,#4323,#4324,#4325,#4326,
#4327,#4328,#4329,#4330,#4331,#4332,#4333,#4334),
.UNSPECIFIED.,.F.,.F.,
(4,2,2,2,2,2,2,2,2,2,2,2,2,2,2,2,2,2,2,2,2,2,2,2,4),
(0.,0.0236257678732442,0.0473143916213081,0.0711302540393972,0.0951409215235138,
0.119418889007038,0.14404365060799,0.169104108491334,0.194701547092636,0.220953335264009,
0.247997687705035,0.275999862311027,0.305160369174507,0.335726063111019,0.368005387630378,
0.40238965425338,0.439383368414269,0.479648382644532,0.524069593313832,0.573855333236728,
0.630695283817859,0.697017248821137,0.776421094261103,0.874445814360493,1.),
.UNSPECIFIED.);
#2546=VERTEX_POINT('',#4335);
#2547=CIRCLE('',#4336,5.5);
#2548=VERTEX_POINT('',#4340);
#2549=B_SPLINE_CURVE_WITH_KNOTS('',3,
(#4341,#4342,#4343,#4344,#4345,#4346,#4347,#4348,#4349,#4350,#4351,#4352,#4353,#4354,
#4355,#4356,#4357,#4358,#4359,#4360,#4361,#4362,#4363,#4364,#4365,#4366,#4367,#4368,
#4369,#4370,#4371,#4372,#4373,#4374,#4375,#4376,#4377,#4378,#4379,#4380,#4381,#4382,
#4383,#4384,#4385,#4386,#4387,#4388,#4389,#4390),
.UNSPECIFIED.,.F.,.F.,
(4,2,2,2,2,2,2,2,2,2,2,2,2,2,2,2,2,2,2,2,2,2,2,2,4),
(0.,0.125554187162357,0.223578904173637,0.302982748204445,0.369304716671643,0.426144665577498,
0.47593040790047,0.520351616193469,0.560616633319252,0.597610347535772,0.63199461038236,
0.664273936037815,0.694839630502107,0.724000137372691,0.752002311639669,0.779046666403032,
0.805298454639417,0.830895889873138,0.855956350341906,0.880581111729082,0.904859080345099,
0.928869743317929,0.952685608354716,0.976374232703252,1.),
.UNSPECIFIED.);
#2550=VERTEX_POINT('',#4391);
#2551=B_SPLINE_CURVE_WITH_KNOTS('',3,
(#4392,#4393,#4394,#4395,#4396,#4397,#4398,#4399,#4400,#4401,#4402,#4403,#4404,#4405,
#4406,#4407,#4408,#4409,#4410,#4411,#4412,#4413,#4414,#4415,#4416,#4417,#4418,#4419,
#4420,#4421,#4422,#4423,#4424,#4425,#4426,#4427,#4428,#4429,#4430,#4431),
.UNSPECIFIED.,.F.,.F.,
(4,2,2,2,2,2,2,2,2,2,2,2,2,2,2,2,2,2,2,4),
(0.,0.00648805577725858,0.0687136544553287,0.130112328932945,0.19068407883606,0.250428891643985,
0.309346762317585,0.367437673617807,0.424701613181467,0.481138561886329,0.536748494695315,
0.59153137796563,0.645487171710844,0.698615805330393,0.750917192323443,0.802391181237317,
0.853037518162573,0.902855719225146,0.951844614863227,1.),
.UNSPECIFIED.);
#2552=VERTEX_POINT('',#4432);
#2553=CIRCLE('',#4433,10.);
#2554=VERTEX_POINT('',#4437);
#2555=B_SPLINE_CURVE_WITH_KNOTS('',3,
(#4438,#4439,#4440,#4441,#4442,#4443,#4444,#4445,#4446,#4447,#4448,#4449,#4450,#4451,
#4452,#4453,#4454,#4455,#4456,#4457,#4458,#4459,#4460,#4461,#4462,#4463,#4464,#4465,
#4466,#4467,#4468,#4469,#4470,#4471,#4472,#4473,#4474,#4475,#4476,#4477),
.UNSPECIFIED.,.F.,.F.,
(4,2,2,2,2,2,2,2,2,2,2,2,2,2,2,2,2,2,2,4),
(0.,0.0481553843468013,0.0971442811383318,0.146962480396242,0.197608820167287,0.249082807721213,
0.301384194650348,0.354512829999681,0.408468622788982,0.463251507686,0.51886143669738,
0.575298387395002,0.632562325865541,0.690653240209515,0.749571106464568,0.809315922890975,
0.869887671182127,0.931286347014546,0.993511947203892,1.),
.UNSPECIFIED.);
#2556=VERTEX_POINT('',#4478);
#2557=B_SPLINE_CURVE_WITH_KNOTS('',3,
(#4479,#4480,#4481,#4482,#4483,#4484,#4485,#4486,#4487,#4488,#4489,#4490,#4491,#4492,
#4493,#4494,#4495,#4496,#4497,#4498,#4499,#4500,#4501,#4502,#4503,#4504,#4505,#4506,
#4507,#4508,#4509,#4510,#4511,#4512,#4513,#4514,#4515,#4516,#4517,#4518,#4519,#4520,
#4521,#4522,#4523,#4524,#4525,#4526,#4527,#4528),
.UNSPECIFIED.,.F.,.F.,
(4,2,2,2,2,2,2,2,2,2,2,2,2,2,2,2,2,2,2,2,2,2,2,2,4),
(0.,0.0236257678732442,0.0473143916213081,0.0711302540393972,0.0951409215235138,
0.119418889007038,0.14404365060799,0.169104108491334,0.194701547092636,0.220953335264009,
0.247997687705035,0.275999862311027,0.305160369174507,0.335726063111019,0.368005387630378,
0.40238965425338,0.439383368414269,0.479648382644532,0.524069593313832,0.573855333236728,
0.630695283817859,0.697017248821137,0.776421094261103,0.874445814360493,1.),
.UNSPECIFIED.);
#2558=VERTEX_POINT('',#4529);
#2559=CIRCLE('',#4530,5.5);
#2560=VERTEX_POINT('',#4534);
#2561=B_SPLINE_CURVE_WITH_KNOTS('',3,
(#4535,#4536,#4537,#4538,#4539,#4540,#4541,#4542,#4543,#4544,#4545,#4546,#4547,#4548,
#4549,#4550,#4551,#4552,#4553,#4554,#4555,#4556,#4557,#4558,#4559,#4560,#4561,#4562,
#4563,#4564,#4565,#4566,#4567,#4568,#4569,#4570,#4571,#4572,#4573,#4574,#4575,#4576,
#4577,#4578,#4579,#4580,#4581,#4582,#4583,#4584),
.UNSPECIFIED.,.F.,.F.,
(4,2,2,2,2,2,2,2,2,2,2,2,2,2,2,2,2,2,2,2,2,2,2,2,4),
(0.,0.125554187162357,0.223578904173637,0.302982748204445,0.369304716671643,0.426144665577498,
0.47593040790047,0.520351616193469,0.560616633319252,0.597610347535772,0.63199461038236,
0.664273936037815,0.694839630502107,0.724000137372691,0.752002311639669,0.779046666403032,
0.805298454639417,0.830895889873138,0.855956350341906,0.880581111729082,0.904859080345099,
0.928869743317929,0.952685608354716,0.976374232703252,1.),
.UNSPECIFIED.);
#2562=VERTEX_POINT('',#4585);
#2563=B_SPLINE_CURVE_WITH_KNOTS('',3,
(#4586,#4587,#4588,#4589,#4590,#4591,#4592,#4593,#4594,#4595,#4596,#4597,#4598,#4599,
#4600,#4601,#4602,#4603,#4604,#4605,#4606,#4607,#4608,#4609,#4610,#4611,#4612,#4613,
#4614,#4615,#4616,#4617,#4618,#4619,#4620,#4621,#4622,#4623,#4624,#4625),
.UNSPECIFIED.,.F.,.F.,
(4,2,2,2,2,2,2,2,2,2,2,2,2,2,2,2,2,2,2,4),
(0.,0.00648805577725643,0.0687136544553267,0.130112328932943,0.190684078836058,0.250428891643983,
0.309346762317584,0.367437673617806,0.424701613181466,0.481138561886328,0.536748494695314,
0.591531377965629,0.645487171710843,0.698615805330392,0.750917192323442,0.802391181237317,
0.853037518162573,0.902855719225146,0.951844614863227,1.),
.UNSPECIFIED.);
#2564=VERTEX_POINT('',#4626);
#2565=CIRCLE('',#4627,10.);
#2566=VERTEX_POINT('',#4631);
#2567=B_SPLINE_CURVE_WITH_KNOTS('',3,
(#4632,#4633,#4634,#4635,#4636,#4637,#4638,#4639,#4640,#4641,#4642,#4643,#4644,#4645,
#4646,#4647,#4648,#4649,#4650,#4651,#4652,#4653,#4654,#4655,#4656,#4657,#4658,#4659,
#4660,#4661,#4662,#4663,#4664,#4665,#4666,#4667,#4668,#4669,#4670,#4671),
.UNSPECIFIED.,.F.,.F.,
(4,2,2,2,2,2,2,2,2,2,2,2,2,2,2,2,2,2,2,4),
(0.,0.0481553843468013,0.0971442811383318,0.146962480396242,0.197608820167287,0.249082807721213,
0.301384194650348,0.354512829999681,0.408468622788982,0.463251507686,0.51886143669738,
0.575298387395002,0.63256232586554,0.690653240209515,0.749571106464567,0.809315922890975,
0.869887671182127,0.931286347014545,0.993511947203892,1.),
.UNSPECIFIED.);
#2568=VERTEX_POINT('',#4672);
#2569=B_SPLINE_CURVE_WITH_KNOTS('',3,
(#4673,#4674,#4675,#4676,#4677,#4678,#4679,#4680,#4681,#4682,#4683,#4684,#4685,#4686,
#4687,#4688,#4689,#4690,#4691,#4692,#4693,#4694,#4695,#4696,#4697,#4698,#4699,#4700,
#4701,#4702,#4703,#4704,#4705,#4706,#4707,#4708,#4709,#4710,#4711,#4712,#4713,#4714,
#4715,#4716,#4717,#4718,#4719,#4720,#4721,#4722),
.UNSPECIFIED.,.F.,.F.,
(4,2,2,2,2,2,2,2,2,2,2,2,2,2,2,2,2,2,2,2,2,2,2,2,4),
(0.,0.0236257678732442,0.0473143916213081,0.0711302540393972,0.0951409215235138,
0.119418889007038,0.14404365060799,0.169104108491334,0.194701547092636,0.220953335264009,
0.247997687705035,0.275999862311027,0.305160369174507,0.335726063111019,0.368005387630378,
0.40238965425338,0.439383368414269,0.479648382644532,0.524069593313832,0.573855333236728,
0.630695283817859,0.697017248821137,0.776421094261103,0.874445814360493,1.),
.UNSPECIFIED.);
#2570=VERTEX_POINT('',#4723);
#2571=CIRCLE('',#4724,5.5);
#2572=VERTEX_POINT('',#4728);
#2573=B_SPLINE_CURVE_WITH_KNOTS('',3,
(#4729,#4730,#4731,#4732,#4733,#4734,#4735,#4736,#4737,#4738,#4739,#4740,#4741,#4742,
#4743,#4744,#4745,#4746,#4747,#4748,#4749,#4750,#4751,#4752,#4753,#4754,#4755,#4756,
#4757,#4758,#4759,#4760,#4761,#4762,#4763,#4764,#4765,#4766,#4767,#4768,#4769,#4770,
#4771,#4772,#4773,#4774,#4775,#4776,#4777,#4778),
.UNSPECIFIED.,.F.,.F.,
(4,2,2,2,2,2,2,2,2,2,2,2,2,2,2,2,2,2,2,2,2,2,2,2,4),
(0.,0.125554187162357,0.223578904173637,0.302982748204445,0.369304716671643,0.426144665577498,
0.47593040790047,0.520351616193469,0.560616633319252,0.597610347535772,0.63199461038236,
0.664273936037815,0.694839630502107,0.724000137372691,0.752002311639669,0.779046666403032,
0.805298454639417,0.830895889873138,0.855956350341906,0.880581111729082,0.904859080345099,
0.928869743317929,0.952685608354716,0.976374232703252,1.),
.UNSPECIFIED.);
#2574=VERTEX_POINT('',#4779);
#2575=B_SPLINE_CURVE_WITH_KNOTS('',3,
(#4780,#4781,#4782,#4783,#4784,#4785,#4786,#4787,#4788,#4789,#4790,#4791,#4792,#4793,
#4794,#4795,#4796,#4797,#4798,#4799,#4800,#4801,#4802,#4803,#4804,#4805,#4806,#4807,
#4808,#4809,#4810,#4811,#4812,#4813,#4814,#4815,#4816,#4817,#4818,#4819),
.UNSPECIFIED.,.F.,.F.,
(4,2,2,2,2,2,2,2,2,2,2,2,2,2,2,2,2,2,2,4),
(0.,0.00648805577725689,0.0687136544553272,0.130112328932944,0.190684078836059,0.250428891643984,
0.309346762317584,0.367437673617806,0.424701613181466,0.481138561886328,0.536748494695314,
0.591531377965629,0.645487171710844,0.698615805330392,0.750917192323442,0.802391181237317,
0.853037518162573,0.902855719225146,0.951844614863227,1.),
.UNSPECIFIED.);
#2576=VERTEX_POINT('',#4820);
#2577=CIRCLE('',#4821,10.);
#2578=VERTEX_POINT('',#4825);
#2579=B_SPLINE_CURVE_WITH_KNOTS('',3,
(#4826,#4827,#4828,#4829,#4830,#4831,#4832,#4833,#4834,#4835,#4836,#4837,#4838,#4839,
#4840,#4841,#4842,#4843,#4844,#4845,#4846,#4847,#4848,#4849,#4850,#4851,#4852,#4853,
#4854,#4855,#4856,#4857,#4858,#4859,#4860,#4861,#4862,#4863,#4864,#4865),
.UNSPECIFIED.,.F.,.F.,
(4,2,2,2,2,2,2,2,2,2,2,2,2,2,2,2,2,2,2,4),
(0.,0.0481553843631752,0.097144281171363,0.146962480446212,0.197608820234478,0.249082807805907,
0.301384194752825,0.354512830120223,0.408468622927871,0.463251507843515,0.518861436873804,
0.575298387590616,0.632562326080626,0.690653240444352,0.749571106719438,0.80931592316616,
0.869887671477908,0.931286347331203,0.993511947541708,1.),
.UNSPECIFIED.);
#2580=VERTEX_POINT('',#4866);
#2581=B_SPLINE_CURVE_WITH_KNOTS('',3,
(#4867,#4868,#4869,#4870,#4871,#4872,#4873,#4874,#4875,#4876,#4877,#4878,#4879,#4880,
#4881,#4882,#4883,#4884,#4885,#4886,#4887,#4888,#4889,#4890,#4891,#4892,#4893,#4894,
#4895,#4896,#4897,#4898,#4899,#4900,#4901,#4902,#4903,#4904,#4905,#4906,#4907,#4908,
#4909,#4910,#4911,#4912,#4913,#4914,#4915,#4916),
.UNSPECIFIED.,.F.,.F.,
(4,2,2,2,2,2,2,2,2,2,2,2,2,2,2,2,2,2,2,2,2,2,2,2,4),
(0.,0.0236257678732442,0.0473143916213081,0.0711302540393972,0.0951409215235138,
0.119418889007038,0.14404365060799,0.169104108491334,0.194701547092636,0.220953335264009,
0.247997687705035,0.275999862311027,0.305160369174507,0.335726063111019,0.368005387630378,
0.40238965425338,0.439383368414269,0.479648382644532,0.524069593313832,0.573855333236728,
0.630695283817859,0.697017248821137,0.776421094261103,0.874445814360493,1.),
.UNSPECIFIED.);
#2582=VERTEX_POINT('',#4917);
#2583=CIRCLE('',#4918,5.5);
#2584=VERTEX_POINT('',#4922);
#2585=B_SPLINE_CURVE_WITH_KNOTS('',3,
(#4923,#4924,#4925,#4926,#4927,#4928,#4929,#4930,#4931,#4932,#4933,#4934,#4935,#4936,
#4937,#4938,#4939,#4940,#4941,#4942,#4943,#4944,#4945,#4946,#4947,#4948,#4949,#4950,
#4951,#4952,#4953,#4954,#4955,#4956,#4957,#4958,#4959,#4960,#4961,#4962,#4963,#4964,
#4965,#4966,#4967,#4968,#4969,#4970,#4971,#4972),
.UNSPECIFIED.,.F.,.F.,
(4,2,2,2,2,2,2,2,2,2,2,2,2,2,2,2,2,2,2,2,2,2,2,2,4),
(0.,0.125554187162357,0.223578904173637,0.302982748204445,0.369304716671643,0.426144665577498,
0.47593040790047,0.520351616193469,0.560616633319252,0.597610347535772,0.63199461038236,
0.664273936037815,0.694839630502107,0.724000137372691,0.752002311639669,0.779046666403032,
0.805298454639417,0.830895889873138,0.855956350341906,0.880581111729082,0.904859080345099,
0.928869743317929,0.952685608354716,0.976374232703252,1.),
.UNSPECIFIED.);
#2586=VERTEX_POINT('',#4973);
#2587=B_SPLINE_CURVE_WITH_KNOTS('',3,
(#4974,#4975,#4976,#4977,#4978,#4979,#4980,#4981,#4982,#4983,#4984,#4985,#4986,#4987,
#4988,#4989,#4990,#4991,#4992,#4993,#4994,#4995,#4996,#4997,#4998,#4999,#5000,#5001,
#5002,#5003,#5004,#5005,#5006,#5007,#5008,#5009,#5010,#5011,#5012,#5013),
.UNSPECIFIED.,.F.,.F.,
(4,2,2,2,2,2,2,2,2,2,2,2,2,2,2,2,2,2,2,4),
(0.,0.0064880557772578,0.068713654455328,0.130112328932944,0.190684078836059,0.250428891643984,
0.309346762317585,0.367437673617807,0.424701613181467,0.481138561886329,0.536748494695314,
0.591531377965629,0.645487171710844,0.698615805330393,0.750917192323443,0.802391181237317,
0.853037518162573,0.902855719225146,0.951844614863227,1.),
.UNSPECIFIED.);
#2588=VERTEX_POINT('',#5014);
#2589=CIRCLE('',#5015,10.);
#2590=VERTEX_POINT('',#5019);
#2591=B_SPLINE_CURVE_WITH_KNOTS('',3,
(#5020,#5021,#5022,#5023,#5024,#5025,#5026,#5027,#5028,#5029,#5030,#5031,#5032,#5033,
#5034,#5035,#5036,#5037,#5038,#5039,#5040,#5041,#5042,#5043,#5044,#5045,#5046,#5047,
#5048,#5049,#5050,#5051,#5052,#5053,#5054,#5055,#5056,#5057,#5058,#5059),
.UNSPECIFIED.,.F.,.F.,
(4,2,2,2,2,2,2,2,2,2,2,2,2,2,2,2,2,2,2,4),
(0.,0.0481553843468013,0.0971442811383318,0.146962480396242,0.197608820167287,0.249082807721213,
0.301384194650348,0.354512829999681,0.408468622788982,0.463251507686,0.51886143669738,
0.575298387395002,0.63256232586554,0.690653240209515,0.749571106464567,0.809315922890975,
0.869887671182127,0.931286347014545,0.993511947203892,1.),
.UNSPECIFIED.);
#2592=VERTEX_POINT('',#5060);
#2593=B_SPLINE_CURVE_WITH_KNOTS('',3,
(#5061,#5062,#5063,#5064,#5065,#5066,#5067,#5068,#5069,#5070,#5071,#5072,#5073,#5074,
#5075,#5076,#5077,#5078,#5079,#5080,#5081,#5082,#5083,#5084,#5085,#5086,#5087,#5088,
#5089,#5090,#5091,#5092,#5093,#5094,#5095,#5096,#5097,#5098,#5099,#5100,#5101,#5102,
#5103,#5104,#5105,#5106,#5107,#5108,#5109,#5110),
.UNSPECIFIED.,.F.,.F.,
(4,2,2,2,2,2,2,2,2,2,2,2,2,2,2,2,2,2,2,2,2,2,2,2,4),
(0.,0.0236257678732442,0.0473143916213081,0.0711302540393972,0.0951409215235138,
0.119418889007038,0.14404365060799,0.169104108491334,0.194701547092636,0.220953335264009,
0.247997687705035,0.275999862311027,0.305160369174507,0.335726063111019,0.368005387630378,
0.40238965425338,0.439383368414269,0.479648382644532,0.524069593313832,0.573855333236728,
0.630695283817859,0.697017248821137,0.776421094261103,0.874445814360493,1.),
.UNSPECIFIED.);
#2594=VERTEX_POINT('',#5111);
#2595=CIRCLE('',#5112,5.5);
#2596=VERTEX_POINT('',#5116);
#2597=B_SPLINE_CURVE_WITH_KNOTS('',3,
(#5117,#5118,#5119,#5120,#5121,#5122,#5123,#5124,#5125,#5126,#5127,#5128,#5129,#5130,
#5131,#5132,#5133,#5134,#5135,#5136,#5137,#5138,#5139,#5140,#5141,#5142,#5143,#5144,
#5145,#5146,#5147,#5148,#5149,#5150,#5151,#5152,#5153,#5154,#5155,#5156,#5157,#5158,
#5159,#5160,#5161,#5162,#5163,#5164,#5165,#5166),
.UNSPECIFIED.,.F.,.F.,
(4,2,2,2,2,2,2,2,2,2,2,2,2,2,2,2,2,2,2,2,2,2,2,2,4),
(0.,0.125554187162357,0.223578904173637,0.302982748204445,0.369304716671643,0.426144665577498,
0.47593040790047,0.520351616193469,0.560616633319252,0.597610347535772,0.63199461038236,
0.664273936037815,0.694839630502107,0.724000137372691,0.752002311639669,0.779046666403032,
0.805298454639417,0.830895889873138,0.855956350341906,0.880581111729082,0.904859080345099,
0.928869743317929,0.952685608354716,0.976374232703252,1.),
.UNSPECIFIED.);
#2598=VERTEX_POINT('',#5167);
#2599=B_SPLINE_CURVE_WITH_KNOTS('',3,
(#5168,#5169,#5170,#5171,#5172,#5173,#5174,#5175,#5176,#5177,#5178,#5179,#5180,#5181,
#5182,#5183,#5184,#5185,#5186,#5187,#5188,#5189,#5190,#5191,#5192,#5193,#5194,#5195,
#5196,#5197,#5198,#5199,#5200,#5201,#5202,#5203,#5204,#5205,#5206,#5207),
.UNSPECIFIED.,.F.,.F.,
(4,2,2,2,2,2,2,2,2,2,2,2,2,2,2,2,2,2,2,4),
(0.,0.00648805577725815,0.0687136544553284,0.130112328932945,0.19068407883606,0.250428891643985,
0.309346762317585,0.367437673617807,0.424701613181467,0.481138561886329,0.536748494695315,
0.59153137796563,0.645487171710844,0.698615805330393,0.750917192323443,0.802391181237317,
0.853037518162573,0.902855719225146,0.951844614863227,1.),
.UNSPECIFIED.);
#2600=VERTEX_POINT('',#5208);
#2601=CIRCLE('',#5209,10.);
#2602=VERTEX_POINT('',#5213);
#2603=B_SPLINE_CURVE_WITH_KNOTS('',3,
(#5214,#5215,#5216,#5217,#5218,#5219,#5220,#5221,#5222,#5223,#5224,#5225,#5226,#5227,
#5228,#5229,#5230,#5231,#5232,#5233,#5234,#5235,#5236,#5237,#5238,#5239,#5240,#5241,
#5242,#5243,#5244,#5245,#5246,#5247,#5248,#5249,#5250,#5251,#5252,#5253),
.UNSPECIFIED.,.F.,.F.,
(4,2,2,2,2,2,2,2,2,2,2,2,2,2,2,2,2,2,2,4),
(0.,0.0481553843468014,0.097144281138332,0.146962480396242,0.197608820167287,0.249082807721214,
0.301384194650349,0.354512829999682,0.408468622788983,0.463251507686,0.518861436697381,
0.575298387395003,0.632562325865541,0.690653240209516,0.749571106464568,0.809315922890976,
0.869887671182128,0.931286347014547,0.993511947203893,1.),
.UNSPECIFIED.);
#2604=VERTEX_POINT('',#5254);
#2605=B_SPLINE_CURVE_WITH_KNOTS('',3,
(#5255,#5256,#5257,#5258,#5259,#5260,#5261,#5262,#5263,#5264,#5265,#5266,#5267,#5268,
#5269,#5270,#5271,#5272,#5273,#5274,#5275,#5276,#5277,#5278,#5279,#5280,#5281,#5282,
#5283,#5284,#5285,#5286,#5287,#5288,#5289,#5290,#5291,#5292,#5293,#5294,#5295,#5296,
#5297,#5298,#5299,#5300,#5301,#5302,#5303,#5304),
.UNSPECIFIED.,.F.,.F.,
(4,2,2,2,2,2,2,2,2,2,2,2,2,2,2,2,2,2,2,2,2,2,2,2,4),
(0.,0.0236257678732442,0.0473143916213081,0.0711302540393972,0.0951409215235138,
0.119418889007038,0.14404365060799,0.169104108491334,0.194701547092636,0.220953335264009,
0.247997687705035,0.275999862311027,0.305160369174507,0.335726063111019,0.368005387630378,
0.40238965425338,0.439383368414269,0.479648382644532,0.524069593313832,0.573855333236728,
0.630695283817859,0.697017248821137,0.776421094261103,0.874445814360493,1.),
.UNSPECIFIED.);
#2606=VERTEX_POINT('',#5305);
#2607=CIRCLE('',#5306,5.5);
#2608=VERTEX_POINT('',#5310);
#2609=B_SPLINE_CURVE_WITH_KNOTS('',3,
(#5311,#5312,#5313,#5314,#5315,#5316,#5317,#5318,#5319,#5320,#5321,#5322,#5323,#5324,
#5325,#5326,#5327,#5328,#5329,#5330,#5331,#5332,#5333,#5334,#5335,#5336,#5337,#5338,
#5339,#5340,#5341,#5342,#5343,#5344,#5345,#5346,#5347,#5348,#5349,#5350,#5351,#5352,
#5353,#5354,#5355,#5356,#5357,#5358,#5359,#5360),
.UNSPECIFIED.,.F.,.F.,
(4,2,2,2,2,2,2,2,2,2,2,2,2,2,2,2,2,2,2,2,2,2,2,2,4),
(0.,0.125554187162357,0.223578904173637,0.302982748204445,0.369304716671643,0.426144665577498,
0.47593040790047,0.520351616193469,0.560616633319252,0.597610347535772,0.63199461038236,
0.664273936037815,0.694839630502107,0.724000137372691,0.752002311639669,0.779046666403032,
0.805298454639417,0.830895889873138,0.855956350341906,0.880581111729082,0.904859080345099,
0.928869743317929,0.952685608354716,0.976374232703252,1.),
.UNSPECIFIED.);
#2610=VERTEX_POINT('',#5361);
#2611=B_SPLINE_CURVE_WITH_KNOTS('',3,
(#5362,#5363,#5364,#5365,#5366,#5367,#5368,#5369,#5370,#5371,#5372,#5373,#5374,#5375,
#5376,#5377,#5378,#5379,#5380,#5381,#5382,#5383,#5384,#5385,#5386,#5387,#5388,#5389,
#5390,#5391,#5392,#5393,#5394,#5395,#5396,#5397,#5398,#5399,#5400,#5401),
.UNSPECIFIED.,.F.,.F.,
(4,2,2,2,2,2,2,2,2,2,2,2,2,2,2,2,2,2,2,4),
(0.,0.0064880557772562,0.0687136544553265,0.130112328932943,0.190684078836058,0.250428891643983,
0.309346762317584,0.367437673617806,0.424701613181466,0.481138561886328,0.536748494695314,
0.591531377965629,0.645487171710843,0.698615805330392,0.750917192323442,0.802391181237317,
0.853037518162573,0.902855719225146,0.951844614863227,1.),
.UNSPECIFIED.);
#2612=VERTEX_POINT('',#5402);
#2613=CIRCLE('',#5403,10.);
#2614=VERTEX_POINT('',#5407);
#2615=B_SPLINE_CURVE_WITH_KNOTS('',3,
(#5408,#5409,#5410,#5411,#5412,#5413,#5414,#5415,#5416,#5417,#5418,#5419,#5420,#5421,
#5422,#5423,#5424,#5425,#5426,#5427,#5428,#5429,#5430,#5431,#5432,#5433,#5434,#5435,
#5436,#5437,#5438,#5439,#5440,#5441,#5442,#5443,#5444,#5445,#5446,#5447),
.UNSPECIFIED.,.F.,.F.,
(4,2,2,2,2,2,2,2,2,2,2,2,2,2,2,2,2,2,2,4),
(0.,0.0481553843468013,0.0971442811383319,0.146962480396242,0.197608820167287,0.249082807721213,
0.301384194650348,0.354512829999682,0.408468622788983,0.463251507686,0.51886143669738,
0.575298387395002,0.632562325865541,0.690653240209515,0.749571106464568,0.809315922890975,
0.869887671182128,0.931286347014546,0.993511947203893,1.),
.UNSPECIFIED.);
#2616=VERTEX_POINT('',#5448);
#2617=B_SPLINE_CURVE_WITH_KNOTS('',3,
(#5449,#5450,#5451,#5452,#5453,#5454,#5455,#5456,#5457,#5458,#5459,#5460,#5461,#5462,
#5463,#5464,#5465,#5466,#5467,#5468,#5469,#5470,#5471,#5472,#5473,#5474,#5475,#5476,
#5477,#5478,#5479,#5480,#5481,#5482,#5483,#5484,#5485,#5486,#5487,#5488,#5489,#5490,
#5491,#5492,#5493,#5494,#5495,#5496,#5497,#5498),
.UNSPECIFIED.,.F.,.F.,
(4,2,2,2,2,2,2,2,2,2,2,2,2,2,2,2,2,2,2,2,2,2,2,2,4),
(0.,0.0236257678732442,0.0473143916213081,0.0711302540393972,0.0951409215235138,
0.119418889007038,0.14404365060799,0.169104108491334,0.194701547092636,0.220953335264009,
0.247997687705035,0.275999862311027,0.305160369174507,0.335726063111019,0.368005387630378,
0.40238965425338,0.439383368414269,0.479648382644532,0.524069593313832,0.573855333236728,
0.630695283817859,0.697017248821137,0.776421094261103,0.874445814360493,1.),
.UNSPECIFIED.);
#2618=VERTEX_POINT('',#5499);
#2619=CIRCLE('',#5500,5.5);
#2620=VERTEX_POINT('',#5504);
#2621=B_SPLINE_CURVE_WITH_KNOTS('',3,
(#5505,#5506,#5507,#5508,#5509,#5510,#5511,#5512,#5513,#5514,#5515,#5516,#5517,#5518,
#5519,#5520,#5521,#5522,#5523,#5524,#5525,#5526,#5527,#5528,#5529,#5530,#5531,#5532,
#5533,#5534,#5535,#5536,#5537,#5538,#5539,#5540,#5541,#5542,#5543,#5544,#5545,#5546,
#5547,#5548,#5549,#5550,#5551,#5552,#5553,#5554),
.UNSPECIFIED.,.F.,.F.,
(4,2,2,2,2,2,2,2,2,2,2,2,2,2,2,2,2,2,2,2,2,2,2,2,4),
(0.,0.125554187162357,0.223578904173637,0.302982748204445,0.369304716671643,0.426144665577498,
0.47593040790047,0.520351616193469,0.560616633319252,0.597610347535772,0.63199461038236,
0.664273936037815,0.694839630502107,0.724000137372691,0.752002311639669,0.779046666403032,
0.805298454639417,0.830895889873138,0.855956350341906,0.880581111729082,0.904859080345099,
0.928869743317929,0.952685608354716,0.976374232703252,1.),
.UNSPECIFIED.);
#2622=VERTEX_POINT('',#5555);
#2623=B_SPLINE_CURVE_WITH_KNOTS('',3,
(#5556,#5557,#5558,#5559,#5560,#5561,#5562,#5563,#5564,#5565,#5566,#5567,#5568,#5569,
#5570,#5571,#5572,#5573,#5574,#5575,#5576,#5577,#5578,#5579,#5580,#5581,#5582,#5583,
#5584,#5585,#5586,#5587,#5588,#5589,#5590,#5591,#5592,#5593,#5594,#5595),
.UNSPECIFIED.,.F.,.F.,
(4,2,2,2,2,2,2,2,2,2,2,2,2,2,2,2,2,2,2,4),
(0.,0.00648805577725826,0.0687136544553284,0.130112328932945,0.19068407883606,0.250428891643985,
0.309346762317585,0.367437673617807,0.424701613181467,0.481138561886329,0.536748494695315,
0.59153137796563,0.645487171710844,0.698615805330393,0.750917192323443,0.802391181237317,
0.853037518162573,0.902855719225146,0.951844614863227,1.),
.UNSPECIFIED.);
#2624=VERTEX_POINT('',#5596);
#2625=CIRCLE('',#5597,10.);
#2626=VERTEX_POINT('',#5601);
#2627=B_SPLINE_CURVE_WITH_KNOTS('',3,
(#5602,#5603,#5604,#5605,#5606,#5607,#5608,#5609,#5610,#5611,#5612,#5613,#5614,#5615,
#5616,#5617,#5618,#5619,#5620,#5621,#5622,#5623,#5624,#5625,#5626,#5627,#5628,#5629,
#5630,#5631,#5632,#5633,#5634,#5635,#5636,#5637,#5638,#5639,#5640,#5641),
.UNSPECIFIED.,.F.,.F.,
(4,2,2,2,2,2,2,2,2,2,2,2,2,2,2,2,2,2,2,4),
(0.,0.0481553843468013,0.0971442811383319,0.146962480396242,0.197608820167287,0.249082807721214,
0.301384194650349,0.354512829999682,0.408468622788983,0.463251507686,0.518861436697381,
0.575298387395003,0.632562325865541,0.690653240209515,0.749571106464568,0.809315922890976,
0.869887671182128,0.931286347014546,0.993511947203893,1.),
.UNSPECIFIED.);
#2628=VERTEX_POINT('',#5642);
#2629=B_SPLINE_CURVE_WITH_KNOTS('',3,
(#5643,#5644,#5645,#5646,#5647,#5648,#5649,#5650,#5651,#5652,#5653,#5654,#5655,#5656,
#5657,#5658,#5659,#5660,#5661,#5662,#5663,#5664,#5665,#5666,#5667,#5668,#5669,#5670,
#5671,#5672,#5673,#5674,#5675,#5676,#5677,#5678,#5679,#5680,#5681,#5682,#5683,#5684,
#5685,#5686,#5687,#5688,#5689,#5690,#5691,#5692),
.UNSPECIFIED.,.F.,.F.,
(4,2,2,2,2,2,2,2,2,2,2,2,2,2,2,2,2,2,2,2,2,2,2,2,4),
(0.,0.0236257678732442,0.0473143916213081,0.0711302540393972,0.0951409215235138,
0.119418889007038,0.14404365060799,0.169104108491334,0.194701547092636,0.220953335264009,
0.247997687705035,0.275999862311027,0.305160369174507,0.335726063111019,0.368005387630378,
0.40238965425338,0.439383368414269,0.479648382644532,0.524069593313832,0.573855333236728,
0.630695283817859,0.697017248821137,0.776421094261103,0.874445814360493,1.),
.UNSPECIFIED.);
#2630=VERTEX_POINT('',#5693);
#2631=CIRCLE('',#5694,5.5);
#2632=VERTEX_POINT('',#5698);
#2633=B_SPLINE_CURVE_WITH_KNOTS('',3,
(#5699,#5700,#5701,#5702,#5703,#5704,#5705,#5706,#5707,#5708,#5709,#5710,#5711,#5712,
#5713,#5714,#5715,#5716,#5717,#5718,#5719,#5720,#5721,#5722,#5723,#5724,#5725,#5726,
#5727,#5728,#5729,#5730,#5731,#5732,#5733,#5734,#5735,#5736,#5737,#5738,#5739,#5740,
#5741,#5742,#5743,#5744,#5745,#5746,#5747,#5748),
.UNSPECIFIED.,.F.,.F.,
(4,2,2,2,2,2,2,2,2,2,2,2,2,2,2,2,2,2,2,2,2,2,2,2,4),
(0.,0.125554187162357,0.223578904173637,0.302982748204445,0.369304716671643,0.426144665577498,
0.47593040790047,0.520351616193469,0.560616633319252,0.597610347535772,0.63199461038236,
0.664273936037815,0.694839630502107,0.724000137372691,0.752002311639669,0.779046666403032,
0.805298454639417,0.830895889873138,0.855956350341906,0.880581111729082,0.904859080345099,
0.928869743317929,0.952685608354716,0.976374232703252,1.),
.UNSPECIFIED.);
#2634=VERTEX_POINT('',#5749);
#2635=B_SPLINE_CURVE_WITH_KNOTS('',3,
(#5750,#5751,#5752,#5753,#5754,#5755,#5756,#5757,#5758,#5759,#5760,#5761,#5762,#5763,
#5764,#5765,#5766,#5767,#5768,#5769,#5770,#5771,#5772,#5773,#5774,#5775,#5776,#5777,
#5778,#5779,#5780,#5781,#5782,#5783,#5784,#5785,#5786,#5787,#5788,#5789),
.UNSPECIFIED.,.F.,.F.,
(4,2,2,2,2,2,2,2,2,2,2,2,2,2,2,2,2,2,2,4),
(0.,0.00648805577725663,0.0687136544553269,0.130112328932943,0.190684078836058,0.250428891643983,
0.309346762317584,0.367437673617806,0.424701613181466,0.481138561886328,0.536748494695314,
0.591531377965629,0.645487171710843,0.698615805330392,0.750917192323442,0.802391181237317,
0.853037518162573,0.902855719225146,0.951844614863227,1.),
.UNSPECIFIED.);
#2636=VERTEX_POINT('',#5790);
#2637=CIRCLE('',#5791,10.);
#2638=B_SPLINE_CURVE_WITH_KNOTS('',3,
(#5795,#5796,#5797,#5798,#5799,#5800,#5801,#5802,#5803,#5804,#5805,#5806,#5807,#5808,
#5809,#5810,#5811,#5812,#5813,#5814,#5815,#5816,#5817,#5818,#5819,#5820,#5821,#5822,
#5823,#5824,#5825,#5826,#5827,#5828,#5829,#5830,#5831,#5832,#5833,#5834),
.UNSPECIFIED.,.F.,.F.,
(4,2,2,2,2,2,2,2,2,2,2,2,2,2,2,2,2,2,2,4),
(0.,0.0481553843468013,0.0971442811383318,0.146962480396242,0.197608820167287,0.249082807721213,
0.301384194650348,0.354512829999681,0.408468622788982,0.463251507686,0.51886143669738,
0.575298387395002,0.63256232586554,0.690653240209515,0.749571106464567,0.809315922890975,
0.869887671182127,0.931286347014545,0.993511947203892,1.),
.UNSPECIFIED.);
#2639=LINE('',#5835,#5836);
#2640=LINE('',#5838,#5839);
#2641=LINE('',#5841,#5842);
#2642=LINE('',#5844,#5845);
#2643=LINE('',#5847,#5848);
#2644=LINE('',#5850,#5851);
#2645=LINE('',#5853,#5854);
#2646=LINE('',#5856,#5857);
#2647=LINE('',#5859,#5860);
#2648=LINE('',#5862,#5863);
#2649=LINE('',#5865,#5866);
#2650=LINE('',#5868,#5869);
#2651=LINE('',#5871,#5872);
#2652=LINE('',#5874,#5875);
#2653=LINE('',#5877,#5878);
#2654=LINE('',#5880,#5881);
#2655=LINE('',#5883,#5884);
#2656=LINE('',#5886,#5887);
#2657=LINE('',#5889,#5890);
#2658=LINE('',#5892,#5893);
#2659=LINE('',#5895,#5896);
#2660=LINE('',#5898,#5899);
#2661=LINE('',#5901,#5902);
#2662=LINE('',#5904,#5905);
#2663=LINE('',#5907,#5908);
#2664=LINE('',#5910,#5911);
#2665=LINE('',#5913,#5914);
#2666=LINE('',#5916,#5917);
#2667=LINE('',#5919,#5920);
#2668=LINE('',#5922,#5923);
#2669=LINE('',#5925,#5926);
#2670=LINE('',#5928,#5929);
#2671=LINE('',#5931,#5932);
#2672=LINE('',#5934,#5935);
#2673=LINE('',#5937,#5938);
#2674=LINE('',#5940,#5941);
#2675=LINE('',#5943,#5944);
#2676=LINE('',#5946,#5947);
#2677=LINE('',#5949,#5950);
#2678=LINE('',#5952,#5953);
#2679=LINE('',#5955,#5956);
#2680=LINE('',#5958,#5959);
#2681=LINE('',#5961,#5962);
#2682=LINE('',#5964,#5965);
#2683=LINE('',#5967,#5968);
#2684=LINE('',#5970,#5971);
#2685=LINE('',#5973,#5974);
#2686=LINE('',#5976,#5977);
#2687=CARTESIAN_POINT('',(19.,-8.57252759403147E-16,3.5));
#2688=AXIS2_PLACEMENT_3D('',#2689,#2690,#2691);
#2689=CARTESIAN_POINT('',(19.,0.,-1.16341445918999E-15));
#2690=DIRECTION('',(-1.,0.,6.12323399573677E-17));
#2691=DIRECTION('',(6.12323399573677E-17,-1.22464679914735E-16,1.));
#2692=CARTESIAN_POINT('',(19.,-1.16189500386223,1.1));
#2693=CARTESIAN_POINT('',(19.,1.16189500386223,1.1));
#2694=CARTESIAN_POINT('',(19.,-1.16189500386223,1.1));
#2695=VECTOR('',#2696,1.);
#2696=DIRECTION('',(0.,1.,1.91105568219967E-16));
#2697=AXIS2_PLACEMENT_3D('',#2698,#2699,#2700);
#2698=CARTESIAN_POINT('',(19.,0.,-1.16341445918999E-15));
#2699=DIRECTION('',(-1.,-6.16297582203915E-33,6.12323399573676E-17));
#2700=DIRECTION('',(4.20972337206902E-17,0.726184377413891,0.6875));
#2701=CARTESIAN_POINT('',(-3.,-8.57252759403147E-16,3.5));
#2702=AXIS2_PLACEMENT_3D('',#2703,#2704,#2705);
#2703=CARTESIAN_POINT('',(-3.,0.,1.83697019872103E-16));
#2704=DIRECTION('',(-1.,0.,6.12323399573677E-17));
#2705=DIRECTION('',(6.12323399573677E-17,-1.22464679914735E-16,1.));
#2706=CARTESIAN_POINT('',(-3.,1.16189500386223,1.1));
#2707=CARTESIAN_POINT('',(-3.,-1.16189500386223,1.1));
#2708=CARTESIAN_POINT('',(-3.,-1.16189500386223,1.1));
#2709=VECTOR('',#2710,1.);
#2710=DIRECTION('',(0.,1.,1.91105568219967E-16));
#2711=AXIS2_PLACEMENT_3D('',#2712,#2713,#2714);
#2712=CARTESIAN_POINT('',(-3.,0.,1.83697019872103E-16));
#2713=DIRECTION('',(-1.,-6.16297582203915E-33,6.12323399573676E-17));
#2714=DIRECTION('',(4.20972337206902E-17,0.726184377413891,0.6875));
#2715=CARTESIAN_POINT('',(19.,-1.16189500386223,1.1));
#2716=VECTOR('',#2717,1.);
#2717=DIRECTION('',(-1.,0.,6.05576195250085E-17));
#2718=CARTESIAN_POINT('',(19.,1.16189500386223,1.1));
#2719=VECTOR('',#2720,1.);
#2720=DIRECTION('',(-1.,0.,6.05576195250085E-17));
#2721=CARTESIAN_POINT('',(16.,-8.57252759403147E-16,3.5));
#2722=AXIS2_PLACEMENT_3D('',#2723,#2724,#2725);
#2723=CARTESIAN_POINT('',(16.,8.88178419700125E-16,-8.88178419700125E-16));
#2724=DIRECTION('',(-1.,0.,6.12323399573677E-17));
#2725=DIRECTION('',(6.12323399573676E-17,-1.11022302462516E-16,1.));
#2726=CARTESIAN_POINT('',(0.,-8.57252759403147E-16,3.5));
#2727=AXIS2_PLACEMENT_3D('',#2728,#2729,#2730);
#2728=CARTESIAN_POINT('',(0.,0.,0.));
#2729=DIRECTION('',(-1.,0.,6.12323399573677E-17));
#2730=DIRECTION('',(6.12323399573677E-17,-1.22464679914735E-16,1.));
#2731=CARTESIAN_POINT('',(16.,6.38717582,4.1436924));
#2732=CARTESIAN_POINT('',(16.,5.04681749168992,2.18623722073206));
#2733=CARTESIAN_POINT('',(16.,6.38717582,4.1436924));
#2734=CARTESIAN_POINT('',(16.,6.27980465542496,4.10982114361122));
#2735=CARTESIAN_POINT('',(16.,6.1750735887583,4.06996734027789));
#2736=CARTESIAN_POINT('',(16.,5.99327648685729,3.98834488391773));
#2737=CARTESIAN_POINT('',(16.,5.9145434450636,3.9492351915909));
#2738=CARTESIAN_POINT('',(16.,5.77724942621592,3.87067498947046));
#2739=CARTESIAN_POINT('',(16.,5.71683561882958,3.83307770734186));
#2740=CARTESIAN_POINT('',(16.,5.61029711690543,3.75869047270654));
#2741=CARTESIAN_POINT('',(16.,5.56282542476393,3.72298206315385));
#2742=CARTESIAN_POINT('',(16.,5.47835162145929,3.65278918065518));
#2743=CARTESIAN_POINT('',(16.,5.44034519153673,3.61894680896454));
#2744=CARTESIAN_POINT('',(16.,5.37224113988944,3.55258088996946));
#2745=CARTESIAN_POINT('',(16.,5.34137824694341,3.52043751538586));
#2746=CARTESIAN_POINT('',(16.,5.28579580475354,3.45742679298234));
#2747=CARTESIAN_POINT('',(16.,5.26048236746326,3.42677765811747));
#2748=CARTESIAN_POINT('',(16.,5.21475168457398,3.36665961117823));
#2749=CARTESIAN_POINT('',(16.,5.1938665348135,3.33730577926929));
#2750=CARTESIAN_POINT('',(16.,5.15609236448096,3.27966871740439));
#2751=CARTESIAN_POINT('',(16.,5.13883019161798,3.25143334845485));
#2752=CARTESIAN_POINT('',(16.,5.10764000419865,3.1959274644525));
#2753=CARTESIAN_POINT('',(16.,5.09341159989086,3.16866022106252));
#2754=CARTESIAN_POINT('',(16.,5.06779383607081,3.11499609527587));
#2755=CARTESIAN_POINT('',(16.,5.05616104615904,3.08857254572804));
#2756=CARTESIAN_POINT('',(16.,5.03535854731615,3.03651497736556));
#2757=CARTESIAN_POINT('',(16.,5.02599080347417,3.01083406258335));
#2758=CARTESIAN_POINT('',(16.,5.00942898876593,2.96019467764222));
#2759=CARTESIAN_POINT('',(16.,5.00207366981796,2.93517565822403));
#2760=CARTESIAN_POINT('',(16.,4.98931116679274,2.8858057626986));
#2761=CARTESIAN_POINT('',(16.,4.98377303154729,2.86138522056266));
#2762=CARTESIAN_POINT('',(16.,4.97446709389698,2.81316940564836));
#2763=CARTESIAN_POINT('',(16.,4.97059367610908,2.78929853949237));
#2764=CARTESIAN_POINT('',(16.,4.96447560541742,2.74214917635365));
#2765=CARTESIAN_POINT('',(16.,4.96214683432962,2.71879144423939));
#2766=CARTESIAN_POINT('',(16.,4.95900428538526,2.6726440666384));
#2767=CARTESIAN_POINT('',(16.,4.9581248997281,2.64977321184571));
#2768=CARTESIAN_POINT('',(16.,4.95778898105634,2.60458267411235));
#2769=CARTESIAN_POINT('',(16.,4.95828301044445,2.58218105430701));
#2770=CARTESIAN_POINT('',(16.,4.9606188066487,2.53791833138352));
#2771=CARTESIAN_POINT('',(16.,4.96242545586942,2.51597552075555));
#2772=CARTESIAN_POINT('',(16.,4.96732505855663,2.47262507926737));
#2773=CARTESIAN_POINT('',(16.,4.97039575169505,2.45113673031323));
#2774=CARTESIAN_POINT('',(16.,4.97777313108708,2.4086943678553));
#2775=CARTESIAN_POINT('',(16.,4.98206926867204,2.38766125517772));
#2776=CARTESIAN_POINT('',(16.,4.9918565262705,2.34613233870678));
#2777=CARTESIAN_POINT('',(16.,4.99734790852311,2.32555960284043));
#2778=CARTESIAN_POINT('',(16.,5.00949262239667,2.28495762775823));
#2779=CARTESIAN_POINT('',(16.,5.01615633574265,2.26485412878287));
#2780=CARTESIAN_POINT('',(16.,5.03061976998066,2.22519959118544));
#2781=CARTESIAN_POINT('',(16.,5.03842637998066,2.20561182451878));
#2782=CARTESIAN_POINT('',(16.,5.04681749,2.18623722));
#2783=CARTESIAN_POINT('',(16.,7.44325443551556,6.6781706615357));
#2784=CARTESIAN_POINT('',(16.,7.44325443534928,6.67817065995544));
#2785=CARTESIAN_POINT('',(16.,7.44253365366317,6.6721681135577));
#2786=CARTESIAN_POINT('',(16.,7.44180444114199,6.6661667519547));
#2787=CARTESIAN_POINT('',(16.,7.43399149064019,6.60262087754707));
#2788=CARTESIAN_POINT('',(16.,7.42617599552162,6.54514461596926));
#2789=CARTESIAN_POINT('',(16.,7.40905137130786,6.43123735117579));
#2790=CARTESIAN_POINT('',(16.,7.39980611317586,6.37475384114897));
#2791=CARTESIAN_POINT('',(16.,7.37983897876763,6.26287574306413));
#2792=CARTESIAN_POINT('',(16.,7.3691826848253,6.20742523838863));
#2793=CARTESIAN_POINT('',(16.,7.34640971307429,6.09765818701153));
#2794=CARTESIAN_POINT('',(16.,7.33436061239017,6.04328187681235));
#2795=CARTESIAN_POINT('',(16.,7.30881713791699,5.93571004217961));
#2796=CARTESIAN_POINT('',(16.,7.29539269210668,5.88245036812811));
#2797=CARTESIAN_POINT('',(16.,7.26711219843439,5.77716089831974));
#2798=CARTESIAN_POINT('',(16.,7.25232886097444,5.72506189601149));
#2799=CARTESIAN_POINT('',(16.,7.22134236042432,5.62214582655471));
#2800=CARTESIAN_POINT('',(16.,7.2052152530823,5.57125364049421));
#2801=CARTESIAN_POINT('',(16.,7.17155046313534,5.47080708371577));
#2802=CARTESIAN_POINT('',(16.,7.15409289391364,5.4211705800802));
#2803=CARTESIAN_POINT('',(16.,7.11777318306084,5.32329629323427));
#2804=CARTESIAN_POINT('',(16.,7.09899616242638,5.27496790306412));
#2805=CARTESIAN_POINT('',(16.,7.060039117106,5.17977742772519));
#2806=CARTESIAN_POINT('',(16.,7.03995051592712,5.13281427696547));
#2807=CARTESIAN_POINT('',(16.,6.99836594614863,5.04043093260763));
#2808=CARTESIAN_POINT('',(16.,6.97696950762504,4.99489643435048));
#2809=CARTESIAN_POINT('',(16.,6.93275662806409,4.90545964656551));
#2810=CARTESIAN_POINT('',(16.,6.91005047270803,4.86142574581388));
#2811=CARTESIAN_POINT('',(16.,6.86319364571852,4.77509752184058));
#2812=CARTESIAN_POINT('',(16.,6.8391680830023,4.73264802741523));
#2813=CARTESIAN_POINT('',(16.,6.78963014219515,4.6496232279623));
#2814=CARTESIAN_POINT('',(16.,6.76426442560466,4.60885887278017));
#2815=CARTESIAN_POINT('',(16.,6.71197533826228,4.52938265282111));
#2816=CARTESIAN_POINT('',(16.,6.68523241979113,4.49042912037426));
#2817=CARTESIAN_POINT('',(16.,6.63006812569964,4.41482957519339));
#2818=CARTESIAN_POINT('',(16.,6.60188692322269,4.37784973286287));
#2819=CARTESIAN_POINT('',(16.,6.54362325232285,4.30660906056102));
#2820=CARTESIAN_POINT('',(16.,6.51391354982533,4.27181217014603));
#2821=CARTESIAN_POINT('',(16.,6.4520930790494,4.20577232162013));
#2822=CARTESIAN_POINT('',(16.,6.42023898571606,4.17416681162013));
#2823=CARTESIAN_POINT('',(16.,6.38717582,4.1436924));
#2824=CARTESIAN_POINT('',(16.,6.6781706685326,7.44325443082139));
#2825=AXIS2_PLACEMENT_3D('',#2826,#2827,#2828);
#2826=CARTESIAN_POINT('',(16.,8.88178419700125E-16,-4.44089209850063E-16));
#2827=DIRECTION('',(-1.,0.,6.12323399573676E-17));
#2828=DIRECTION('',(4.55767885695975E-17,0.667817066855624,0.744325443080076));
#2829=CARTESIAN_POINT('',(16.,4.14369239972966,6.38717582006683));
#2830=CARTESIAN_POINT('',(16.,4.14369239972966,6.38717582006683));
#2831=CARTESIAN_POINT('',(16.,4.17416680948056,6.42023898889868));
#2832=CARTESIAN_POINT('',(16.,4.20577231885285,6.45209308401691));
#2833=CARTESIAN_POINT('',(16.,4.27181216728653,6.5139135544633));
#2834=CARTESIAN_POINT('',(16.,4.30660906062469,6.54362325209551));
#2835=CARTESIAN_POINT('',(16.,4.37784973353818,6.60188692367419));
#2836=CARTESIAN_POINT('',(16.,4.41482957377097,6.63006813176727));
#2837=CARTESIAN_POINT('',(16.,4.49042911803221,6.68523242563266));
#2838=CARTESIAN_POINT('',(16.,4.52938265125497,6.71197533849128));
#2839=CARTESIAN_POINT('',(16.,4.60885887013528,6.76426442543902));
#2840=CARTESIAN_POINT('',(16.,4.64962322347094,6.78963014758865));
#2841=CARTESIAN_POINT('',(16.,4.73264802454811,6.83916808845323));
#2842=CARTESIAN_POINT('',(16.,4.77509752203945,6.8631936461968));
#2843=CARTESIAN_POINT('',(16.,4.86142574648198,6.91005046955648));
#2844=CARTESIAN_POINT('',(16.,4.90545964574852,6.93275662439233));
#2845=CARTESIAN_POINT('',(16.,4.99489643362511,6.97696950259165));
#2846=CARTESIAN_POINT('',(16.,5.04043093334247,6.99836594026577));
#2847=CARTESIAN_POINT('',(16.,5.13281427714716,7.03995051031328));
#2848=CARTESIAN_POINT('',(16.,5.17977742583576,7.06003911264031));
#2849=CARTESIAN_POINT('',(16.,5.27496790224209,7.09899616124152));
#2850=CARTESIAN_POINT('',(16.,5.3232962944709,7.11777318683245));
#2851=CARTESIAN_POINT('',(16.,5.421170583689,7.1540928964992));
#2852=CARTESIAN_POINT('',(16.,5.47080708839343,7.17155045740368));
#2853=CARTESIAN_POINT('',(16.,5.57125364517636,7.20521524560891));
#2854=CARTESIAN_POINT('',(16.,5.62214583088618,7.22134235753044));
#2855=CARTESIAN_POINT('',(16.,5.72506189793886,7.25232886047822));
#2856=CARTESIAN_POINT('',(16.,5.7771608972143,7.26711219868904));
#2857=CARTESIAN_POINT('',(16.,5.88245036796025,7.29539269458982));
#2858=CARTESIAN_POINT('',(16.,5.93571004625839,7.30881714083986));
#2859=CARTESIAN_POINT('',(16.,6.04328188136823,7.33436061755662));
#2860=CARTESIAN_POINT('',(16.,6.09765818727752,7.34640972280734));
#2861=CARTESIAN_POINT('',(16.,6.20742523745367,7.36918269181492));
#2862=CARTESIAN_POINT('',(16.,6.26287574577312,7.37983897531413));
#2863=CARTESIAN_POINT('',(16.,6.37475384470568,7.3998061081787));
#2864=CARTESIAN_POINT('',(16.,6.43123735206933,7.40905137530572));
#2865=CARTESIAN_POINT('',(16.,6.54514461438952,7.42617599901154));
#2866=CARTESIAN_POINT('',(16.,6.60262087578975,7.43399148603843));
#2867=CARTESIAN_POINT('',(16.,6.6661667528799,7.44180443578981));
#2868=CARTESIAN_POINT('',(16.,6.67216811829895,7.44253364871809));
#2869=CARTESIAN_POINT('',(16.,6.67817066850896,7.44325443084203));
#2870=CARTESIAN_POINT('',(16.,2.18623722149049,5.04681749492567));
#2871=CARTESIAN_POINT('',(16.,2.18623722205849,5.04681749623686));
#2872=CARTESIAN_POINT('',(16.,2.20561182470606,5.0384263828725));
#2873=CARTESIAN_POINT('',(16.,2.22519958999863,5.03061977080173));
#2874=CARTESIAN_POINT('',(16.,2.26485412682747,5.01615633460832));
#2875=CARTESIAN_POINT('',(16.,2.2849576270689,5.00949262317144));
#2876=CARTESIAN_POINT('',(16.,2.32555960490407,4.99734790836489));
#2877=CARTESIAN_POINT('',(16.,2.3461323428304,4.99185652485997));
#2878=CARTESIAN_POINT('',(16.,2.38766125742821,4.98206926657657));
#2879=CARTESIAN_POINT('',(16.,2.40869436583948,4.97777312815581));
#2880=CARTESIAN_POINT('',(16.,2.45113672517723,4.9703957485587));
#2881=CARTESIAN_POINT('',(16.,2.47262507538985,4.96732505718811));
#2882=CARTESIAN_POINT('',(16.,2.51597551760596,4.96242545301818));
#2883=CARTESIAN_POINT('',(16.,2.53791832768371,4.96061879771393));
#2884=CARTESIAN_POINT('',(16.,2.58218105269244,4.95828300457835));
#2885=CARTESIAN_POINT('',(16.,2.60458267507275,4.95778898745924));
#2886=CARTESIAN_POINT('',(16.,2.64977321232989,4.95812490900029));
#2887=CARTESIAN_POINT('',(16.,2.67264406428964,4.95900428635751));
#2888=CARTESIAN_POINT('',(16.,2.71879143899098,4.96214683315396));
#2889=CARTESIAN_POINT('',(16.,2.74214917081929,4.96447560807494));
#2890=CARTESIAN_POINT('',(16.,2.78929853627855,4.97059367812182));
#2891=CARTESIAN_POINT('',(16.,2.81316940537651,4.97446709110742));
#2892=CARTESIAN_POINT('',(16.,2.86138522173645,4.98377302993337));
#2893=CARTESIAN_POINT('',(16.,2.88580576160997,4.98931117345186));
#2894=CARTESIAN_POINT('',(16.,2.93517565753694,5.00207367472409));
#2895=CARTESIAN_POINT('',(16.,2.96019468031366,5.00942898215004));
#2896=CARTESIAN_POINT('',(16.,3.01083406645972,5.02599079403486));
#2897=CARTESIAN_POINT('',(16.,3.03651497990053,5.03535854361848));
#2898=CARTESIAN_POINT('',(16.,3.08857254815456,5.0561610467861));
#2899=CARTESIAN_POINT('',(16.,3.11499609710529,5.06779384029923));
#2900=CARTESIAN_POINT('',(16.,3.16866022062091,5.09341160372435));
#2901=CARTESIAN_POINT('',(16.,3.19592746354361,5.10764000159593));
#2902=CARTESIAN_POINT('',(16.,3.25143334456503,5.13883018731151));
#2903=CARTESIAN_POINT('',(16.,3.27966871057359,5.15609236516957));
#2904=CARTESIAN_POINT('',(16.,3.3373057741534,5.19386653792815));
#2905=CARTESIAN_POINT('',(16.,3.36665960962901,5.21475168689759));
#2906=CARTESIAN_POINT('',(16.,3.42677765887635,5.26048236759226));
#2907=CARTESIAN_POINT('',(16.,3.45742679507582,5.28579580009515));
#2908=CARTESIAN_POINT('',(16.,3.52043751788071,5.34137824165134));
#2909=CARTESIAN_POINT('',(16.,3.55258089016181,5.37224114025879));
#2910=CARTESIAN_POINT('',(16.,3.61894680821507,5.44034519390239));
#2911=CARTESIAN_POINT('',(16.,3.65278918098435,5.47835162077661));
#2912=CARTESIAN_POINT('',(16.,3.72298206417714,5.56282542551415));
#2913=CARTESIAN_POINT('',(16.,3.75869047284082,5.61029712224085));
#2914=CARTESIAN_POINT('',(16.,3.83307770783598,5.7168356263142));
#2915=CARTESIAN_POINT('',(16.,3.87067499201299,5.77724943085055));
#2916=CARTESIAN_POINT('',(16.,3.94923519306867,5.9145434456526));
#2917=CARTESIAN_POINT('',(16.,3.98834488304038,5.99327648562175));
#2918=CARTESIAN_POINT('',(16.,4.06996733884726,6.17507358631182));
#2919=CARTESIAN_POINT('',(16.,4.10982114275608,6.27980465424058));
#2920=CARTESIAN_POINT('',(16.,4.14369239972966,6.38717582006683));
#2921=CARTESIAN_POINT('',(16.,2.02273570772276,5.1145420358469));
#2922=AXIS2_PLACEMENT_3D('',#2923,#2924,#2925);
#2923=CARTESIAN_POINT('',(16.,8.88178419700125E-16,-4.44089209850063E-16));
#2924=DIRECTION('',(-1.,-3.08148791101958E-33,6.12323399573677E-17));
#2925=DIRECTION('',(5.6940977594562E-17,0.367770128800012,0.929916734101727));
#2926=CARTESIAN_POINT('',(16.,1.58638233976159,7.44644833014391));
#2927=CARTESIAN_POINT('',(16.,1.58638233976159,7.44644833014391));
#2928=CARTESIAN_POINT('',(16.,1.53441005626649,7.34657485648919));
#2929=CARTESIAN_POINT('',(16.,1.48853490341867,7.24433791445522));
#2930=CARTESIAN_POINT('',(16.,1.41770073225377,7.05807215851158));
#2931=CARTESIAN_POINT('',(16.,1.38968279315244,6.97474476210139));
#2932=CARTESIAN_POINT('',(16.,1.34815171305963,6.8221127787071));
#2933=CARTESIAN_POINT('',(16.,1.33201799332677,6.7528084726796));
#2934=CARTESIAN_POINT('',(16.,1.3092836142031,6.62487465746723));
#2935=CARTESIAN_POINT('',(16.,1.30096571731554,6.56605744349948));
#2936=CARTESIAN_POINT('',(16.,1.29086758137205,6.45669158114432));
#2937=CARTESIAN_POINT('',(16.,1.287923147559,6.40588680630349));
#2938=CARTESIAN_POINT('',(16.,1.28669410217403,6.31080217819631));
#2939=CARTESIAN_POINT('',(16.,1.28759953942313,6.26625001916886));
#2940=CARTESIAN_POINT('',(16.,1.29285212673476,6.1823919882825));
#2941=CARTESIAN_POINT('',(16.,1.29662503467211,6.14282047401895));
#2942=CARTESIAN_POINT('',(16.,1.30679843735524,6.06797411937722));
#2943=CARTESIAN_POINT('',(16.,1.31278669993013,6.03244979475888));
#2944=CARTESIAN_POINT('',(16.,1.32683188522664,5.9649838654707));
#2945=CARTESIAN_POINT('',(16.,1.33459110659073,5.93281224512775));
#2946=CARTESIAN_POINT('',(16.,1.35178490053386,5.87150886512324));
#2947=CARTESIAN_POINT('',(16.,1.36100475206768,5.84216701124643));
#2948=CARTESIAN_POINT('',(16.,1.38083652480187,5.78610624948025));
#2949=CARTESIAN_POINT('',(16.,1.39129517123943,5.75919635378121));
#2950=CARTESIAN_POINT('',(16.,1.41339584284319,5.70767650618259));
#2951=CARTESIAN_POINT('',(16.,1.42493099663768,5.68289336199794));
#2952=CARTESIAN_POINT('',(16.,1.44902747763572,5.635374938022));
#2953=CARTESIAN_POINT('',(16.,1.46151760001906,5.61248282382686));
#2954=CARTESIAN_POINT('',(16.,1.48740293549752,5.56854858348031));
#2955=CARTESIAN_POINT('',(16.,1.5007548134549,5.54736459954855));
#2956=CARTESIAN_POINT('',(16.,1.5282682515234,5.50669057824438));
#2957=CARTESIAN_POINT('',(16.,1.54240858287091,5.48707240692848));
#2958=CARTESIAN_POINT('',(16.,1.57142208800108,5.44940664325062));
#2959=CARTESIAN_POINT('',(16.,1.58629180894419,5.43124354265147));
#2960=CARTESIAN_POINT('',(16.,1.61670081491106,5.39639030134707));
#2961=CARTESIAN_POINT('',(16.,1.63225113186505,5.37959634527017));
#2962=CARTESIAN_POINT('',(16.,1.66396813717105,5.34740427922272));
#2963=CARTESIAN_POINT('',(16.,1.6801578059754,5.33191327347924));
#2964=CARTESIAN_POINT('',(16.,1.71310793484388,5.30226645928175));
#2965=CARTESIAN_POINT('',(16.,1.72990133895241,5.28802804300362));
#2966=CARTESIAN_POINT('',(16.,1.76401927238138,5.26083919414514));
#2967=CARTESIAN_POINT('',(16.,1.78138513758447,5.24781594482428));
#2968=CARTESIAN_POINT('',(16.,1.81661301488354,5.22302125751619));
#2969=CARTESIAN_POINT('',(16.,1.83452349950656,5.21118642893165));
#2970=CARTESIAN_POINT('',(16.,1.87080951417557,5.18874168669681));
#2971=CARTESIAN_POINT('',(16.,1.88923962884314,5.17807755928707));
#2972=CARTESIAN_POINT('',(16.,1.92653717028889,5.15795523691244));
#2973=CARTESIAN_POINT('',(16.,1.94546444763478,5.14845187335621));
#2974=CARTESIAN_POINT('',(16.,1.98373163250367,5.13063907334519));
#2975=CARTESIAN_POINT('',(16.,2.00310238201105,5.12230853757597));
#2976=CARTESIAN_POINT('',(16.,2.02273570704544,5.1145420341343));
#2977=CARTESIAN_POINT('',(16.,0.540995924756954,9.98535544614284));
#2978=CARTESIAN_POINT('',(16.,0.540995925756791,9.98535544490785));
#2979=CARTESIAN_POINT('',(16.,0.544730697401013,9.98060133402762));
#2980=CARTESIAN_POINT('',(16.,0.548458669768194,9.97584209942313));
#2981=CARTESIAN_POINT('',(16.,0.587867798197361,9.92538379043218));
#2982=CARTESIAN_POINT('',(16.,0.622983262919615,9.87921554651658));
#2983=CARTESIAN_POINT('',(16.,0.691418924374665,9.78656200924789));
#2984=CARTESIAN_POINT('',(16.,0.724821412620894,9.74008475156374));
#2985=CARTESIAN_POINT('',(16.,0.789812278302017,9.64685609360078));
#2986=CARTESIAN_POINT('',(16.,0.821486568469343,9.60011152801558));
#2987=CARTESIAN_POINT('',(16.,0.883000672096025,9.50639157888307));
#2988=CARTESIAN_POINT('',(16.,0.912930528972825,9.45942172040439));
#2989=CARTESIAN_POINT('',(16.,0.970933338691272,9.36529498265585));
#2990=CARTESIAN_POINT('',(16.,0.999101098710726,9.3181421893041));
#2991=CARTESIAN_POINT('',(16.,1.05355466794879,9.22369396236409));
#2992=CARTESIAN_POINT('',(16.,1.0799408276075,9.17640100637237));
#2993=CARTESIAN_POINT('',(16.,1.13080271354922,9.08171759110219));
#2994=CARTESIAN_POINT('',(16.,1.15538533645954,9.03432779426693));
#2995=CARTESIAN_POINT('',(16.,1.2026071766457,8.93949675156335));
#2996=CARTESIAN_POINT('',(16.,1.22536111938111,8.89205407766855));
#2997=CARTESIAN_POINT('',(16.,1.26888677747892,8.79716459190124));
#2998=CARTESIAN_POINT('',(16.,1.28978275127095,8.74971390086699));
#2999=CARTESIAN_POINT('',(16.,1.32954579096644,8.65485727932943));
#3000=CARTESIAN_POINT('',(16.,1.34854896721639,8.60744453084321));
#3001=CARTESIAN_POINT('',(16.,1.38446912519742,8.512714910296));
#3002=CARTESIAN_POINT('',(16.,1.40153731091971,8.46538759102716));
#3003=CARTESIAN_POINT('',(16.,1.43351544309667,8.37088300494354));
#3004=CARTESIAN_POINT('',(16.,1.44859643649329,8.32369065869302));
#3005=CARTESIAN_POINT('',(16.,1.47650692896344,8.22951460600454));
#3006=CARTESIAN_POINT('',(16.,1.48953461601108,8.18250964231998));
#3007=CARTESIAN_POINT('',(16.,1.51321340084015,8.0887736297494));
#3008=CARTESIAN_POINT('',(16.,1.52410188260934,8.04201260755863));
#3009=CARTESIAN_POINT('',(16.,1.54332608844361,7.94884046524066));
#3010=CARTESIAN_POINT('',(16.,1.55196029638828,7.90238605929665));
#3011=CARTESIAN_POINT('',(16.,1.56641020100883,7.80992206181317));
#3012=CARTESIAN_POINT('',(16.,1.5726317789145,7.76384624516061));
#3013=CARTESIAN_POINT('',(16.,1.58180790460533,7.67227284588958));
#3014=CARTESIAN_POINT('',(16.,1.58540508967895,7.62665979660991));
#3015=CARTESIAN_POINT('',(16.,1.58838864029833,7.53624889778691));
#3016=CARTESIAN_POINT('',(16.,1.58821286533764,7.4913761819385));
#3017=CARTESIAN_POINT('',(16.,1.58638233976159,7.44644833014391));
#3018=CARTESIAN_POINT('',(16.,-0.540995916490124,9.98535544777112));
#3019=AXIS2_PLACEMENT_3D('',#3020,#3021,#3022);
#3020=CARTESIAN_POINT('',(16.,8.88178419700125E-16,-4.44089209850063E-16));
#3021=DIRECTION('',(-1.,0.,6.12323399573676E-17));
#3022=DIRECTION('',(6.11426679373205E-17,-0.0540995916458817,0.998535544777325));
#3023=CARTESIAN_POINT('',(16.,-1.58638234,7.44644833));
#3024=CARTESIAN_POINT('',(16.,-1.58638234,7.44644833));
#3025=CARTESIAN_POINT('',(16.,-1.588212869101,7.49137618267604));
#3026=CARTESIAN_POINT('',(16.,-1.58838864576767,7.5362488993427));
#3027=CARTESIAN_POINT('',(16.,-1.58540509498045,7.62665979786747));
#3028=CARTESIAN_POINT('',(16.,-1.58180790439956,7.67227284577386));
#3029=CARTESIAN_POINT('',(16.,-1.57263177875625,7.76384624595738));
#3030=CARTESIAN_POINT('',(16.,-1.56641020630509,7.80992206509783));
#3031=CARTESIAN_POINT('',(16.,-1.55196030217494,7.90238606177115));
#3032=CARTESIAN_POINT('',(16.,-1.54332608971297,7.94884046429515));
#3033=CARTESIAN_POINT('',(16.,-1.52410188436243,8.04201260557128));
#3034=CARTESIAN_POINT('',(16.,-1.5132134078298,8.08877363038731));
#3035=CARTESIAN_POINT('',(16.,-1.48953462189283,8.182509644147));
#3036=CARTESIAN_POINT('',(16.,-1.47650692916101,8.22951460648336));
#3037=CARTESIAN_POINT('',(16.,-1.44859643379239,8.32369065693695));
#3038=CARTESIAN_POINT('',(16.,-1.43351544107804,8.37088300176951));
#3039=CARTESIAN_POINT('',(16.,-1.40153730787347,8.4653875869551));
#3040=CARTESIAN_POINT('',(16.,-1.38446912051799,8.51271490665579));
#3041=CARTESIAN_POINT('',(16.,-1.34854896311833,8.6074445270021));
#3042=CARTESIAN_POINT('',(16.,-1.32954578914475,8.65485727483568));
#3043=CARTESIAN_POINT('',(16.,-1.28978275101439,8.74971389944791));
#3044=CARTESIAN_POINT('',(16.,-1.26888677927141,8.7971645954426));
#3045=CARTESIAN_POINT('',(16.,-1.22536111865757,8.89205408204862));
#3046=CARTESIAN_POINT('',(16.,-1.2026071692852,8.93949675081806));
#3047=CARTESIAN_POINT('',(16.,-1.15538532786428,9.03432779229322));
#3048=CARTESIAN_POINT('',(16.,-1.13080270844014,9.08171759211872));
#3049=CARTESIAN_POINT('',(16.,-1.07994082589376,9.17640100738434));
#3050=CARTESIAN_POINT('',(16.,-1.05355466891052,9.22369396176249));
#3051=CARTESIAN_POINT('',(16.,-0.999101100585265,9.31814219094126));
#3052=CARTESIAN_POINT('',(16.,-0.970933337873913,9.36529498760676));
#3053=CARTESIAN_POINT('',(16.,-0.912930529404568,9.45942172727912));
#3054=CARTESIAN_POINT('',(16.,-0.883000678790254,9.50639158595346));
#3055=CARTESIAN_POINT('',(16.,-0.821486574072861,9.60011153229687));
#3056=CARTESIAN_POINT('',(16.,-0.789812273944476,9.64685609307434));
#3057=CARTESIAN_POINT('',(16.,-0.724821406572391,9.7400847505452));
#3058=CARTESIAN_POINT('',(16.,-0.691418926569755,9.78656201270663));
#3059=CARTESIAN_POINT('',(16.,-0.622983266504401,9.87921554786729));
#3060=CARTESIAN_POINT('',(16.,-0.587867796186043,9.92538378593562));
#3061=CARTESIAN_POINT('',(16.,-0.548458665329423,9.97584209629279));
#3062=CARTESIAN_POINT('',(16.,-0.544730690551746,9.9806013338835));
#3063=CARTESIAN_POINT('',(16.,-0.540995916521431,9.98535544776899));
#3064=CARTESIAN_POINT('',(16.,-2.02273570947448,5.11454203867121));
#3065=CARTESIAN_POINT('',(16.,-2.02273571,5.11454204));
#3066=CARTESIAN_POINT('',(16.,-2.00310238392347,5.12230853975324));
#3067=CARTESIAN_POINT('',(16.,-1.98373163392347,5.13063907308657));
#3068=CARTESIAN_POINT('',(16.,-1.94546444821536,5.14845187117144));
#3069=CARTESIAN_POINT('',(16.,-1.92653717132418,5.15795523697285));
#3070=CARTESIAN_POINT('',(16.,-1.88923962727205,5.1780775606344));
#3071=CARTESIAN_POINT('',(16.,-1.87080951026234,5.18874168861525));
#3072=CARTESIAN_POINT('',(16.,-1.8345234964335,5.21118642904126));
#3073=CARTESIAN_POINT('',(16.,-1.81661301423623,5.22302125401808));
#3074=CARTESIAN_POINT('',(16.,-1.78138513899844,5.24781593897485));
#3075=CARTESIAN_POINT('',(16.,-1.76401927415551,5.26083919043563));
#3076=CARTESIAN_POINT('',(16.,-1.72990133916337,5.28802803876039));
#3077=CARTESIAN_POINT('',(16.,-1.7131079311422,5.30226645034775));
#3078=CARTESIAN_POINT('',(16.,-1.68015780296912,5.3319132681896));
#3079=CARTESIAN_POINT('',(16.,-1.66396814101947,5.34740428442936));
#3080=CARTESIAN_POINT('',(16.,-1.63225113807911,5.37959635216897));
#3081=CARTESIAN_POINT('',(16.,-1.61670081725937,5.39639030037373));
#3082=CARTESIAN_POINT('',(16.,-1.58629181182406,5.43124353810897));
#3083=CARTESIAN_POINT('',(16.,-1.57142209379361,5.44940664121639));
#3084=CARTESIAN_POINT('',(16.,-1.54240858656665,5.48707240607919));
#3085=CARTESIAN_POINT('',(16.,-1.52826824974312,5.50669057607963));
#3086=CARTESIAN_POINT('',(16.,-1.50075481148369,5.54736459923733));
#3087=CARTESIAN_POINT('',(16.,-1.48740294097601,5.56854858741924));
#3088=CARTESIAN_POINT('',(16.,-1.46151760397406,5.61248282681017));
#3089=CARTESIAN_POINT('',(16.,-1.44902747106859,5.63537493523285));
#3090=CARTESIAN_POINT('',(16.,-1.42493098722207,5.68289335806434));
#3091=CARTESIAN_POINT('',(16.,-1.41339583843605,5.70767650536044));
#3092=CARTESIAN_POINT('',(16.,-1.39129516996702,5.75919635594043));
#3093=CARTESIAN_POINT('',(16.,-1.38083652649822,5.78610625376378));
#3094=CARTESIAN_POINT('',(16.,-1.36100475509063,5.84216701364484));
#3095=CARTESIAN_POINT('',(16.,-1.35178489933615,5.87150886264015));
#3096=CARTESIAN_POINT('',(16.,-1.33459110629612,5.93281223933209));
#3097=CARTESIAN_POINT('',(16.,-1.32683189054366,5.96498386112751));
#3098=CARTESIAN_POINT('',(16.,-1.31278670575,6.03244979334378));
#3099=CARTESIAN_POINT('',(16.,-1.30679844009375,6.0679741199248));
#3100=CARTESIAN_POINT('',(16.,-1.29662503422672,6.14282047464678));
#3101=CARTESIAN_POINT('',(16.,-1.29285212196047,6.18239198646883));
#3102=CARTESIAN_POINT('',(16.,-1.28759953391695,6.26625001719092));
#3103=CARTESIAN_POINT('',(16.,-1.28669410229919,6.31080217859349));
#3104=CARTESIAN_POINT('',(16.,-1.28792314976173,6.40588680744631));
#3105=CARTESIAN_POINT('',(16.,-1.29086758065657,6.45669158089435));
#3106=CARTESIAN_POINT('',(16.,-1.30096571712245,6.56605744475354));
#3107=CARTESIAN_POINT('',(16.,-1.30928361788086,6.62487466133489));
#3108=CARTESIAN_POINT('',(16.,-1.3320179982698,6.75280847832142));
#3109=CARTESIAN_POINT('',(16.,-1.34815171453898,6.82211278378212));
#3110=CARTESIAN_POINT('',(16.,-1.38968279252399,6.97474476356282));
#3111=CARTESIAN_POINT('',(16.,-1.4177007320005,7.05807215701754));
#3112=CARTESIAN_POINT('',(16.,-1.48853490270036,7.24433791171369));
#3113=CARTESIAN_POINT('',(16.,-1.53441005603369,7.34657485504702));
#3114=CARTESIAN_POINT('',(16.,-1.58638234,7.44644833));
#3115=CARTESIAN_POINT('',(16.,-2.18623722073206,5.04681749168992));
#3116=AXIS2_PLACEMENT_3D('',#3117,#3118,#3119);
#3117=CARTESIAN_POINT('',(16.,8.88178419700125E-16,-4.44089209850063E-16));
#3118=DIRECTION('',(-1.,0.,6.12323399573677E-17));
#3119=DIRECTION('',(5.618698990135E-17,-0.39749767662984,0.917603180614518));
#3120=CARTESIAN_POINT('',(16.,-4.1436924,6.38717582));
#3121=CARTESIAN_POINT('',(16.,-4.1436924,6.38717582));
#3122=CARTESIAN_POINT('',(16.,-4.10982114361122,6.27980465542496));
#3123=CARTESIAN_POINT('',(16.,-4.06996734027789,6.1750735887583));
#3124=CARTESIAN_POINT('',(16.,-3.98834488391773,5.99327648685728));
#3125=CARTESIAN_POINT('',(16.,-3.9492351915909,5.91454344506359));
#3126=CARTESIAN_POINT('',(16.,-3.87067498947046,5.77724942621592));
#3127=CARTESIAN_POINT('',(16.,-3.83307770734186,5.71683561882957));
#3128=CARTESIAN_POINT('',(16.,-3.75869047270654,5.61029711690543));
#3129=CARTESIAN_POINT('',(16.,-3.72298206315385,5.56282542476393));
#3130=CARTESIAN_POINT('',(16.,-3.65278918065518,5.47835162145929));
#3131=CARTESIAN_POINT('',(16.,-3.61894680896454,5.44034519153672));
#3132=CARTESIAN_POINT('',(16.,-3.55258088996946,5.37224113988944));
#3133=CARTESIAN_POINT('',(16.,-3.52043751538586,5.34137824694341));
#3134=CARTESIAN_POINT('',(16.,-3.45742679298234,5.28579580475353));
#3135=CARTESIAN_POINT('',(16.,-3.42677765811747,5.26048236746325));
#3136=CARTESIAN_POINT('',(16.,-3.36665961117823,5.21475168457398));
#3137=CARTESIAN_POINT('',(16.,-3.33730577926929,5.1938665348135));
#3138=CARTESIAN_POINT('',(16.,-3.27966871740439,5.15609236448096));
#3139=CARTESIAN_POINT('',(16.,-3.25143334845486,5.13883019161798));
#3140=CARTESIAN_POINT('',(16.,-3.1959274644525,5.10764000419865));
#3141=CARTESIAN_POINT('',(16.,-3.16866022106252,5.09341159989086));
#3142=CARTESIAN_POINT('',(16.,-3.11499609527587,5.06779383607081));
#3143=CARTESIAN_POINT('',(16.,-3.08857254572804,5.05616104615904));
#3144=CARTESIAN_POINT('',(16.,-3.03651497736556,5.03535854731615));
#3145=CARTESIAN_POINT('',(16.,-3.01083406258335,5.02599080347417));
#3146=CARTESIAN_POINT('',(16.,-2.96019467764222,5.00942898876592));
#3147=CARTESIAN_POINT('',(16.,-2.93517565822403,5.00207366981796));
#3148=CARTESIAN_POINT('',(16.,-2.8858057626986,4.98931116679274));
#3149=CARTESIAN_POINT('',(16.,-2.86138522056266,4.98377303154728));
#3150=CARTESIAN_POINT('',(16.,-2.81316940564836,4.97446709389698));
#3151=CARTESIAN_POINT('',(16.,-2.78929853949237,4.97059367610908));
#3152=CARTESIAN_POINT('',(16.,-2.74214917635365,4.96447560541742));
#3153=CARTESIAN_POINT('',(16.,-2.71879144423939,4.96214683432962));
#3154=CARTESIAN_POINT('',(16.,-2.6726440666384,4.95900428538526));
#3155=CARTESIAN_POINT('',(16.,-2.64977321184571,4.9581248997281));
#3156=CARTESIAN_POINT('',(16.,-2.60458267411235,4.95778898105634));
#3157=CARTESIAN_POINT('',(16.,-2.58218105430702,4.95828301044445));
#3158=CARTESIAN_POINT('',(16.,-2.53791833138352,4.9606188066487));
#3159=CARTESIAN_POINT('',(16.,-2.51597552075555,4.96242545586942));
#3160=CARTESIAN_POINT('',(16.,-2.47262507926737,4.96732505855663));
#3161=CARTESIAN_POINT('',(16.,-2.45113673031323,4.97039575169504));
#3162=CARTESIAN_POINT('',(16.,-2.4086943678553,4.97777313108708));
#3163=CARTESIAN_POINT('',(16.,-2.38766125517772,4.98206926867204));
#3164=CARTESIAN_POINT('',(16.,-2.34613233870678,4.9918565262705));
#3165=CARTESIAN_POINT('',(16.,-2.32555960284043,4.99734790852311));
#3166=CARTESIAN_POINT('',(16.,-2.28495762775823,5.00949262239667));
#3167=CARTESIAN_POINT('',(16.,-2.26485412878287,5.01615633574265));
#3168=CARTESIAN_POINT('',(16.,-2.22519959118544,5.03061976998065));
#3169=CARTESIAN_POINT('',(16.,-2.20561182451878,5.03842637998066));
#3170=CARTESIAN_POINT('',(16.,-2.18623722,5.04681749));
#3171=CARTESIAN_POINT('',(16.,-6.67817066153569,7.44325443551556));
#3172=CARTESIAN_POINT('',(16.,-6.67817065995544,7.44325443534928));
#3173=CARTESIAN_POINT('',(16.,-6.6721681135577,7.44253365366317));
#3174=CARTESIAN_POINT('',(16.,-6.6661667519547,7.44180444114199));
#3175=CARTESIAN_POINT('',(16.,-6.60262087754707,7.43399149064019));
#3176=CARTESIAN_POINT('',(16.,-6.54514461596926,7.42617599552162));
#3177=CARTESIAN_POINT('',(16.,-6.43123735117579,7.40905137130786));
#3178=CARTESIAN_POINT('',(16.,-6.37475384114897,7.39980611317586));
#3179=CARTESIAN_POINT('',(16.,-6.26287574306413,7.37983897876763));
#3180=CARTESIAN_POINT('',(16.,-6.20742523838862,7.3691826848253));
#3181=CARTESIAN_POINT('',(16.,-6.09765818701153,7.34640971307429));
#3182=CARTESIAN_POINT('',(16.,-6.04328187681235,7.33436061239017));
#3183=CARTESIAN_POINT('',(16.,-5.93571004217961,7.30881713791699));
#3184=CARTESIAN_POINT('',(16.,-5.88245036812811,7.29539269210667));
#3185=CARTESIAN_POINT('',(16.,-5.77716089831974,7.26711219843439));
#3186=CARTESIAN_POINT('',(16.,-5.72506189601149,7.25232886097443));
#3187=CARTESIAN_POINT('',(16.,-5.62214582655471,7.22134236042432));
#3188=CARTESIAN_POINT('',(16.,-5.57125364049421,7.20521525308229));
#3189=CARTESIAN_POINT('',(16.,-5.47080708371577,7.17155046313534));
#3190=CARTESIAN_POINT('',(16.,-5.4211705800802,7.15409289391364));
#3191=CARTESIAN_POINT('',(16.,-5.32329629323427,7.11777318306084));
#3192=CARTESIAN_POINT('',(16.,-5.27496790306412,7.09899616242638));
#3193=CARTESIAN_POINT('',(16.,-5.17977742772519,7.060039117106));
#3194=CARTESIAN_POINT('',(16.,-5.13281427696547,7.03995051592711));
#3195=CARTESIAN_POINT('',(16.,-5.04043093260763,6.99836594614863));
#3196=CARTESIAN_POINT('',(16.,-4.99489643435048,6.97696950762504));
#3197=CARTESIAN_POINT('',(16.,-4.90545964656551,6.93275662806409));
#3198=CARTESIAN_POINT('',(16.,-4.86142574581388,6.91005047270803));
#3199=CARTESIAN_POINT('',(16.,-4.77509752184058,6.86319364571852));
#3200=CARTESIAN_POINT('',(16.,-4.73264802741523,6.8391680830023));
#3201=CARTESIAN_POINT('',(16.,-4.6496232279623,6.78963014219515));
#3202=CARTESIAN_POINT('',(16.,-4.60885887278017,6.76426442560466));
#3203=CARTESIAN_POINT('',(16.,-4.52938265282111,6.71197533826228));
#3204=CARTESIAN_POINT('',(16.,-4.49042912037427,6.68523241979113));
#3205=CARTESIAN_POINT('',(16.,-4.41482957519339,6.63006812569964));
#3206=CARTESIAN_POINT('',(16.,-4.37784973286287,6.60188692322269));
#3207=CARTESIAN_POINT('',(16.,-4.30660906056102,6.54362325232285));
#3208=CARTESIAN_POINT('',(16.,-4.27181217014603,6.51391354982533));
#3209=CARTESIAN_POINT('',(16.,-4.20577232162013,6.4520930790494));
#3210=CARTESIAN_POINT('',(16.,-4.17416681162013,6.42023898571606));
#3211=CARTESIAN_POINT('',(16.,-4.1436924,6.38717582));
#3212=CARTESIAN_POINT('',(16.,-7.44325443082139,6.6781706685326));
#3213=AXIS2_PLACEMENT_3D('',#3214,#3215,#3216);
#3214=CARTESIAN_POINT('',(16.,8.88178419700125E-16,-4.44089209850063E-16));
#3215=DIRECTION('',(-1.,0.,6.12323399573676E-17));
#3216=DIRECTION('',(4.08920016670357E-17,-0.744325443080076,0.667817066855624));
#3217=CARTESIAN_POINT('',(16.,-6.38717582006683,4.14369239972966));
#3218=CARTESIAN_POINT('',(16.,-6.38717582006683,4.14369239972966));
#3219=CARTESIAN_POINT('',(16.,-6.42023898889868,4.17416680948056));
#3220=CARTESIAN_POINT('',(16.,-6.45209308401691,4.20577231885285));
#3221=CARTESIAN_POINT('',(16.,-6.5139135544633,4.27181216728653));
#3222=CARTESIAN_POINT('',(16.,-6.54362325209551,4.30660906062469));
#3223=CARTESIAN_POINT('',(16.,-6.60188692367419,4.37784973353818));
#3224=CARTESIAN_POINT('',(16.,-6.63006813176727,4.41482957377097));
#3225=CARTESIAN_POINT('',(16.,-6.68523242563266,4.49042911803221));
#3226=CARTESIAN_POINT('',(16.,-6.71197533849128,4.52938265125497));
#3227=CARTESIAN_POINT('',(16.,-6.76426442543902,4.60885887013528));
#3228=CARTESIAN_POINT('',(16.,-6.78963014758865,4.64962322347094));
#3229=CARTESIAN_POINT('',(16.,-6.83916808845323,4.73264802454811));
#3230=CARTESIAN_POINT('',(16.,-6.8631936461968,4.77509752203945));
#3231=CARTESIAN_POINT('',(16.,-6.91005046955647,4.86142574648198));
#3232=CARTESIAN_POINT('',(16.,-6.93275662439233,4.90545964574852));
#3233=CARTESIAN_POINT('',(16.,-6.97696950259165,4.99489643362511));
#3234=CARTESIAN_POINT('',(16.,-6.99836594026577,5.04043093334247));
#3235=CARTESIAN_POINT('',(16.,-7.03995051031328,5.13281427714716));
#3236=CARTESIAN_POINT('',(16.,-7.06003911264031,5.17977742583576));
#3237=CARTESIAN_POINT('',(16.,-7.09899616124153,5.27496790224209));
#3238=CARTESIAN_POINT('',(16.,-7.11777318683245,5.3232962944709));
#3239=CARTESIAN_POINT('',(16.,-7.1540928964992,5.421170583689));
#3240=CARTESIAN_POINT('',(16.,-7.17155045740369,5.47080708839343));
#3241=CARTESIAN_POINT('',(16.,-7.20521524560891,5.57125364517636));
#3242=CARTESIAN_POINT('',(16.,-7.22134235753045,5.62214583088617));
#3243=CARTESIAN_POINT('',(16.,-7.25232886047822,5.72506189793886));
#3244=CARTESIAN_POINT('',(16.,-7.26711219868905,5.7771608972143));
#3245=CARTESIAN_POINT('',(16.,-7.29539269458982,5.88245036796025));
#3246=CARTESIAN_POINT('',(16.,-7.30881714083986,5.93571004625839));
#3247=CARTESIAN_POINT('',(16.,-7.33436061755662,6.04328188136823));
#3248=CARTESIAN_POINT('',(16.,-7.34640972280734,6.09765818727751));
#3249=CARTESIAN_POINT('',(16.,-7.36918269181492,6.20742523745367));
#3250=CARTESIAN_POINT('',(16.,-7.37983897531414,6.26287574577312));
#3251=CARTESIAN_POINT('',(16.,-7.3998061081787,6.37475384470568));
#3252=CARTESIAN_POINT('',(16.,-7.40905137530572,6.43123735206933));
#3253=CARTESIAN_POINT('',(16.,-7.42617599901154,6.54514461438952));
#3254=CARTESIAN_POINT('',(16.,-7.43399148603843,6.60262087578975));
#3255=CARTESIAN_POINT('',(16.,-7.44180443578981,6.6661667528799));
#3256=CARTESIAN_POINT('',(16.,-7.44253364871809,6.67216811829895));
#3257=CARTESIAN_POINT('',(16.,-7.44325443084203,6.67817066850895));
#3258=CARTESIAN_POINT('',(16.,-5.04681749492567,2.18623722149049));
#3259=CARTESIAN_POINT('',(16.,-5.04681749623686,2.18623722205849));
#3260=CARTESIAN_POINT('',(16.,-5.0384263828725,2.20561182470606));
#3261=CARTESIAN_POINT('',(16.,-5.03061977080173,2.22519958999862));
#3262=CARTESIAN_POINT('',(16.,-5.01615633460832,2.26485412682747));
#3263=CARTESIAN_POINT('',(16.,-5.00949262317145,2.28495762706889));
#3264=CARTESIAN_POINT('',(16.,-4.99734790836489,2.32555960490407));
#3265=CARTESIAN_POINT('',(16.,-4.99185652485997,2.3461323428304));
#3266=CARTESIAN_POINT('',(16.,-4.98206926657657,2.38766125742821));
#3267=CARTESIAN_POINT('',(16.,-4.97777312815581,2.40869436583948));
#3268=CARTESIAN_POINT('',(16.,-4.97039574855871,2.45113672517723));
#3269=CARTESIAN_POINT('',(16.,-4.96732505718811,2.47262507538985));
#3270=CARTESIAN_POINT('',(16.,-4.96242545301818,2.51597551760596));
#3271=CARTESIAN_POINT('',(16.,-4.96061879771393,2.53791832768371));
#3272=CARTESIAN_POINT('',(16.,-4.95828300457835,2.58218105269243));
#3273=CARTESIAN_POINT('',(16.,-4.95778898745924,2.60458267507275));
#3274=CARTESIAN_POINT('',(16.,-4.95812490900029,2.64977321232989));
#3275=CARTESIAN_POINT('',(16.,-4.95900428635751,2.67264406428964));
#3276=CARTESIAN_POINT('',(16.,-4.96214683315396,2.71879143899098));
#3277=CARTESIAN_POINT('',(16.,-4.96447560807494,2.74214917081929));
#3278=CARTESIAN_POINT('',(16.,-4.97059367812182,2.78929853627855));
#3279=CARTESIAN_POINT('',(16.,-4.97446709110742,2.81316940537651));
#3280=CARTESIAN_POINT('',(16.,-4.98377302993337,2.86138522173645));
#3281=CARTESIAN_POINT('',(16.,-4.98931117345186,2.88580576160997));
#3282=CARTESIAN_POINT('',(16.,-5.00207367472409,2.93517565753694));
#3283=CARTESIAN_POINT('',(16.,-5.00942898215004,2.96019468031366));
#3284=CARTESIAN_POINT('',(16.,-5.02599079403486,3.01083406645972));
#3285=CARTESIAN_POINT('',(16.,-5.03535854361848,3.03651497990053));
#3286=CARTESIAN_POINT('',(16.,-5.0561610467861,3.08857254815456));
#3287=CARTESIAN_POINT('',(16.,-5.06779384029923,3.11499609710529));
#3288=CARTESIAN_POINT('',(16.,-5.09341160372435,3.16866022062091));
#3289=CARTESIAN_POINT('',(16.,-5.10764000159593,3.1959274635436));
#3290=CARTESIAN_POINT('',(16.,-5.13883018731151,3.25143334456503));
#3291=CARTESIAN_POINT('',(16.,-5.15609236516957,3.27966871057359));
#3292=CARTESIAN_POINT('',(16.,-5.19386653792815,3.3373057741534));
#3293=CARTESIAN_POINT('',(16.,-5.21475168689759,3.36665960962901));
#3294=CARTESIAN_POINT('',(16.,-5.26048236759226,3.42677765887635));
#3295=CARTESIAN_POINT('',(16.,-5.28579580009515,3.45742679507582));
#3296=CARTESIAN_POINT('',(16.,-5.34137824165134,3.52043751788071));
#3297=CARTESIAN_POINT('',(16.,-5.37224114025879,3.55258089016181));
#3298=CARTESIAN_POINT('',(16.,-5.44034519390239,3.61894680821507));
#3299=CARTESIAN_POINT('',(16.,-5.47835162077661,3.65278918098435));
#3300=CARTESIAN_POINT('',(16.,-5.56282542551415,3.72298206417714));
#3301=CARTESIAN_POINT('',(16.,-5.61029712224085,3.75869047284082));
#3302=CARTESIAN_POINT('',(16.,-5.7168356263142,3.83307770783598));
#3303=CARTESIAN_POINT('',(16.,-5.77724943085055,3.87067499201299));
#3304=CARTESIAN_POINT('',(16.,-5.9145434456526,3.94923519306866));
#3305=CARTESIAN_POINT('',(16.,-5.99327648562175,3.98834488304038));
#3306=CARTESIAN_POINT('',(16.,-6.17507358631182,4.06996733884726));
#3307=CARTESIAN_POINT('',(16.,-6.27980465424058,4.10982114275608));
#3308=CARTESIAN_POINT('',(16.,-6.38717582006683,4.14369239972966));
#3309=CARTESIAN_POINT('',(16.,-5.1145420358469,2.02273570772276));
#3310=AXIS2_PLACEMENT_3D('',#3311,#3312,#3313);
#3311=CARTESIAN_POINT('',(16.,8.88178419700125E-16,-4.44089209850063E-16));
#3312=DIRECTION('',(-1.,-3.08148791101958E-33,6.12323399573677E-17));
#3313=DIRECTION('',(2.25194255528473E-17,-0.929916734101727,0.367770128800012));
#3314=CARTESIAN_POINT('',(16.,-7.44644833014391,1.58638233976159));
#3315=CARTESIAN_POINT('',(16.,-7.44644833014391,1.58638233976159));
#3316=CARTESIAN_POINT('',(16.,-7.34657485648919,1.53441005626649));
#3317=CARTESIAN_POINT('',(16.,-7.24433791445521,1.48853490341867));
#3318=CARTESIAN_POINT('',(16.,-7.05807215851158,1.41770073225377));
#3319=CARTESIAN_POINT('',(16.,-6.97474476210139,1.38968279315244));
#3320=CARTESIAN_POINT('',(16.,-6.8221127787071,1.34815171305963));
#3321=CARTESIAN_POINT('',(16.,-6.7528084726796,1.33201799332677));
#3322=CARTESIAN_POINT('',(16.,-6.62487465746723,1.3092836142031));
#3323=CARTESIAN_POINT('',(16.,-6.56605744349948,1.30096571731554));
#3324=CARTESIAN_POINT('',(16.,-6.45669158114432,1.29086758137205));
#3325=CARTESIAN_POINT('',(16.,-6.40588680630349,1.287923147559));
#3326=CARTESIAN_POINT('',(16.,-6.31080217819631,1.28669410217403));
#3327=CARTESIAN_POINT('',(16.,-6.26625001916886,1.28759953942313));
#3328=CARTESIAN_POINT('',(16.,-6.1823919882825,1.29285212673476));
#3329=CARTESIAN_POINT('',(16.,-6.14282047401895,1.29662503467211));
#3330=CARTESIAN_POINT('',(16.,-6.06797411937722,1.30679843735524));
#3331=CARTESIAN_POINT('',(16.,-6.03244979475888,1.31278669993013));
#3332=CARTESIAN_POINT('',(16.,-5.9649838654707,1.32683188522664));
#3333=CARTESIAN_POINT('',(16.,-5.93281224512774,1.33459110659072));
#3334=CARTESIAN_POINT('',(16.,-5.87150886512324,1.35178490053385));
#3335=CARTESIAN_POINT('',(16.,-5.84216701124643,1.36100475206768));
#3336=CARTESIAN_POINT('',(16.,-5.78610624948025,1.38083652480187));
#3337=CARTESIAN_POINT('',(16.,-5.75919635378121,1.39129517123943));
#3338=CARTESIAN_POINT('',(16.,-5.70767650618259,1.41339584284319));
#3339=CARTESIAN_POINT('',(16.,-5.68289336199794,1.42493099663768));
#3340=CARTESIAN_POINT('',(16.,-5.63537493802199,1.44902747763572));
#3341=CARTESIAN_POINT('',(16.,-5.61248282382686,1.46151760001906));
#3342=CARTESIAN_POINT('',(16.,-5.56854858348031,1.48740293549751));
#3343=CARTESIAN_POINT('',(16.,-5.54736459954854,1.5007548134549));
#3344=CARTESIAN_POINT('',(16.,-5.50669057824438,1.5282682515234));
#3345=CARTESIAN_POINT('',(16.,-5.48707240692848,1.54240858287091));
#3346=CARTESIAN_POINT('',(16.,-5.44940664325062,1.57142208800108));
#3347=CARTESIAN_POINT('',(16.,-5.43124354265147,1.58629180894419));
#3348=CARTESIAN_POINT('',(16.,-5.39639030134707,1.61670081491106));
#3349=CARTESIAN_POINT('',(16.,-5.37959634527017,1.63225113186505));
#3350=CARTESIAN_POINT('',(16.,-5.34740427922272,1.66396813717105));
#3351=CARTESIAN_POINT('',(16.,-5.33191327347924,1.6801578059754));
#3352=CARTESIAN_POINT('',(16.,-5.30226645928175,1.71310793484388));
#3353=CARTESIAN_POINT('',(16.,-5.28802804300362,1.72990133895241));
#3354=CARTESIAN_POINT('',(16.,-5.26083919414514,1.76401927238138));
#3355=CARTESIAN_POINT('',(16.,-5.24781594482428,1.78138513758447));
#3356=CARTESIAN_POINT('',(16.,-5.22302125751619,1.81661301488354));
#3357=CARTESIAN_POINT('',(16.,-5.21118642893165,1.83452349950656));
#3358=CARTESIAN_POINT('',(16.,-5.18874168669681,1.87080951417557));
#3359=CARTESIAN_POINT('',(16.,-5.17807755928707,1.88923962884314));
#3360=CARTESIAN_POINT('',(16.,-5.15795523691244,1.92653717028889));
#3361=CARTESIAN_POINT('',(16.,-5.14845187335621,1.94546444763478));
#3362=CARTESIAN_POINT('',(16.,-5.13063907334519,1.98373163250367));
#3363=CARTESIAN_POINT('',(16.,-5.12230853757597,2.00310238201105));
#3364=CARTESIAN_POINT('',(16.,-5.1145420341343,2.02273570704544));
#3365=CARTESIAN_POINT('',(16.,-9.98535544614284,0.54099592475696));
#3366=CARTESIAN_POINT('',(16.,-9.98535544490786,0.54099592575679));
#3367=CARTESIAN_POINT('',(16.,-9.98060133402763,0.544730697401012));
#3368=CARTESIAN_POINT('',(16.,-9.97584209942314,0.548458669768193));
#3369=CARTESIAN_POINT('',(16.,-9.92538379043218,0.587867798197359));
#3370=CARTESIAN_POINT('',(16.,-9.87921554651659,0.622983262919614));
#3371=CARTESIAN_POINT('',(16.,-9.78656200924789,0.691418924374665));
#3372=CARTESIAN_POINT('',(16.,-9.74008475156375,0.724821412620894));
#3373=CARTESIAN_POINT('',(16.,-9.64685609360078,0.789812278302016));
#3374=CARTESIAN_POINT('',(16.,-9.60011152801558,0.821486568469343));
#3375=CARTESIAN_POINT('',(16.,-9.50639157888307,0.883000672096024));
#3376=CARTESIAN_POINT('',(16.,-9.45942172040439,0.912930528972824));
#3377=CARTESIAN_POINT('',(16.,-9.36529498265585,0.970933338691271));
#3378=CARTESIAN_POINT('',(16.,-9.3181421893041,0.999101098710726));
#3379=CARTESIAN_POINT('',(16.,-9.2236939623641,1.05355466794878));
#3380=CARTESIAN_POINT('',(16.,-9.17640100637237,1.0799408276075));
#3381=CARTESIAN_POINT('',(16.,-9.08171759110219,1.13080271354922));
#3382=CARTESIAN_POINT('',(16.,-9.03432779426693,1.15538533645954));
#3383=CARTESIAN_POINT('',(16.,-8.93949675156335,1.2026071766457));
#3384=CARTESIAN_POINT('',(16.,-8.89205407766855,1.22536111938111));
#3385=CARTESIAN_POINT('',(16.,-8.79716459190124,1.26888677747892));
#3386=CARTESIAN_POINT('',(16.,-8.74971390086699,1.28978275127095));
#3387=CARTESIAN_POINT('',(16.,-8.65485727932943,1.32954579096644));
#3388=CARTESIAN_POINT('',(16.,-8.60744453084321,1.34854896721639));
#3389=CARTESIAN_POINT('',(16.,-8.512714910296,1.38446912519742));
#3390=CARTESIAN_POINT('',(16.,-8.46538759102716,1.40153731091971));
#3391=CARTESIAN_POINT('',(16.,-8.37088300494354,1.43351544309667));
#3392=CARTESIAN_POINT('',(16.,-8.32369065869302,1.44859643649329));
#3393=CARTESIAN_POINT('',(16.,-8.22951460600454,1.47650692896344));
#3394=CARTESIAN_POINT('',(16.,-8.18250964231998,1.48953461601108));
#3395=CARTESIAN_POINT('',(16.,-8.0887736297494,1.51321340084015));
#3396=CARTESIAN_POINT('',(16.,-8.04201260755863,1.52410188260934));
#3397=CARTESIAN_POINT('',(16.,-7.94884046524066,1.54332608844361));
#3398=CARTESIAN_POINT('',(16.,-7.90238605929665,1.55196029638828));
#3399=CARTESIAN_POINT('',(16.,-7.80992206181317,1.56641020100883));
#3400=CARTESIAN_POINT('',(16.,-7.76384624516061,1.5726317789145));
#3401=CARTESIAN_POINT('',(16.,-7.67227284588958,1.58180790460533));
#3402=CARTESIAN_POINT('',(16.,-7.62665979660991,1.58540508967895));
#3403=CARTESIAN_POINT('',(16.,-7.53624889778691,1.58838864029833));
#3404=CARTESIAN_POINT('',(16.,-7.4913761819385,1.58821286533764));
#3405=CARTESIAN_POINT('',(16.,-7.44644833014391,1.58638233976159));
#3406=CARTESIAN_POINT('',(16.,-9.98535544777112,-0.540995916490126));
#3407=AXIS2_PLACEMENT_3D('',#3408,#3409,#3410);
#3408=CARTESIAN_POINT('',(16.,8.88178419700125E-16,-4.44089209850063E-16));
#3409=DIRECTION('',(-1.,0.,6.12323399573676E-17));
#3410=DIRECTION('',(-3.3126445872154E-18,-0.998535544777325,-0.0540995916458818));
#3411=CARTESIAN_POINT('',(16.,-7.44644833,-1.58638234));
#3412=CARTESIAN_POINT('',(16.,-7.44644833,-1.58638234));
#3413=CARTESIAN_POINT('',(16.,-7.49137618267604,-1.588212869101));
#3414=CARTESIAN_POINT('',(16.,-7.5362488993427,-1.58838864576767));
#3415=CARTESIAN_POINT('',(16.,-7.62665979786747,-1.58540509498045));
#3416=CARTESIAN_POINT('',(16.,-7.67227284577385,-1.58180790439956));
#3417=CARTESIAN_POINT('',(16.,-7.76384624595738,-1.57263177875625));
#3418=CARTESIAN_POINT('',(16.,-7.80992206509783,-1.56641020630509));
#3419=CARTESIAN_POINT('',(16.,-7.90238606177115,-1.55196030217495));
#3420=CARTESIAN_POINT('',(16.,-7.94884046429515,-1.54332608971297));
#3421=CARTESIAN_POINT('',(16.,-8.04201260557128,-1.52410188436243));
#3422=CARTESIAN_POINT('',(16.,-8.08877363038731,-1.5132134078298));
#3423=CARTESIAN_POINT('',(16.,-8.18250964414701,-1.48953462189283));
#3424=CARTESIAN_POINT('',(16.,-8.22951460648336,-1.47650692916101));
#3425=CARTESIAN_POINT('',(16.,-8.32369065693695,-1.44859643379239));
#3426=CARTESIAN_POINT('',(16.,-8.37088300176951,-1.43351544107804));
#3427=CARTESIAN_POINT('',(16.,-8.4653875869551,-1.40153730787347));
#3428=CARTESIAN_POINT('',(16.,-8.51271490665579,-1.38446912051799));
#3429=CARTESIAN_POINT('',(16.,-8.6074445270021,-1.34854896311833));
#3430=CARTESIAN_POINT('',(16.,-8.65485727483568,-1.32954578914475));
#3431=CARTESIAN_POINT('',(16.,-8.74971389944791,-1.28978275101439));
#3432=CARTESIAN_POINT('',(16.,-8.7971645954426,-1.26888677927142));
#3433=CARTESIAN_POINT('',(16.,-8.89205408204862,-1.22536111865757));
#3434=CARTESIAN_POINT('',(16.,-8.93949675081806,-1.20260716928521));
#3435=CARTESIAN_POINT('',(16.,-9.03432779229323,-1.15538532786428));
#3436=CARTESIAN_POINT('',(16.,-9.08171759211872,-1.13080270844014));
#3437=CARTESIAN_POINT('',(16.,-9.17640100738435,-1.07994082589376));
#3438=CARTESIAN_POINT('',(16.,-9.22369396176249,-1.05355466891052));
#3439=CARTESIAN_POINT('',(16.,-9.31814219094126,-0.999101100585266));
#3440=CARTESIAN_POINT('',(16.,-9.36529498760676,-0.970933337873915));
#3441=CARTESIAN_POINT('',(16.,-9.45942172727912,-0.91293052940457));
#3442=CARTESIAN_POINT('',(16.,-9.50639158595346,-0.883000678790255));
#3443=CARTESIAN_POINT('',(16.,-9.60011153229688,-0.821486574072862));
#3444=CARTESIAN_POINT('',(16.,-9.64685609307434,-0.789812273944476));
#3445=CARTESIAN_POINT('',(16.,-9.7400847505452,-0.724821406572392));
#3446=CARTESIAN_POINT('',(16.,-9.78656201270663,-0.691418926569756));
#3447=CARTESIAN_POINT('',(16.,-9.87921554786729,-0.622983266504403));
#3448=CARTESIAN_POINT('',(16.,-9.92538378593563,-0.587867796186043));
#3449=CARTESIAN_POINT('',(16.,-9.97584209629279,-0.548458665329424));
#3450=CARTESIAN_POINT('',(16.,-9.9806013338835,-0.544730690551747));
#3451=CARTESIAN_POINT('',(16.,-9.985355447769,-0.540995916521432));
#3452=CARTESIAN_POINT('',(16.,-5.11454203867121,-2.02273570947448));
#3453=CARTESIAN_POINT('',(16.,-5.11454204,-2.02273571));
#3454=CARTESIAN_POINT('',(16.,-5.12230853975324,-2.00310238392347));
#3455=CARTESIAN_POINT('',(16.,-5.13063907308657,-1.98373163392347));
#3456=CARTESIAN_POINT('',(16.,-5.14845187117144,-1.94546444821536));
#3457=CARTESIAN_POINT('',(16.,-5.15795523697285,-1.92653717132418));
#3458=CARTESIAN_POINT('',(16.,-5.17807756063441,-1.88923962727205));
#3459=CARTESIAN_POINT('',(16.,-5.18874168861525,-1.87080951026234));
#3460=CARTESIAN_POINT('',(16.,-5.21118642904127,-1.8345234964335));
#3461=CARTESIAN_POINT('',(16.,-5.22302125401808,-1.81661301423623));
#3462=CARTESIAN_POINT('',(16.,-5.24781593897485,-1.78138513899844));
#3463=CARTESIAN_POINT('',(16.,-5.26083919043563,-1.76401927415551));
#3464=CARTESIAN_POINT('',(16.,-5.28802803876039,-1.72990133916337));
#3465=CARTESIAN_POINT('',(16.,-5.30226645034775,-1.7131079311422));
#3466=CARTESIAN_POINT('',(16.,-5.3319132681896,-1.68015780296912));
#3467=CARTESIAN_POINT('',(16.,-5.34740428442936,-1.66396814101947));
#3468=CARTESIAN_POINT('',(16.,-5.37959635216897,-1.63225113807911));
#3469=CARTESIAN_POINT('',(16.,-5.39639030037373,-1.61670081725937));
#3470=CARTESIAN_POINT('',(16.,-5.43124353810897,-1.58629181182406));
#3471=CARTESIAN_POINT('',(16.,-5.44940664121639,-1.57142209379361));
#3472=CARTESIAN_POINT('',(16.,-5.48707240607919,-1.54240858656665));
#3473=CARTESIAN_POINT('',(16.,-5.50669057607963,-1.52826824974312));
#3474=CARTESIAN_POINT('',(16.,-5.54736459923733,-1.50075481148369));
#3475=CARTESIAN_POINT('',(16.,-5.56854858741924,-1.48740294097601));
#3476=CARTESIAN_POINT('',(16.,-5.61248282681017,-1.46151760397406));
#3477=CARTESIAN_POINT('',(16.,-5.63537493523285,-1.44902747106859));
#3478=CARTESIAN_POINT('',(16.,-5.68289335806434,-1.42493098722208));
#3479=CARTESIAN_POINT('',(16.,-5.70767650536044,-1.41339583843605));
#3480=CARTESIAN_POINT('',(16.,-5.75919635594043,-1.39129516996702));
#3481=CARTESIAN_POINT('',(16.,-5.78610625376378,-1.38083652649822));
#3482=CARTESIAN_POINT('',(16.,-5.84216701364484,-1.36100475509063));
#3483=CARTESIAN_POINT('',(16.,-5.87150886264015,-1.35178489933615));
#3484=CARTESIAN_POINT('',(16.,-5.93281223933209,-1.33459110629612));
#3485=CARTESIAN_POINT('',(16.,-5.96498386112751,-1.32683189054366));
#3486=CARTESIAN_POINT('',(16.,-6.03244979334378,-1.31278670575));
#3487=CARTESIAN_POINT('',(16.,-6.0679741199248,-1.30679844009375));
#3488=CARTESIAN_POINT('',(16.,-6.14282047464678,-1.29662503422672));
#3489=CARTESIAN_POINT('',(16.,-6.18239198646883,-1.29285212196047));
#3490=CARTESIAN_POINT('',(16.,-6.26625001719092,-1.28759953391695));
#3491=CARTESIAN_POINT('',(16.,-6.3108021785935,-1.28669410229919));
#3492=CARTESIAN_POINT('',(16.,-6.40588680744632,-1.28792314976174));
#3493=CARTESIAN_POINT('',(16.,-6.45669158089435,-1.29086758065657));
#3494=CARTESIAN_POINT('',(16.,-6.56605744475354,-1.30096571712245));
#3495=CARTESIAN_POINT('',(16.,-6.62487466133489,-1.30928361788086));
#3496=CARTESIAN_POINT('',(16.,-6.75280847832142,-1.33201799826981));
#3497=CARTESIAN_POINT('',(16.,-6.82211278378212,-1.34815171453898));
#3498=CARTESIAN_POINT('',(16.,-6.97474476356282,-1.38968279252399));
#3499=CARTESIAN_POINT('',(16.,-7.05807215701754,-1.4177007320005));
#3500=CARTESIAN_POINT('',(16.,-7.24433791171369,-1.48853490270036));
#3501=CARTESIAN_POINT('',(16.,-7.34657485504702,-1.53441005603369));
#3502=CARTESIAN_POINT('',(16.,-7.44644833,-1.58638234));
#3503=CARTESIAN_POINT('',(16.,-5.04681749168992,-2.18623722073206));
#3504=AXIS2_PLACEMENT_3D('',#3505,#3506,#3507);
#3505=CARTESIAN_POINT('',(16.,8.88178419700125E-16,-4.44089209850063E-16));
#3506=DIRECTION('',(-1.,0.,6.12323399573677E-17));
#3507=DIRECTION('',(-2.43397128676622E-17,-0.917603180614518,-0.39749767662984));
#3508=CARTESIAN_POINT('',(16.,-6.38717582,-4.1436924));
#3509=CARTESIAN_POINT('',(16.,-6.38717582,-4.1436924));
#3510=CARTESIAN_POINT('',(16.,-6.27980465542496,-4.10982114361122));
#3511=CARTESIAN_POINT('',(16.,-6.1750735887583,-4.06996734027789));
#3512=CARTESIAN_POINT('',(16.,-5.99327648685729,-3.98834488391773));
#3513=CARTESIAN_POINT('',(16.,-5.9145434450636,-3.9492351915909));
#3514=CARTESIAN_POINT('',(16.,-5.77724942621591,-3.87067498947047));
#3515=CARTESIAN_POINT('',(16.,-5.71683561882957,-3.83307770734186));
#3516=CARTESIAN_POINT('',(16.,-5.61029711690543,-3.75869047270654));
#3517=CARTESIAN_POINT('',(16.,-5.56282542476392,-3.72298206315385));
#3518=CARTESIAN_POINT('',(16.,-5.47835162145929,-3.65278918065518));
#3519=CARTESIAN_POINT('',(16.,-5.44034519153673,-3.61894680896454));
#3520=CARTESIAN_POINT('',(16.,-5.37224113988944,-3.55258088996946));
#3521=CARTESIAN_POINT('',(16.,-5.34137824694341,-3.52043751538586));
#3522=CARTESIAN_POINT('',(16.,-5.28579580475353,-3.45742679298234));
#3523=CARTESIAN_POINT('',(16.,-5.26048236746325,-3.42677765811747));
#3524=CARTESIAN_POINT('',(16.,-5.21475168457398,-3.36665961117823));
#3525=CARTESIAN_POINT('',(16.,-5.1938665348135,-3.3373057792693));
#3526=CARTESIAN_POINT('',(16.,-5.15609236448096,-3.27966871740439));
#3527=CARTESIAN_POINT('',(16.,-5.13883019161797,-3.25143334845486));
#3528=CARTESIAN_POINT('',(16.,-5.10764000419865,-3.1959274644525));
#3529=CARTESIAN_POINT('',(16.,-5.09341159989086,-3.16866022106253));
#3530=CARTESIAN_POINT('',(16.,-5.06779383607081,-3.11499609527588));
#3531=CARTESIAN_POINT('',(16.,-5.05616104615903,-3.08857254572804));
#3532=CARTESIAN_POINT('',(16.,-5.03535854731615,-3.03651497736556));
#3533=CARTESIAN_POINT('',(16.,-5.02599080347417,-3.01083406258335));
#3534=CARTESIAN_POINT('',(16.,-5.00942898876592,-2.96019467764222));
#3535=CARTESIAN_POINT('',(16.,-5.00207366981796,-2.93517565822403));
#3536=CARTESIAN_POINT('',(16.,-4.98931116679274,-2.8858057626986));
#3537=CARTESIAN_POINT('',(16.,-4.98377303154728,-2.86138522056266));
#3538=CARTESIAN_POINT('',(16.,-4.97446709389698,-2.81316940564836));
#3539=CARTESIAN_POINT('',(16.,-4.97059367610908,-2.78929853949237));
#3540=CARTESIAN_POINT('',(16.,-4.96447560541742,-2.74214917635365));
#3541=CARTESIAN_POINT('',(16.,-4.96214683432962,-2.71879144423939));
#3542=CARTESIAN_POINT('',(16.,-4.95900428538526,-2.6726440666384));
#3543=CARTESIAN_POINT('',(16.,-4.9581248997281,-2.64977321184571));
#3544=CARTESIAN_POINT('',(16.,-4.95778898105634,-2.60458267411235));
#3545=CARTESIAN_POINT('',(16.,-4.95828301044445,-2.58218105430702));
#3546=CARTESIAN_POINT('',(16.,-4.9606188066487,-2.53791833138352));
#3547=CARTESIAN_POINT('',(16.,-4.96242545586942,-2.51597552075555));
#3548=CARTESIAN_POINT('',(16.,-4.96732505855663,-2.47262507926737));
#3549=CARTESIAN_POINT('',(16.,-4.97039575169504,-2.45113673031323));
#3550=CARTESIAN_POINT('',(16.,-4.97777313108708,-2.4086943678553));
#3551=CARTESIAN_POINT('',(16.,-4.98206926867204,-2.38766125517772));
#3552=CARTESIAN_POINT('',(16.,-4.9918565262705,-2.34613233870678));
#3553=CARTESIAN_POINT('',(16.,-4.99734790852311,-2.32555960284044));
#3554=CARTESIAN_POINT('',(16.,-5.00949262239667,-2.28495762775823));
#3555=CARTESIAN_POINT('',(16.,-5.01615633574265,-2.26485412878287));
#3556=CARTESIAN_POINT('',(16.,-5.03061976998066,-2.22519959118544));
#3557=CARTESIAN_POINT('',(16.,-5.03842637998066,-2.20561182451878));
#3558=CARTESIAN_POINT('',(16.,-5.04681749,-2.18623722));
#3559=CARTESIAN_POINT('',(16.,-7.44325443551556,-6.6781706615357));
#3560=CARTESIAN_POINT('',(16.,-7.44325443534928,-6.67817065995544));
#3561=CARTESIAN_POINT('',(16.,-7.44253365366317,-6.6721681135577));
#3562=CARTESIAN_POINT('',(16.,-7.44180444114199,-6.6661667519547));
#3563=CARTESIAN_POINT('',(16.,-7.43399149064019,-6.60262087754707));
#3564=CARTESIAN_POINT('',(16.,-7.42617599552162,-6.54514461596926));
#3565=CARTESIAN_POINT('',(16.,-7.40905137130786,-6.4312373511758));
#3566=CARTESIAN_POINT('',(16.,-7.39980611317586,-6.37475384114897));
#3567=CARTESIAN_POINT('',(16.,-7.37983897876763,-6.26287574306413));
#3568=CARTESIAN_POINT('',(16.,-7.36918268482531,-6.20742523838863));
#3569=CARTESIAN_POINT('',(16.,-7.34640971307429,-6.09765818701153));
#3570=CARTESIAN_POINT('',(16.,-7.33436061239017,-6.04328187681236));
#3571=CARTESIAN_POINT('',(16.,-7.30881713791699,-5.93571004217961));
#3572=CARTESIAN_POINT('',(16.,-7.29539269210668,-5.88245036812811));
#3573=CARTESIAN_POINT('',(16.,-7.26711219843439,-5.77716089831974));
#3574=CARTESIAN_POINT('',(16.,-7.25232886097444,-5.72506189601149));
#3575=CARTESIAN_POINT('',(16.,-7.22134236042432,-5.62214582655471));
#3576=CARTESIAN_POINT('',(16.,-7.2052152530823,-5.57125364049421));
#3577=CARTESIAN_POINT('',(16.,-7.17155046313534,-5.47080708371577));
#3578=CARTESIAN_POINT('',(16.,-7.15409289391364,-5.4211705800802));
#3579=CARTESIAN_POINT('',(16.,-7.11777318306084,-5.32329629323427));
#3580=CARTESIAN_POINT('',(16.,-7.09899616242638,-5.27496790306412));
#3581=CARTESIAN_POINT('',(16.,-7.060039117106,-5.17977742772519));
#3582=CARTESIAN_POINT('',(16.,-7.03995051592711,-5.13281427696547));
#3583=CARTESIAN_POINT('',(16.,-6.99836594614863,-5.04043093260763));
#3584=CARTESIAN_POINT('',(16.,-6.97696950762504,-4.99489643435048));
#3585=CARTESIAN_POINT('',(16.,-6.93275662806409,-4.90545964656551));
#3586=CARTESIAN_POINT('',(16.,-6.91005047270803,-4.86142574581388));
#3587=CARTESIAN_POINT('',(16.,-6.86319364571852,-4.77509752184058));
#3588=CARTESIAN_POINT('',(16.,-6.8391680830023,-4.73264802741523));
#3589=CARTESIAN_POINT('',(16.,-6.78963014219515,-4.6496232279623));
#3590=CARTESIAN_POINT('',(16.,-6.76426442560466,-4.60885887278017));
#3591=CARTESIAN_POINT('',(16.,-6.71197533826228,-4.52938265282111));
#3592=CARTESIAN_POINT('',(16.,-6.68523241979113,-4.49042912037426));
#3593=CARTESIAN_POINT('',(16.,-6.63006812569964,-4.41482957519339));
#3594=CARTESIAN_POINT('',(16.,-6.60188692322269,-4.37784973286288));
#3595=CARTESIAN_POINT('',(16.,-6.54362325232285,-4.30660906056102));
#3596=CARTESIAN_POINT('',(16.,-6.51391354982533,-4.27181217014603));
#3597=CARTESIAN_POINT('',(16.,-6.4520930790494,-4.20577232162013));
#3598=CARTESIAN_POINT('',(16.,-6.42023898571606,-4.17416681162013));
#3599=CARTESIAN_POINT('',(16.,-6.38717582,-4.1436924));
#3600=CARTESIAN_POINT('',(16.,-6.6781706685326,-7.44325443082139));
#3601=AXIS2_PLACEMENT_3D('',#3602,#3603,#3604);
#3602=CARTESIAN_POINT('',(16.,8.88178419700125E-16,-4.44089209850063E-16));
#3603=DIRECTION('',(-1.,0.,6.12323399573676E-17));
#3604=DIRECTION('',(-4.55767885695975E-17,-0.667817066855624,-0.744325443080076));
#3605=CARTESIAN_POINT('',(16.,-4.14369239972966,-6.38717582006683));
#3606=CARTESIAN_POINT('',(16.,-4.14369239972966,-6.38717582006683));
#3607=CARTESIAN_POINT('',(16.,-4.17416680948056,-6.42023898889868));
#3608=CARTESIAN_POINT('',(16.,-4.20577231885285,-6.45209308401692));
#3609=CARTESIAN_POINT('',(16.,-4.27181216728653,-6.5139135544633));
#3610=CARTESIAN_POINT('',(16.,-4.30660906062469,-6.54362325209551));
#3611=CARTESIAN_POINT('',(16.,-4.37784973353818,-6.60188692367419));
#3612=CARTESIAN_POINT('',(16.,-4.41482957377097,-6.63006813176727));
#3613=CARTESIAN_POINT('',(16.,-4.49042911803221,-6.68523242563266));
#3614=CARTESIAN_POINT('',(16.,-4.52938265125497,-6.71197533849128));
#3615=CARTESIAN_POINT('',(16.,-4.60885887013528,-6.76426442543902));
#3616=CARTESIAN_POINT('',(16.,-4.64962322347094,-6.78963014758865));
#3617=CARTESIAN_POINT('',(16.,-4.73264802454811,-6.83916808845323));
#3618=CARTESIAN_POINT('',(16.,-4.77509752203945,-6.8631936461968));
#3619=CARTESIAN_POINT('',(16.,-4.86142574648198,-6.91005046955648));
#3620=CARTESIAN_POINT('',(16.,-4.90545964574852,-6.93275662439233));
#3621=CARTESIAN_POINT('',(16.,-4.99489643362511,-6.97696950259165));
#3622=CARTESIAN_POINT('',(16.,-5.04043093334247,-6.99836594026577));
#3623=CARTESIAN_POINT('',(16.,-5.13281427714716,-7.03995051031328));
#3624=CARTESIAN_POINT('',(16.,-5.17977742583576,-7.06003911264031));
#3625=CARTESIAN_POINT('',(16.,-5.27496790224209,-7.09899616124153));
#3626=CARTESIAN_POINT('',(16.,-5.3232962944709,-7.11777318683245));
#3627=CARTESIAN_POINT('',(16.,-5.421170583689,-7.1540928964992));
#3628=CARTESIAN_POINT('',(16.,-5.47080708839343,-7.17155045740369));
#3629=CARTESIAN_POINT('',(16.,-5.57125364517636,-7.20521524560891));
#3630=CARTESIAN_POINT('',(16.,-5.62214583088618,-7.22134235753045));
#3631=CARTESIAN_POINT('',(16.,-5.72506189793886,-7.25232886047822));
#3632=CARTESIAN_POINT('',(16.,-5.7771608972143,-7.26711219868904));
#3633=CARTESIAN_POINT('',(16.,-5.88245036796025,-7.29539269458982));
#3634=CARTESIAN_POINT('',(16.,-5.93571004625839,-7.30881714083986));
#3635=CARTESIAN_POINT('',(16.,-6.04328188136823,-7.33436061755663));
#3636=CARTESIAN_POINT('',(16.,-6.09765818727751,-7.34640972280734));
#3637=CARTESIAN_POINT('',(16.,-6.20742523745367,-7.36918269181492));
#3638=CARTESIAN_POINT('',(16.,-6.26287574577312,-7.37983897531414));
#3639=CARTESIAN_POINT('',(16.,-6.37475384470568,-7.3998061081787));
#3640=CARTESIAN_POINT('',(16.,-6.43123735206933,-7.40905137530572));
#3641=CARTESIAN_POINT('',(16.,-6.54514461438952,-7.42617599901154));
#3642=CARTESIAN_POINT('',(16.,-6.60262087578975,-7.43399148603843));
#3643=CARTESIAN_POINT('',(16.,-6.6661667528799,-7.44180443578982));
#3644=CARTESIAN_POINT('',(16.,-6.67216811829895,-7.4425336487181));
#3645=CARTESIAN_POINT('',(16.,-6.67817066850895,-7.44325443084203));
#3646=CARTESIAN_POINT('',(16.,-2.18623722149049,-5.04681749492567));
#3647=CARTESIAN_POINT('',(16.,-2.18623722205849,-5.04681749623687));
#3648=CARTESIAN_POINT('',(16.,-2.20561182470605,-5.0384263828725));
#3649=CARTESIAN_POINT('',(16.,-2.22519958999862,-5.03061977080173));
#3650=CARTESIAN_POINT('',(16.,-2.26485412682747,-5.01615633460832));
#3651=CARTESIAN_POINT('',(16.,-2.2849576270689,-5.00949262317145));
#3652=CARTESIAN_POINT('',(16.,-2.32555960490407,-4.99734790836489));
#3653=CARTESIAN_POINT('',(16.,-2.3461323428304,-4.99185652485997));
#3654=CARTESIAN_POINT('',(16.,-2.38766125742821,-4.98206926657657));
#3655=CARTESIAN_POINT('',(16.,-2.40869436583948,-4.97777312815582));
#3656=CARTESIAN_POINT('',(16.,-2.45113672517723,-4.97039574855871));
#3657=CARTESIAN_POINT('',(16.,-2.47262507538985,-4.96732505718811));
#3658=CARTESIAN_POINT('',(16.,-2.51597551760596,-4.96242545301818));
#3659=CARTESIAN_POINT('',(16.,-2.53791832768371,-4.96061879771393));
#3660=CARTESIAN_POINT('',(16.,-2.58218105269243,-4.95828300457835));
#3661=CARTESIAN_POINT('',(16.,-2.60458267507275,-4.95778898745924));
#3662=CARTESIAN_POINT('',(16.,-2.64977321232989,-4.95812490900029));
#3663=CARTESIAN_POINT('',(16.,-2.67264406428964,-4.95900428635751));
#3664=CARTESIAN_POINT('',(16.,-2.71879143899098,-4.96214683315396));
#3665=CARTESIAN_POINT('',(16.,-2.74214917081929,-4.96447560807494));
#3666=CARTESIAN_POINT('',(16.,-2.78929853627855,-4.97059367812182));
#3667=CARTESIAN_POINT('',(16.,-2.81316940537651,-4.97446709110742));
#3668=CARTESIAN_POINT('',(16.,-2.86138522173645,-4.98377302993337));
#3669=CARTESIAN_POINT('',(16.,-2.88580576160997,-4.98931117345187));
#3670=CARTESIAN_POINT('',(16.,-2.93517565753694,-5.00207367472409));
#3671=CARTESIAN_POINT('',(16.,-2.96019468031366,-5.00942898215004));
#3672=CARTESIAN_POINT('',(16.,-3.01083406645972,-5.02599079403486));
#3673=CARTESIAN_POINT('',(16.,-3.03651497990053,-5.03535854361848));
#3674=CARTESIAN_POINT('',(16.,-3.08857254815456,-5.0561610467861));
#3675=CARTESIAN_POINT('',(16.,-3.11499609710529,-5.06779384029923));
#3676=CARTESIAN_POINT('',(16.,-3.16866022062091,-5.09341160372435));
#3677=CARTESIAN_POINT('',(16.,-3.19592746354361,-5.10764000159593));
#3678=CARTESIAN_POINT('',(16.,-3.25143334456503,-5.13883018731151));
#3679=CARTESIAN_POINT('',(16.,-3.27966871057359,-5.15609236516957));
#3680=CARTESIAN_POINT('',(16.,-3.3373057741534,-5.19386653792815));
#3681=CARTESIAN_POINT('',(16.,-3.36665960962901,-5.21475168689759));
#3682=CARTESIAN_POINT('',(16.,-3.42677765887635,-5.26048236759226));
#3683=CARTESIAN_POINT('',(16.,-3.45742679507582,-5.28579580009515));
#3684=CARTESIAN_POINT('',(16.,-3.52043751788071,-5.34137824165134));
#3685=CARTESIAN_POINT('',(16.,-3.55258089016181,-5.37224114025879));
#3686=CARTESIAN_POINT('',(16.,-3.61894680821507,-5.44034519390239));
#3687=CARTESIAN_POINT('',(16.,-3.65278918098435,-5.47835162077661));
#3688=CARTESIAN_POINT('',(16.,-3.72298206417714,-5.56282542551415));
#3689=CARTESIAN_POINT('',(16.,-3.75869047284082,-5.61029712224085));
#3690=CARTESIAN_POINT('',(16.,-3.83307770783598,-5.7168356263142));
#3691=CARTESIAN_POINT('',(16.,-3.87067499201299,-5.77724943085055));
#3692=CARTESIAN_POINT('',(16.,-3.94923519306867,-5.9145434456526));
#3693=CARTESIAN_POINT('',(16.,-3.98834488304038,-5.99327648562175));
#3694=CARTESIAN_POINT('',(16.,-4.06996733884726,-6.17507358631183));
#3695=CARTESIAN_POINT('',(16.,-4.10982114275607,-6.27980465424058));
#3696=CARTESIAN_POINT('',(16.,-4.14369239972966,-6.38717582006683));
#3697=CARTESIAN_POINT('',(16.,-2.02273570772276,-5.1145420358469));
#3698=AXIS2_PLACEMENT_3D('',#3699,#3700,#3701);
#3699=CARTESIAN_POINT('',(16.,8.88178419700125E-16,-4.44089209850063E-16));
#3700=DIRECTION('',(-1.,-3.08148791101958E-33,6.12323399573677E-17));
#3701=DIRECTION('',(-5.6940977594562E-17,-0.367770128800012,-0.929916734101727));
#3702=CARTESIAN_POINT('',(16.,-1.58638233976159,-7.44644833014391));
#3703=CARTESIAN_POINT('',(16.,-1.58638233976159,-7.44644833014391));
#3704=CARTESIAN_POINT('',(16.,-1.53441005626649,-7.34657485648919));
#3705=CARTESIAN_POINT('',(16.,-1.48853490341867,-7.24433791445522));
#3706=CARTESIAN_POINT('',(16.,-1.41770073225377,-7.05807215851158));
#3707=CARTESIAN_POINT('',(16.,-1.38968279315243,-6.97474476210139));
#3708=CARTESIAN_POINT('',(16.,-1.34815171305963,-6.8221127787071));
#3709=CARTESIAN_POINT('',(16.,-1.33201799332677,-6.7528084726796));
#3710=CARTESIAN_POINT('',(16.,-1.3092836142031,-6.62487465746723));
#3711=CARTESIAN_POINT('',(16.,-1.30096571731554,-6.56605744349948));
#3712=CARTESIAN_POINT('',(16.,-1.29086758137205,-6.45669158114432));
#3713=CARTESIAN_POINT('',(16.,-1.287923147559,-6.40588680630349));
#3714=CARTESIAN_POINT('',(16.,-1.28669410217403,-6.31080217819632));
#3715=CARTESIAN_POINT('',(16.,-1.28759953942313,-6.26625001916886));
#3716=CARTESIAN_POINT('',(16.,-1.29285212673476,-6.1823919882825));
#3717=CARTESIAN_POINT('',(16.,-1.29662503467211,-6.14282047401895));
#3718=CARTESIAN_POINT('',(16.,-1.30679843735524,-6.06797411937723));
#3719=CARTESIAN_POINT('',(16.,-1.31278669993013,-6.03244979475888));
#3720=CARTESIAN_POINT('',(16.,-1.32683188522664,-5.9649838654707));
#3721=CARTESIAN_POINT('',(16.,-1.33459110659072,-5.93281224512775));
#3722=CARTESIAN_POINT('',(16.,-1.35178490053386,-5.87150886512324));
#3723=CARTESIAN_POINT('',(16.,-1.36100475206768,-5.84216701124643));
#3724=CARTESIAN_POINT('',(16.,-1.38083652480187,-5.78610624948025));
#3725=CARTESIAN_POINT('',(16.,-1.39129517123943,-5.75919635378122));
#3726=CARTESIAN_POINT('',(16.,-1.41339584284319,-5.70767650618259));
#3727=CARTESIAN_POINT('',(16.,-1.42493099663768,-5.68289336199794));
#3728=CARTESIAN_POINT('',(16.,-1.44902747763572,-5.63537493802199));
#3729=CARTESIAN_POINT('',(16.,-1.46151760001906,-5.61248282382686));
#3730=CARTESIAN_POINT('',(16.,-1.48740293549751,-5.56854858348031));
#3731=CARTESIAN_POINT('',(16.,-1.5007548134549,-5.54736459954855));
#3732=CARTESIAN_POINT('',(16.,-1.5282682515234,-5.50669057824438));
#3733=CARTESIAN_POINT('',(16.,-1.54240858287091,-5.48707240692848));
#3734=CARTESIAN_POINT('',(16.,-1.57142208800107,-5.44940664325062));
#3735=CARTESIAN_POINT('',(16.,-1.58629180894419,-5.43124354265147));
#3736=CARTESIAN_POINT('',(16.,-1.61670081491106,-5.39639030134708));
#3737=CARTESIAN_POINT('',(16.,-1.63225113186505,-5.37959634527017));
#3738=CARTESIAN_POINT('',(16.,-1.66396813717105,-5.34740427922272));
#3739=CARTESIAN_POINT('',(16.,-1.6801578059754,-5.33191327347924));
#3740=CARTESIAN_POINT('',(16.,-1.71310793484388,-5.30226645928175));
#3741=CARTESIAN_POINT('',(16.,-1.72990133895241,-5.28802804300362));
#3742=CARTESIAN_POINT('',(16.,-1.76401927238137,-5.26083919414514));
#3743=CARTESIAN_POINT('',(16.,-1.78138513758447,-5.24781594482428));
#3744=CARTESIAN_POINT('',(16.,-1.81661301488354,-5.22302125751619));
#3745=CARTESIAN_POINT('',(16.,-1.83452349950656,-5.21118642893165));
#3746=CARTESIAN_POINT('',(16.,-1.87080951417557,-5.18874168669681));
#3747=CARTESIAN_POINT('',(16.,-1.88923962884314,-5.17807755928707));
#3748=CARTESIAN_POINT('',(16.,-1.92653717028889,-5.15795523691244));
#3749=CARTESIAN_POINT('',(16.,-1.94546444763478,-5.14845187335621));
#3750=CARTESIAN_POINT('',(16.,-1.98373163250367,-5.13063907334519));
#3751=CARTESIAN_POINT('',(16.,-2.00310238201105,-5.12230853757597));
#3752=CARTESIAN_POINT('',(16.,-2.02273570704544,-5.1145420341343));
#3753=CARTESIAN_POINT('',(16.,-0.54099592475696,-9.98535544614285));
#3754=CARTESIAN_POINT('',(16.,-0.540995925756789,-9.98535544490786));
#3755=CARTESIAN_POINT('',(16.,-0.544730697401011,-9.98060133402763));
#3756=CARTESIAN_POINT('',(16.,-0.548458669768192,-9.97584209942314));
#3757=CARTESIAN_POINT('',(16.,-0.587867798197359,-9.92538379043218));
#3758=CARTESIAN_POINT('',(16.,-0.622983262919614,-9.87921554651659));
#3759=CARTESIAN_POINT('',(16.,-0.691418924374665,-9.78656200924789));
#3760=CARTESIAN_POINT('',(16.,-0.724821412620892,-9.74008475156375));
#3761=CARTESIAN_POINT('',(16.,-0.789812278302015,-9.64685609360078));
#3762=CARTESIAN_POINT('',(16.,-0.821486568469342,-9.60011152801558));
#3763=CARTESIAN_POINT('',(16.,-0.883000672096023,-9.50639157888307));
#3764=CARTESIAN_POINT('',(16.,-0.912930528972825,-9.45942172040439));
#3765=CARTESIAN_POINT('',(16.,-0.97093333869127,-9.36529498265585));
#3766=CARTESIAN_POINT('',(16.,-0.999101098710725,-9.3181421893041));
#3767=CARTESIAN_POINT('',(16.,-1.05355466794879,-9.2236939623641));
#3768=CARTESIAN_POINT('',(16.,-1.0799408276075,-9.17640100637237));
#3769=CARTESIAN_POINT('',(16.,-1.13080271354922,-9.08171759110219));
#3770=CARTESIAN_POINT('',(16.,-1.15538533645954,-9.03432779426693));
#3771=CARTESIAN_POINT('',(16.,-1.2026071766457,-8.93949675156335));
#3772=CARTESIAN_POINT('',(16.,-1.22536111938111,-8.89205407766855));
#3773=CARTESIAN_POINT('',(16.,-1.26888677747891,-8.79716459190125));
#3774=CARTESIAN_POINT('',(16.,-1.28978275127095,-8.74971390086699));
#3775=CARTESIAN_POINT('',(16.,-1.32954579096644,-8.65485727932943));
#3776=CARTESIAN_POINT('',(16.,-1.34854896721639,-8.60744453084321));
#3777=CARTESIAN_POINT('',(16.,-1.38446912519742,-8.512714910296));
#3778=CARTESIAN_POINT('',(16.,-1.40153731091971,-8.46538759102716));
#3779=CARTESIAN_POINT('',(16.,-1.43351544309667,-8.37088300494354));
#3780=CARTESIAN_POINT('',(16.,-1.44859643649329,-8.32369065869302));
#3781=CARTESIAN_POINT('',(16.,-1.47650692896344,-8.22951460600454));
#3782=CARTESIAN_POINT('',(16.,-1.48953461601108,-8.18250964231998));
#3783=CARTESIAN_POINT('',(16.,-1.51321340084015,-8.0887736297494));
#3784=CARTESIAN_POINT('',(16.,-1.52410188260934,-8.04201260755863));
#3785=CARTESIAN_POINT('',(16.,-1.54332608844361,-7.94884046524066));
#3786=CARTESIAN_POINT('',(16.,-1.55196029638827,-7.90238605929665));
#3787=CARTESIAN_POINT('',(16.,-1.56641020100883,-7.80992206181318));
#3788=CARTESIAN_POINT('',(16.,-1.5726317789145,-7.76384624516061));
#3789=CARTESIAN_POINT('',(16.,-1.58180790460533,-7.67227284588958));
#3790=CARTESIAN_POINT('',(16.,-1.58540508967895,-7.62665979660991));
#3791=CARTESIAN_POINT('',(16.,-1.58838864029833,-7.53624889778691));
#3792=CARTESIAN_POINT('',(16.,-1.58821286533764,-7.4913761819385));
#3793=CARTESIAN_POINT('',(16.,-1.58638233976159,-7.44644833014391));
#3794=CARTESIAN_POINT('',(16.,0.540995916490127,-9.98535544777112));
#3795=AXIS2_PLACEMENT_3D('',#3796,#3797,#3798);
#3796=CARTESIAN_POINT('',(16.,8.88178419700125E-16,-4.44089209850063E-16));
#3797=DIRECTION('',(-1.,0.,6.12323399573676E-17));
#3798=DIRECTION('',(-6.11426679373205E-17,0.0540995916458822,-0.998535544777325));
#3799=CARTESIAN_POINT('',(16.,1.58638234,-7.44644833));
#3800=CARTESIAN_POINT('',(16.,1.58638234,-7.44644833));
#3801=CARTESIAN_POINT('',(16.,1.588212869101,-7.49137618267604));
#3802=CARTESIAN_POINT('',(16.,1.58838864576767,-7.5362488993427));
#3803=CARTESIAN_POINT('',(16.,1.58540509498045,-7.62665979786748));
#3804=CARTESIAN_POINT('',(16.,1.58180790439956,-7.67227284577386));
#3805=CARTESIAN_POINT('',(16.,1.57263177875625,-7.76384624595738));
#3806=CARTESIAN_POINT('',(16.,1.56641020630509,-7.80992206509783));
#3807=CARTESIAN_POINT('',(16.,1.55196030217495,-7.90238606177115));
#3808=CARTESIAN_POINT('',(16.,1.54332608971297,-7.94884046429515));
#3809=CARTESIAN_POINT('',(16.,1.52410188436243,-8.04201260557129));
#3810=CARTESIAN_POINT('',(16.,1.5132134078298,-8.08877363038731));
#3811=CARTESIAN_POINT('',(16.,1.48953462189283,-8.18250964414701));
#3812=CARTESIAN_POINT('',(16.,1.47650692916101,-8.22951460648336));
#3813=CARTESIAN_POINT('',(16.,1.44859643379239,-8.32369065693695));
#3814=CARTESIAN_POINT('',(16.,1.43351544107804,-8.37088300176951));
#3815=CARTESIAN_POINT('',(16.,1.40153730787347,-8.4653875869551));
#3816=CARTESIAN_POINT('',(16.,1.38446912051799,-8.51271490665579));
#3817=CARTESIAN_POINT('',(16.,1.34854896311833,-8.60744452700211));
#3818=CARTESIAN_POINT('',(16.,1.32954578914475,-8.65485727483568));
#3819=CARTESIAN_POINT('',(16.,1.28978275101439,-8.74971389944791));
#3820=CARTESIAN_POINT('',(16.,1.26888677927141,-8.7971645954426));
#3821=CARTESIAN_POINT('',(16.,1.22536111865757,-8.89205408204863));
#3822=CARTESIAN_POINT('',(16.,1.2026071692852,-8.93949675081806));
#3823=CARTESIAN_POINT('',(16.,1.15538532786428,-9.03432779229323));
#3824=CARTESIAN_POINT('',(16.,1.13080270844014,-9.08171759211872));
#3825=CARTESIAN_POINT('',(16.,1.07994082589376,-9.17640100738435));
#3826=CARTESIAN_POINT('',(16.,1.05355466891052,-9.22369396176249));
#3827=CARTESIAN_POINT('',(16.,0.999101100585267,-9.31814219094126));
#3828=CARTESIAN_POINT('',(16.,0.970933337873915,-9.36529498760676));
#3829=CARTESIAN_POINT('',(16.,0.912930529404569,-9.45942172727912));
#3830=CARTESIAN_POINT('',(16.,0.883000678790256,-9.50639158595346));
#3831=CARTESIAN_POINT('',(16.,0.821486574072861,-9.60011153229688));
#3832=CARTESIAN_POINT('',(16.,0.789812273944477,-9.64685609307434));
#3833=CARTESIAN_POINT('',(16.,0.724821406572392,-9.7400847505452));
#3834=CARTESIAN_POINT('',(16.,0.691418926569756,-9.78656201270663));
#3835=CARTESIAN_POINT('',(16.,0.622983266504403,-9.87921554786729));
#3836=CARTESIAN_POINT('',(16.,0.587867796186045,-9.92538378593563));
#3837=CARTESIAN_POINT('',(16.,0.548458665329425,-9.97584209629279));
#3838=CARTESIAN_POINT('',(16.,0.544730690551748,-9.9806013338835));
#3839=CARTESIAN_POINT('',(16.,0.540995916521433,-9.985355447769));
#3840=CARTESIAN_POINT('',(16.,2.02273570947448,-5.11454203867121));
#3841=CARTESIAN_POINT('',(16.,2.02273571,-5.11454204));
#3842=CARTESIAN_POINT('',(16.,2.00310238392347,-5.12230853975324));
#3843=CARTESIAN_POINT('',(16.,1.98373163392347,-5.13063907308657));
#3844=CARTESIAN_POINT('',(16.,1.94546444821536,-5.14845187117144));
#3845=CARTESIAN_POINT('',(16.,1.92653717132418,-5.15795523697285));
#3846=CARTESIAN_POINT('',(16.,1.88923962727205,-5.1780775606344));
#3847=CARTESIAN_POINT('',(16.,1.87080951026234,-5.18874168861525));
#3848=CARTESIAN_POINT('',(16.,1.8345234964335,-5.21118642904126));
#3849=CARTESIAN_POINT('',(16.,1.81661301423623,-5.22302125401808));
#3850=CARTESIAN_POINT('',(16.,1.78138513899844,-5.24781593897485));
#3851=CARTESIAN_POINT('',(16.,1.76401927415551,-5.26083919043563));
#3852=CARTESIAN_POINT('',(16.,1.72990133916337,-5.28802803876039));
#3853=CARTESIAN_POINT('',(16.,1.7131079311422,-5.30226645034775));
#3854=CARTESIAN_POINT('',(16.,1.68015780296912,-5.3319132681896));
#3855=CARTESIAN_POINT('',(16.,1.66396814101947,-5.34740428442936));
#3856=CARTESIAN_POINT('',(16.,1.63225113807911,-5.37959635216897));
#3857=CARTESIAN_POINT('',(16.,1.61670081725937,-5.39639030037373));
#3858=CARTESIAN_POINT('',(16.,1.58629181182406,-5.43124353810897));
#3859=CARTESIAN_POINT('',(16.,1.57142209379361,-5.44940664121639));
#3860=CARTESIAN_POINT('',(16.,1.54240858656665,-5.48707240607919));
#3861=CARTESIAN_POINT('',(16.,1.52826824974312,-5.50669057607963));
#3862=CARTESIAN_POINT('',(16.,1.50075481148369,-5.54736459923733));
#3863=CARTESIAN_POINT('',(16.,1.48740294097601,-5.56854858741924));
#3864=CARTESIAN_POINT('',(16.,1.46151760397406,-5.61248282681018));
#3865=CARTESIAN_POINT('',(16.,1.44902747106859,-5.63537493523285));
#3866=CARTESIAN_POINT('',(16.,1.42493098722207,-5.68289335806434));
#3867=CARTESIAN_POINT('',(16.,1.41339583843605,-5.70767650536044));
#3868=CARTESIAN_POINT('',(16.,1.39129516996702,-5.75919635594043));
#3869=CARTESIAN_POINT('',(16.,1.38083652649822,-5.78610625376378));
#3870=CARTESIAN_POINT('',(16.,1.36100475509063,-5.84216701364484));
#3871=CARTESIAN_POINT('',(16.,1.35178489933615,-5.87150886264016));
#3872=CARTESIAN_POINT('',(16.,1.33459110629612,-5.93281223933209));
#3873=CARTESIAN_POINT('',(16.,1.32683189054366,-5.96498386112751));
#3874=CARTESIAN_POINT('',(16.,1.31278670575,-6.03244979334378));
#3875=CARTESIAN_POINT('',(16.,1.30679844009375,-6.0679741199248));
#3876=CARTESIAN_POINT('',(16.,1.29662503422672,-6.14282047464678));
#3877=CARTESIAN_POINT('',(16.,1.29285212196047,-6.18239198646883));
#3878=CARTESIAN_POINT('',(16.,1.28759953391695,-6.26625001719093));
#3879=CARTESIAN_POINT('',(16.,1.28669410229919,-6.31080217859349));
#3880=CARTESIAN_POINT('',(16.,1.28792314976173,-6.40588680744631));
#3881=CARTESIAN_POINT('',(16.,1.29086758065657,-6.45669158089435));
#3882=CARTESIAN_POINT('',(16.,1.30096571712245,-6.56605744475354));
#3883=CARTESIAN_POINT('',(16.,1.30928361788086,-6.62487466133489));
#3884=CARTESIAN_POINT('',(16.,1.33201799826981,-6.75280847832142));
#3885=CARTESIAN_POINT('',(16.,1.34815171453898,-6.82211278378212));
#3886=CARTESIAN_POINT('',(16.,1.38968279252399,-6.97474476356282));
#3887=CARTESIAN_POINT('',(16.,1.4177007320005,-7.05807215701754));
#3888=CARTESIAN_POINT('',(16.,1.48853490270036,-7.24433791171369));
#3889=CARTESIAN_POINT('',(16.,1.53441005603369,-7.34657485504703));
#3890=CARTESIAN_POINT('',(16.,1.58638234,-7.44644833));
#3891=CARTESIAN_POINT('',(16.,2.18623722073206,-5.04681749168992));
#3892=AXIS2_PLACEMENT_3D('',#3893,#3894,#3895);
#3893=CARTESIAN_POINT('',(16.,8.88178419700125E-16,-4.44089209850063E-16));
#3894=DIRECTION('',(-1.,0.,6.12323399573677E-17));
#3895=DIRECTION('',(-5.618698990135E-17,0.39749767662984,-0.917603180614518));
#3896=CARTESIAN_POINT('',(16.,4.1436924,-6.38717582));
#3897=CARTESIAN_POINT('',(16.,4.1436924,-6.38717582));
#3898=CARTESIAN_POINT('',(16.,4.10982114361122,-6.27980465542496));
#3899=CARTESIAN_POINT('',(16.,4.06996734027789,-6.1750735887583));
#3900=CARTESIAN_POINT('',(16.,3.98834488391773,-5.99327648685728));
#3901=CARTESIAN_POINT('',(16.,3.9492351915909,-5.9145434450636));
#3902=CARTESIAN_POINT('',(16.,3.87067498947047,-5.77724942621592));
#3903=CARTESIAN_POINT('',(16.,3.83307770734186,-5.71683561882958));
#3904=CARTESIAN_POINT('',(16.,3.75869047270654,-5.61029711690543));
#3905=CARTESIAN_POINT('',(16.,3.72298206315385,-5.56282542476393));
#3906=CARTESIAN_POINT('',(16.,3.65278918065518,-5.47835162145929));
#3907=CARTESIAN_POINT('',(16.,3.61894680896454,-5.44034519153673));
#3908=CARTESIAN_POINT('',(16.,3.55258088996946,-5.37224113988944));
#3909=CARTESIAN_POINT('',(16.,3.52043751538586,-5.34137824694341));
#3910=CARTESIAN_POINT('',(16.,3.45742679298234,-5.28579580475354));
#3911=CARTESIAN_POINT('',(16.,3.42677765811747,-5.26048236746325));
#3912=CARTESIAN_POINT('',(16.,3.36665961117823,-5.21475168457398));
#3913=CARTESIAN_POINT('',(16.,3.3373057792693,-5.1938665348135));
#3914=CARTESIAN_POINT('',(16.,3.27966871740439,-5.15609236448096));
#3915=CARTESIAN_POINT('',(16.,3.25143334845486,-5.13883019161798));
#3916=CARTESIAN_POINT('',(16.,3.1959274644525,-5.10764000419865));
#3917=CARTESIAN_POINT('',(16.,3.16866022106253,-5.09341159989086));
#3918=CARTESIAN_POINT('',(16.,3.11499609527587,-5.06779383607081));
#3919=CARTESIAN_POINT('',(16.,3.08857254572804,-5.05616104615904));
#3920=CARTESIAN_POINT('',(16.,3.03651497736556,-5.03535854731615));
#3921=CARTESIAN_POINT('',(16.,3.01083406258335,-5.02599080347417));
#3922=CARTESIAN_POINT('',(16.,2.96019467764222,-5.00942898876593));
#3923=CARTESIAN_POINT('',(16.,2.93517565822403,-5.00207366981796));
#3924=CARTESIAN_POINT('',(16.,2.8858057626986,-4.98931116679274));
#3925=CARTESIAN_POINT('',(16.,2.86138522056266,-4.98377303154729));
#3926=CARTESIAN_POINT('',(16.,2.81316940564836,-4.97446709389698));
#3927=CARTESIAN_POINT('',(16.,2.78929853949237,-4.97059367610908));
#3928=CARTESIAN_POINT('',(16.,2.74214917635365,-4.96447560541742));
#3929=CARTESIAN_POINT('',(16.,2.71879144423939,-4.96214683432962));
#3930=CARTESIAN_POINT('',(16.,2.6726440666384,-4.95900428538526));
#3931=CARTESIAN_POINT('',(16.,2.64977321184571,-4.9581248997281));
#3932=CARTESIAN_POINT('',(16.,2.60458267411235,-4.95778898105634));
#3933=CARTESIAN_POINT('',(16.,2.58218105430702,-4.95828301044445));
#3934=CARTESIAN_POINT('',(16.,2.53791833138352,-4.9606188066487));
#3935=CARTESIAN_POINT('',(16.,2.51597552075555,-4.96242545586942));
#3936=CARTESIAN_POINT('',(16.,2.47262507926737,-4.96732505855663));
#3937=CARTESIAN_POINT('',(16.,2.45113673031323,-4.97039575169505));
#3938=CARTESIAN_POINT('',(16.,2.4086943678553,-4.97777313108708));
#3939=CARTESIAN_POINT('',(16.,2.38766125517772,-4.98206926867204));
#3940=CARTESIAN_POINT('',(16.,2.34613233870678,-4.9918565262705));
#3941=CARTESIAN_POINT('',(16.,2.32555960284044,-4.99734790852311));
#3942=CARTESIAN_POINT('',(16.,2.28495762775823,-5.00949262239667));
#3943=CARTESIAN_POINT('',(16.,2.26485412878287,-5.01615633574265));
#3944=CARTESIAN_POINT('',(16.,2.22519959118544,-5.03061976998066));
#3945=CARTESIAN_POINT('',(16.,2.20561182451878,-5.03842637998066));
#3946=CARTESIAN_POINT('',(16.,2.18623722,-5.04681749));
#3947=CARTESIAN_POINT('',(16.,6.6781706615357,-7.44325443551556));
#3948=CARTESIAN_POINT('',(16.,6.67817065995544,-7.44325443534928));
#3949=CARTESIAN_POINT('',(16.,6.6721681135577,-7.44253365366317));
#3950=CARTESIAN_POINT('',(16.,6.6661667519547,-7.44180444114199));
#3951=CARTESIAN_POINT('',(16.,6.60262087754707,-7.43399149064019));
#3952=CARTESIAN_POINT('',(16.,6.54514461596926,-7.42617599552162));
#3953=CARTESIAN_POINT('',(16.,6.43123735117579,-7.40905137130786));
#3954=CARTESIAN_POINT('',(16.,6.37475384114897,-7.39980611317586));
#3955=CARTESIAN_POINT('',(16.,6.26287574306413,-7.37983897876763));
#3956=CARTESIAN_POINT('',(16.,6.20742523838863,-7.36918268482531));
#3957=CARTESIAN_POINT('',(16.,6.09765818701153,-7.34640971307429));
#3958=CARTESIAN_POINT('',(16.,6.04328187681236,-7.33436061239017));
#3959=CARTESIAN_POINT('',(16.,5.93571004217961,-7.30881713791699));
#3960=CARTESIAN_POINT('',(16.,5.88245036812811,-7.29539269210668));
#3961=CARTESIAN_POINT('',(16.,5.77716089831974,-7.2671121984344));
#3962=CARTESIAN_POINT('',(16.,5.72506189601149,-7.25232886097444));
#3963=CARTESIAN_POINT('',(16.,5.62214582655471,-7.22134236042432));
#3964=CARTESIAN_POINT('',(16.,5.57125364049421,-7.2052152530823));
#3965=CARTESIAN_POINT('',(16.,5.47080708371577,-7.17155046313534));
#3966=CARTESIAN_POINT('',(16.,5.4211705800802,-7.15409289391364));
#3967=CARTESIAN_POINT('',(16.,5.32329629323427,-7.11777318306084));
#3968=CARTESIAN_POINT('',(16.,5.27496790306412,-7.09899616242638));
#3969=CARTESIAN_POINT('',(16.,5.17977742772519,-7.060039117106));
#3970=CARTESIAN_POINT('',(16.,5.13281427696547,-7.03995051592712));
#3971=CARTESIAN_POINT('',(16.,5.04043093260763,-6.99836594614863));
#3972=CARTESIAN_POINT('',(16.,4.99489643435048,-6.97696950762504));
#3973=CARTESIAN_POINT('',(16.,4.90545964656551,-6.93275662806409));
#3974=CARTESIAN_POINT('',(16.,4.86142574581388,-6.91005047270803));
#3975=CARTESIAN_POINT('',(16.,4.77509752184058,-6.86319364571852));
#3976=CARTESIAN_POINT('',(16.,4.73264802741523,-6.8391680830023));
#3977=CARTESIAN_POINT('',(16.,4.6496232279623,-6.78963014219515));
#3978=CARTESIAN_POINT('',(16.,4.60885887278017,-6.76426442560467));
#3979=CARTESIAN_POINT('',(16.,4.52938265282111,-6.71197533826228));
#3980=CARTESIAN_POINT('',(16.,4.49042912037427,-6.68523241979113));
#3981=CARTESIAN_POINT('',(16.,4.41482957519339,-6.63006812569964));
#3982=CARTESIAN_POINT('',(16.,4.37784973286288,-6.60188692322269));
#3983=CARTESIAN_POINT('',(16.,4.30660906056102,-6.54362325232285));
#3984=CARTESIAN_POINT('',(16.,4.27181217014603,-6.51391354982533));
#3985=CARTESIAN_POINT('',(16.,4.20577232162013,-6.4520930790494));
#3986=CARTESIAN_POINT('',(16.,4.17416681162013,-6.42023898571606));
#3987=CARTESIAN_POINT('',(16.,4.1436924,-6.38717582));
#3988=CARTESIAN_POINT('',(16.,7.44325443082139,-6.6781706685326));
#3989=AXIS2_PLACEMENT_3D('',#3990,#3991,#3992);
#3990=CARTESIAN_POINT('',(16.,8.88178419700125E-16,-4.44089209850063E-16));
#3991=DIRECTION('',(-1.,0.,6.12323399573676E-17));
#3992=DIRECTION('',(-4.08920016670357E-17,0.744325443080076,-0.667817066855624));
#3993=CARTESIAN_POINT('',(16.,6.38717582006683,-4.14369239972966));
#3994=CARTESIAN_POINT('',(16.,6.38717582006683,-4.14369239972966));
#3995=CARTESIAN_POINT('',(16.,6.42023898889868,-4.17416680948056));
#3996=CARTESIAN_POINT('',(16.,6.45209308401692,-4.20577231885285));
#3997=CARTESIAN_POINT('',(16.,6.5139135544633,-4.27181216728653));
#3998=CARTESIAN_POINT('',(16.,6.54362325209551,-4.30660906062469));
#3999=CARTESIAN_POINT('',(16.,6.60188692367419,-4.37784973353818));
#4000=CARTESIAN_POINT('',(16.,6.63006813176727,-4.41482957377097));
#4001=CARTESIAN_POINT('',(16.,6.68523242563266,-4.49042911803221));
#4002=CARTESIAN_POINT('',(16.,6.71197533849128,-4.52938265125497));
#4003=CARTESIAN_POINT('',(16.,6.76426442543902,-4.60885887013528));
#4004=CARTESIAN_POINT('',(16.,6.78963014758865,-4.64962322347094));
#4005=CARTESIAN_POINT('',(16.,6.83916808845323,-4.73264802454811));
#4006=CARTESIAN_POINT('',(16.,6.8631936461968,-4.77509752203945));
#4007=CARTESIAN_POINT('',(16.,6.91005046955648,-4.86142574648198));
#4008=CARTESIAN_POINT('',(16.,6.93275662439233,-4.90545964574852));
#4009=CARTESIAN_POINT('',(16.,6.97696950259165,-4.99489643362511));
#4010=CARTESIAN_POINT('',(16.,6.99836594026577,-5.04043093334247));
#4011=CARTESIAN_POINT('',(16.,7.03995051031328,-5.13281427714717));
#4012=CARTESIAN_POINT('',(16.,7.06003911264031,-5.17977742583576));
#4013=CARTESIAN_POINT('',(16.,7.09899616124153,-5.27496790224209));
#4014=CARTESIAN_POINT('',(16.,7.11777318683245,-5.3232962944709));
#4015=CARTESIAN_POINT('',(16.,7.1540928964992,-5.421170583689));
#4016=CARTESIAN_POINT('',(16.,7.17155045740368,-5.47080708839343));
#4017=CARTESIAN_POINT('',(16.,7.20521524560891,-5.57125364517636));
#4018=CARTESIAN_POINT('',(16.,7.22134235753045,-5.62214583088618));
#4019=CARTESIAN_POINT('',(16.,7.25232886047822,-5.72506189793886));
#4020=CARTESIAN_POINT('',(16.,7.26711219868905,-5.7771608972143));
#4021=CARTESIAN_POINT('',(16.,7.29539269458982,-5.88245036796026));
#4022=CARTESIAN_POINT('',(16.,7.30881714083986,-5.93571004625839));
#4023=CARTESIAN_POINT('',(16.,7.33436061755663,-6.04328188136823));
#4024=CARTESIAN_POINT('',(16.,7.34640972280734,-6.09765818727752));
#4025=CARTESIAN_POINT('',(16.,7.36918269181492,-6.20742523745367));
#4026=CARTESIAN_POINT('',(16.,7.37983897531414,-6.26287574577312));
#4027=CARTESIAN_POINT('',(16.,7.3998061081787,-6.37475384470568));
#4028=CARTESIAN_POINT('',(16.,7.40905137530572,-6.43123735206933));
#4029=CARTESIAN_POINT('',(16.,7.42617599901154,-6.54514461438952));
#4030=CARTESIAN_POINT('',(16.,7.43399148603843,-6.60262087578975));
#4031=CARTESIAN_POINT('',(16.,7.44180443578981,-6.6661667528799));
#4032=CARTESIAN_POINT('',(16.,7.44253364871809,-6.67216811829895));
#4033=CARTESIAN_POINT('',(16.,7.44325443084203,-6.67817066850896));
#4034=CARTESIAN_POINT('',(16.,5.04681749492567,-2.18623722149049));
#4035=CARTESIAN_POINT('',(16.,5.04681749623686,-2.18623722205849));
#4036=CARTESIAN_POINT('',(16.,5.0384263828725,-2.20561182470606));
#4037=CARTESIAN_POINT('',(16.,5.03061977080173,-2.22519958999863));
#4038=CARTESIAN_POINT('',(16.,5.01615633460832,-2.26485412682747));
#4039=CARTESIAN_POINT('',(16.,5.00949262317145,-2.2849576270689));
#4040=CARTESIAN_POINT('',(16.,4.99734790836489,-2.32555960490407));
#4041=CARTESIAN_POINT('',(16.,4.99185652485997,-2.3461323428304));
#4042=CARTESIAN_POINT('',(16.,4.98206926657657,-2.38766125742821));
#4043=CARTESIAN_POINT('',(16.,4.97777312815582,-2.40869436583948));
#4044=CARTESIAN_POINT('',(16.,4.9703957485587,-2.45113672517723));
#4045=CARTESIAN_POINT('',(16.,4.96732505718811,-2.47262507538985));
#4046=CARTESIAN_POINT('',(16.,4.96242545301818,-2.51597551760596));
#4047=CARTESIAN_POINT('',(16.,4.96061879771393,-2.53791832768371));
#4048=CARTESIAN_POINT('',(16.,4.95828300457835,-2.58218105269244));
#4049=CARTESIAN_POINT('',(16.,4.95778898745924,-2.60458267507275));
#4050=CARTESIAN_POINT('',(16.,4.95812490900029,-2.64977321232989));
#4051=CARTESIAN_POINT('',(16.,4.95900428635751,-2.67264406428964));
#4052=CARTESIAN_POINT('',(16.,4.96214683315396,-2.71879143899098));
#4053=CARTESIAN_POINT('',(16.,4.96447560807494,-2.74214917081929));
#4054=CARTESIAN_POINT('',(16.,4.97059367812182,-2.78929853627855));
#4055=CARTESIAN_POINT('',(16.,4.97446709110742,-2.81316940537651));
#4056=CARTESIAN_POINT('',(16.,4.98377302993337,-2.86138522173645));
#4057=CARTESIAN_POINT('',(16.,4.98931117345187,-2.88580576160997));
#4058=CARTESIAN_POINT('',(16.,5.00207367472409,-2.93517565753694));
#4059=CARTESIAN_POINT('',(16.,5.00942898215004,-2.96019468031366));
#4060=CARTESIAN_POINT('',(16.,5.02599079403486,-3.01083406645972));
#4061=CARTESIAN_POINT('',(16.,5.03535854361848,-3.03651497990053));
#4062=CARTESIAN_POINT('',(16.,5.0561610467861,-3.08857254815456));
#4063=CARTESIAN_POINT('',(16.,5.06779384029923,-3.11499609710529));
#4064=CARTESIAN_POINT('',(16.,5.09341160372435,-3.16866022062091));
#4065=CARTESIAN_POINT('',(16.,5.10764000159593,-3.19592746354361));
#4066=CARTESIAN_POINT('',(16.,5.13883018731151,-3.25143334456503));
#4067=CARTESIAN_POINT('',(16.,5.15609236516957,-3.27966871057359));
#4068=CARTESIAN_POINT('',(16.,5.19386653792815,-3.3373057741534));
#4069=CARTESIAN_POINT('',(16.,5.21475168689759,-3.36665960962901));
#4070=CARTESIAN_POINT('',(16.,5.26048236759226,-3.42677765887635));
#4071=CARTESIAN_POINT('',(16.,5.28579580009515,-3.45742679507582));
#4072=CARTESIAN_POINT('',(16.,5.34137824165134,-3.52043751788071));
#4073=CARTESIAN_POINT('',(16.,5.37224114025879,-3.55258089016181));
#4074=CARTESIAN_POINT('',(16.,5.44034519390239,-3.61894680821507));
#4075=CARTESIAN_POINT('',(16.,5.47835162077661,-3.65278918098435));
#4076=CARTESIAN_POINT('',(16.,5.56282542551415,-3.72298206417714));
#4077=CARTESIAN_POINT('',(16.,5.61029712224085,-3.75869047284082));
#4078=CARTESIAN_POINT('',(16.,5.7168356263142,-3.83307770783598));
#4079=CARTESIAN_POINT('',(16.,5.77724943085055,-3.87067499201299));
#4080=CARTESIAN_POINT('',(16.,5.9145434456526,-3.94923519306867));
#4081=CARTESIAN_POINT('',(16.,5.99327648562175,-3.98834488304038));
#4082=CARTESIAN_POINT('',(16.,6.17507358631182,-4.06996733884726));
#4083=CARTESIAN_POINT('',(16.,6.27980465424058,-4.10982114275608));
#4084=CARTESIAN_POINT('',(16.,6.38717582006683,-4.14369239972966));
#4085=CARTESIAN_POINT('',(16.,5.1145420358469,-2.02273570772276));
#4086=AXIS2_PLACEMENT_3D('',#4087,#4088,#4089);
#4087=CARTESIAN_POINT('',(16.,8.88178419700125E-16,-4.44089209850063E-16));
#4088=DIRECTION('',(-1.,-3.08148791101958E-33,6.12323399573677E-17));
#4089=DIRECTION('',(-2.25194255528473E-17,0.929916734101727,-0.367770128800012));
#4090=CARTESIAN_POINT('',(16.,7.44644833014391,-1.58638233976159));
#4091=CARTESIAN_POINT('',(16.,7.44644833014391,-1.58638233976159));
#4092=CARTESIAN_POINT('',(16.,7.34657485648919,-1.53441005626649));
#4093=CARTESIAN_POINT('',(16.,7.24433791445522,-1.48853490341867));
#4094=CARTESIAN_POINT('',(16.,7.05807215851158,-1.41770073225377));
#4095=CARTESIAN_POINT('',(16.,6.97474476210139,-1.38968279315244));
#4096=CARTESIAN_POINT('',(16.,6.8221127787071,-1.34815171305963));
#4097=CARTESIAN_POINT('',(16.,6.7528084726796,-1.33201799332677));
#4098=CARTESIAN_POINT('',(16.,6.62487465746723,-1.3092836142031));
#4099=CARTESIAN_POINT('',(16.,6.56605744349948,-1.30096571731554));
#4100=CARTESIAN_POINT('',(16.,6.45669158114432,-1.29086758137205));
#4101=CARTESIAN_POINT('',(16.,6.40588680630349,-1.287923147559));
#4102=CARTESIAN_POINT('',(16.,6.31080217819631,-1.28669410217403));
#4103=CARTESIAN_POINT('',(16.,6.26625001916886,-1.28759953942313));
#4104=CARTESIAN_POINT('',(16.,6.1823919882825,-1.29285212673476));
#4105=CARTESIAN_POINT('',(16.,6.14282047401895,-1.29662503467211));
#4106=CARTESIAN_POINT('',(16.,6.06797411937722,-1.30679843735524));
#4107=CARTESIAN_POINT('',(16.,6.03244979475888,-1.31278669993013));
#4108=CARTESIAN_POINT('',(16.,5.9649838654707,-1.32683188522664));
#4109=CARTESIAN_POINT('',(16.,5.93281224512775,-1.33459110659073));
#4110=CARTESIAN_POINT('',(16.,5.87150886512324,-1.35178490053386));
#4111=CARTESIAN_POINT('',(16.,5.84216701124643,-1.36100475206768));
#4112=CARTESIAN_POINT('',(16.,5.78610624948025,-1.38083652480187));
#4113=CARTESIAN_POINT('',(16.,5.75919635378122,-1.39129517123943));
#4114=CARTESIAN_POINT('',(16.,5.70767650618259,-1.41339584284319));
#4115=CARTESIAN_POINT('',(16.,5.68289336199794,-1.42493099663768));
#4116=CARTESIAN_POINT('',(16.,5.635374938022,-1.44902747763572));
#4117=CARTESIAN_POINT('',(16.,5.61248282382686,-1.46151760001906));
#4118=CARTESIAN_POINT('',(16.,5.56854858348031,-1.48740293549752));
#4119=CARTESIAN_POINT('',(16.,5.54736459954855,-1.5007548134549));
#4120=CARTESIAN_POINT('',(16.,5.50669057824438,-1.5282682515234));
#4121=CARTESIAN_POINT('',(16.,5.48707240692848,-1.54240858287091));
#4122=CARTESIAN_POINT('',(16.,5.44940664325062,-1.57142208800108));
#4123=CARTESIAN_POINT('',(16.,5.43124354265147,-1.58629180894419));
#4124=CARTESIAN_POINT('',(16.,5.39639030134707,-1.61670081491106));
#4125=CARTESIAN_POINT('',(16.,5.37959634527017,-1.63225113186505));
#4126=CARTESIAN_POINT('',(16.,5.34740427922272,-1.66396813717105));
#4127=CARTESIAN_POINT('',(16.,5.33191327347924,-1.6801578059754));
#4128=CARTESIAN_POINT('',(16.,5.30226645928175,-1.71310793484388));
#4129=CARTESIAN_POINT('',(16.,5.28802804300362,-1.72990133895241));
#4130=CARTESIAN_POINT('',(16.,5.26083919414514,-1.76401927238138));
#4131=CARTESIAN_POINT('',(16.,5.24781594482428,-1.78138513758447));
#4132=CARTESIAN_POINT('',(16.,5.22302125751619,-1.81661301488354));
#4133=CARTESIAN_POINT('',(16.,5.21118642893165,-1.83452349950656));
#4134=CARTESIAN_POINT('',(16.,5.18874168669681,-1.87080951417557));
#4135=CARTESIAN_POINT('',(16.,5.17807755928707,-1.88923962884314));
#4136=CARTESIAN_POINT('',(16.,5.15795523691244,-1.9265371702889));
#4137=CARTESIAN_POINT('',(16.,5.14845187335621,-1.94546444763478));
#4138=CARTESIAN_POINT('',(16.,5.13063907334519,-1.98373163250367));
#4139=CARTESIAN_POINT('',(16.,5.12230853757597,-2.00310238201105));
#4140=CARTESIAN_POINT('',(16.,5.1145420341343,-2.02273570704544));
#4141=CARTESIAN_POINT('',(16.,9.98535544614284,-0.540995924756959));
#4142=CARTESIAN_POINT('',(16.,9.98535544490786,-0.540995925756789));
#4143=CARTESIAN_POINT('',(16.,9.98060133402763,-0.544730697401012));
#4144=CARTESIAN_POINT('',(16.,9.97584209942314,-0.548458669768193));
#4145=CARTESIAN_POINT('',(16.,9.92538379043218,-0.58786779819736));
#4146=CARTESIAN_POINT('',(16.,9.87921554651659,-0.622983262919614));
#4147=CARTESIAN_POINT('',(16.,9.78656200924789,-0.691418924374666));
#4148=CARTESIAN_POINT('',(16.,9.74008475156375,-0.724821412620893));
#4149=CARTESIAN_POINT('',(16.,9.64685609360078,-0.789812278302015));
#4150=CARTESIAN_POINT('',(16.,9.60011152801558,-0.821486568469342));
#4151=CARTESIAN_POINT('',(16.,9.50639157888307,-0.883000672096024));
#4152=CARTESIAN_POINT('',(16.,9.45942172040439,-0.912930528972825));
#4153=CARTESIAN_POINT('',(16.,9.36529498265585,-0.970933338691271));
#4154=CARTESIAN_POINT('',(16.,9.3181421893041,-0.999101098710725));
#4155=CARTESIAN_POINT('',(16.,9.2236939623641,-1.05355466794879));
#4156=CARTESIAN_POINT('',(16.,9.17640100637237,-1.0799408276075));
#4157=CARTESIAN_POINT('',(16.,9.08171759110219,-1.13080271354922));
#4158=CARTESIAN_POINT('',(16.,9.03432779426693,-1.15538533645954));
#4159=CARTESIAN_POINT('',(16.,8.93949675156335,-1.2026071766457));
#4160=CARTESIAN_POINT('',(16.,8.89205407766855,-1.22536111938111));
#4161=CARTESIAN_POINT('',(16.,8.79716459190125,-1.26888677747891));
#4162=CARTESIAN_POINT('',(16.,8.74971390086699,-1.28978275127095));
#4163=CARTESIAN_POINT('',(16.,8.65485727932943,-1.32954579096644));
#4164=CARTESIAN_POINT('',(16.,8.60744453084321,-1.34854896721639));
#4165=CARTESIAN_POINT('',(16.,8.512714910296,-1.38446912519742));
#4166=CARTESIAN_POINT('',(16.,8.46538759102716,-1.40153731091971));
#4167=CARTESIAN_POINT('',(16.,8.37088300494354,-1.43351544309667));
#4168=CARTESIAN_POINT('',(16.,8.32369065869302,-1.44859643649329));
#4169=CARTESIAN_POINT('',(16.,8.22951460600454,-1.47650692896344));
#4170=CARTESIAN_POINT('',(16.,8.18250964231998,-1.48953461601108));
#4171=CARTESIAN_POINT('',(16.,8.0887736297494,-1.51321340084015));
#4172=CARTESIAN_POINT('',(16.,8.04201260755863,-1.52410188260934));
#4173=CARTESIAN_POINT('',(16.,7.94884046524066,-1.54332608844361));
#4174=CARTESIAN_POINT('',(16.,7.90238605929665,-1.55196029638828));
#4175=CARTESIAN_POINT('',(16.,7.80992206181317,-1.56641020100883));
#4176=CARTESIAN_POINT('',(16.,7.76384624516061,-1.5726317789145));
#4177=CARTESIAN_POINT('',(16.,7.67227284588958,-1.58180790460533));
#4178=CARTESIAN_POINT('',(16.,7.62665979660991,-1.58540508967895));
#4179=CARTESIAN_POINT('',(16.,7.53624889778691,-1.58838864029833));
#4180=CARTESIAN_POINT('',(16.,7.4913761819385,-1.58821286533764));
#4181=CARTESIAN_POINT('',(16.,7.44644833014391,-1.58638233976159));
#4182=CARTESIAN_POINT('',(16.,9.98535544777112,0.540995916490126));
#4183=AXIS2_PLACEMENT_3D('',#4184,#4185,#4186);
#4184=CARTESIAN_POINT('',(16.,8.88178419700125E-16,-4.44089209850063E-16));
#4185=DIRECTION('',(-1.,0.,6.12323399573676E-17));
#4186=DIRECTION('',(3.31264458721542E-18,0.998535544777325,0.0540995916458822));
#4187=CARTESIAN_POINT('',(16.,7.44644833,1.58638234));
#4188=CARTESIAN_POINT('',(16.,7.44644833,1.58638234));
#4189=CARTESIAN_POINT('',(16.,7.49137618267604,1.588212869101));
#4190=CARTESIAN_POINT('',(16.,7.5362488993427,1.58838864576766));
#4191=CARTESIAN_POINT('',(16.,7.62665979786747,1.58540509498045));
#4192=CARTESIAN_POINT('',(16.,7.67227284577386,1.58180790439956));
#4193=CARTESIAN_POINT('',(16.,7.76384624595738,1.57263177875625));
#4194=CARTESIAN_POINT('',(16.,7.80992206509783,1.56641020630509));
#4195=CARTESIAN_POINT('',(16.,7.90238606177115,1.55196030217494));
#4196=CARTESIAN_POINT('',(16.,7.94884046429515,1.54332608971297));
#4197=CARTESIAN_POINT('',(16.,8.04201260557129,1.52410188436243));
#4198=CARTESIAN_POINT('',(16.,8.08877363038731,1.5132134078298));
#4199=CARTESIAN_POINT('',(16.,8.18250964414701,1.48953462189283));
#4200=CARTESIAN_POINT('',(16.,8.22951460648336,1.47650692916101));
#4201=CARTESIAN_POINT('',(16.,8.32369065693695,1.44859643379239));
#4202=CARTESIAN_POINT('',(16.,8.37088300176951,1.43351544107804));
#4203=CARTESIAN_POINT('',(16.,8.4653875869551,1.40153730787347));
#4204=CARTESIAN_POINT('',(16.,8.51271490665579,1.38446912051799));
#4205=CARTESIAN_POINT('',(16.,8.60744452700211,1.34854896311833));
#4206=CARTESIAN_POINT('',(16.,8.65485727483568,1.32954578914475));
#4207=CARTESIAN_POINT('',(16.,8.74971389944791,1.28978275101439));
#4208=CARTESIAN_POINT('',(16.,8.7971645954426,1.26888677927141));
#4209=CARTESIAN_POINT('',(16.,8.89205408204862,1.22536111865757));
#4210=CARTESIAN_POINT('',(16.,8.93949675081806,1.2026071692852));
#4211=CARTESIAN_POINT('',(16.,9.03432779229323,1.15538532786428));
#4212=CARTESIAN_POINT('',(16.,9.08171759211872,1.13080270844014));
#4213=CARTESIAN_POINT('',(16.,9.17640100738435,1.07994082589376));
#4214=CARTESIAN_POINT('',(16.,9.22369396176249,1.05355466891052));
#4215=CARTESIAN_POINT('',(16.,9.31814219094126,0.999101100585266));
#4216=CARTESIAN_POINT('',(16.,9.36529498760676,0.970933337873914));
#4217=CARTESIAN_POINT('',(16.,9.45942172727912,0.912930529404569));
#4218=CARTESIAN_POINT('',(16.,9.50639158595346,0.883000678790254));
#4219=CARTESIAN_POINT('',(16.,9.60011153229688,0.821486574072862));
#4220=CARTESIAN_POINT('',(16.,9.64685609307434,0.789812273944476));
#4221=CARTESIAN_POINT('',(16.,9.7400847505452,0.724821406572391));
#4222=CARTESIAN_POINT('',(16.,9.78656201270663,0.691418926569755));
#4223=CARTESIAN_POINT('',(16.,9.87921554786729,0.622983266504402));
#4224=CARTESIAN_POINT('',(16.,9.92538378593563,0.587867796186043));
#4225=CARTESIAN_POINT('',(16.,9.97584209629279,0.548458665329423));
#4226=CARTESIAN_POINT('',(16.,9.9806013338835,0.544730690551746));
#4227=CARTESIAN_POINT('',(16.,9.985355447769,0.540995916521431));
#4228=CARTESIAN_POINT('',(16.,5.11454203867121,2.02273570947448));
#4229=CARTESIAN_POINT('',(16.,5.11454204,2.02273571));
#4230=CARTESIAN_POINT('',(16.,5.12230853975324,2.00310238392347));
#4231=CARTESIAN_POINT('',(16.,5.13063907308657,1.98373163392347));
#4232=CARTESIAN_POINT('',(16.,5.14845187117144,1.94546444821536));
#4233=CARTESIAN_POINT('',(16.,5.15795523697285,1.92653717132418));
#4234=CARTESIAN_POINT('',(16.,5.1780775606344,1.88923962727205));
#4235=CARTESIAN_POINT('',(16.,5.18874168861525,1.87080951026234));
#4236=CARTESIAN_POINT('',(16.,5.21118642904127,1.8345234964335));
#4237=CARTESIAN_POINT('',(16.,5.22302125401808,1.81661301423623));
#4238=CARTESIAN_POINT('',(16.,5.24781593897485,1.78138513899844));
#4239=CARTESIAN_POINT('',(16.,5.26083919043563,1.76401927415551));
#4240=CARTESIAN_POINT('',(16.,5.28802803876039,1.72990133916337));
#4241=CARTESIAN_POINT('',(16.,5.30226645034775,1.7131079311422));
#4242=CARTESIAN_POINT('',(16.,5.3319132681896,1.68015780296912));
#4243=CARTESIAN_POINT('',(16.,5.34740428442936,1.66396814101947));
#4244=CARTESIAN_POINT('',(16.,5.37959635216897,1.63225113807911));
#4245=CARTESIAN_POINT('',(16.,5.39639030037373,1.61670081725937));
#4246=CARTESIAN_POINT('',(16.,5.43124353810897,1.58629181182406));
#4247=CARTESIAN_POINT('',(16.,5.44940664121639,1.57142209379361));
#4248=CARTESIAN_POINT('',(16.,5.48707240607919,1.54240858656665));
#4249=CARTESIAN_POINT('',(16.,5.50669057607963,1.52826824974311));
#4250=CARTESIAN_POINT('',(16.,5.54736459923733,1.50075481148369));
#4251=CARTESIAN_POINT('',(16.,5.56854858741924,1.48740294097601));
#4252=CARTESIAN_POINT('',(16.,5.61248282681017,1.46151760397406));
#4253=CARTESIAN_POINT('',(16.,5.63537493523285,1.44902747106859));
#4254=CARTESIAN_POINT('',(16.,5.68289335806434,1.42493098722207));
#4255=CARTESIAN_POINT('',(16.,5.70767650536044,1.41339583843605));
#4256=CARTESIAN_POINT('',(16.,5.75919635594043,1.39129516996702));
#4257=CARTESIAN_POINT('',(16.,5.78610625376378,1.38083652649822));
#4258=CARTESIAN_POINT('',(16.,5.84216701364484,1.36100475509063));
#4259=CARTESIAN_POINT('',(16.,5.87150886264015,1.35178489933614));
#4260=CARTESIAN_POINT('',(16.,5.93281223933209,1.33459110629612));
#4261=CARTESIAN_POINT('',(16.,5.96498386112751,1.32683189054366));
#4262=CARTESIAN_POINT('',(16.,6.03244979334378,1.31278670575));
#4263=CARTESIAN_POINT('',(16.,6.0679741199248,1.30679844009375));
#4264=CARTESIAN_POINT('',(16.,6.14282047464678,1.29662503422672));
#4265=CARTESIAN_POINT('',(16.,6.18239198646883,1.29285212196047));
#4266=CARTESIAN_POINT('',(16.,6.26625001719093,1.28759953391695));
#4267=CARTESIAN_POINT('',(16.,6.3108021785935,1.28669410229919));
#4268=CARTESIAN_POINT('',(16.,6.40588680744631,1.28792314976173));
#4269=CARTESIAN_POINT('',(16.,6.45669158089435,1.29086758065657));
#4270=CARTESIAN_POINT('',(16.,6.56605744475354,1.30096571712245));
#4271=CARTESIAN_POINT('',(16.,6.62487466133489,1.30928361788086));
#4272=CARTESIAN_POINT('',(16.,6.75280847832142,1.3320179982698));
#4273=CARTESIAN_POINT('',(16.,6.82211278378212,1.34815171453898));
#4274=CARTESIAN_POINT('',(16.,6.97474476356282,1.38968279252399));
#4275=CARTESIAN_POINT('',(16.,7.05807215701754,1.4177007320005));
#4276=CARTESIAN_POINT('',(16.,7.24433791171369,1.48853490270036));
#4277=CARTESIAN_POINT('',(16.,7.34657485504702,1.53441005603369));
#4278=CARTESIAN_POINT('',(16.,7.44644833,1.58638234));
#4279=AXIS2_PLACEMENT_3D('',#4280,#4281,#4282);
#4280=CARTESIAN_POINT('',(16.,8.88178419700125E-16,-4.44089209850063E-16));
#4281=DIRECTION('',(-1.,0.,6.12323399573677E-17));
#4282=DIRECTION('',(2.43397128676622E-17,0.917603180614518,0.39749767662984));
#4283=CARTESIAN_POINT('',(0.,6.38717582,4.1436924));
#4284=CARTESIAN_POINT('',(0.,5.04681749168992,2.18623722073206));
#4285=CARTESIAN_POINT('',(1.3386842068249E-16,5.04681749,2.18623722));
#4286=CARTESIAN_POINT('',(1.35054773052924E-16,5.03842637998066,2.20561182451878));
#4287=CARTESIAN_POINT('',(1.36254177840463E-16,5.03061976998066,2.22519959118544));
#4288=CARTESIAN_POINT('',(1.3868231796748E-16,5.01615633574265,2.26485412878287));
#4289=CARTESIAN_POINT('',(1.39913302251072E-16,5.00949262239667,2.28495762775823));
#4290=CARTESIAN_POINT('',(1.42399456192246E-16,4.99734790852311,2.32555960284044));
#4291=CARTESIAN_POINT('',(1.43659172948668E-16,4.9918565262705,2.34613233870678));
#4292=CARTESIAN_POINT('',(1.46202085680077E-16,4.98206926867204,2.38766125517772));
#4293=CARTESIAN_POINT('',(1.47489992385912E-16,4.97777313108708,2.4086943678553));
#4294=CARTESIAN_POINT('',(1.5008883755253E-16,4.97039575169505,2.45113673031323));
#4295=CARTESIAN_POINT('',(1.51404619440813E-16,4.96732505855663,2.47262507926737));
#4296=CARTESIAN_POINT('',(1.54059068411319E-16,4.96242545586942,2.51597552075555));
#4297=CARTESIAN_POINT('',(1.55402678051311E-16,4.9606188066487,2.53791833138352));
#4298=CARTESIAN_POINT('',(1.58112988148801E-16,4.95828301044445,2.58218105430702));
#4299=CARTESIAN_POINT('',(1.59484691748317E-16,4.95778898105634,2.60458267411235));
#4300=CARTESIAN_POINT('',(1.62251814117663E-16,4.9581248997281,2.64977321184571));
#4301=CARTESIAN_POINT('',(1.63652250073444E-16,4.95900428538526,2.6726440666384));
#4302=CARTESIAN_POINT('',(1.66477961986849E-16,4.96214683432962,2.71879144423939));
#4303=CARTESIAN_POINT('',(1.67908210580303E-16,4.96447560541742,2.74214917635365));
#4304=CARTESIAN_POINT('',(1.70795276412786E-16,4.97059367610908,2.78929853949237));
#4305=CARTESIAN_POINT('',(1.72256945404327E-16,4.97446709389698,2.81316940564836));
#4306=CARTESIAN_POINT('',(1.7520931257448E-16,4.98377303154728,2.86138522056266));
#4307=CARTESIAN_POINT('',(1.76704639512491E-16,4.98931116679274,2.8858057626986));
#4308=CARTESIAN_POINT('',(1.79727673738964E-16,5.00207366981796,2.93517565822403));
#4309=CARTESIAN_POINT('',(1.81259646841379E-16,5.00942898876593,2.96019467764222));
#4310=CARTESIAN_POINT('',(1.84360414875326E-16,5.02599080347417,3.01083406258335));
#4311=CARTESIAN_POINT('',(1.85932917379686E-16,5.03535854731615,3.03651497736556));
#4312=CARTESIAN_POINT('',(1.89120524103012E-16,5.05616104615904,3.08857254572804));
#4313=CARTESIAN_POINT('',(1.90738499871805E-16,5.06779383607081,3.11499609527587));
#4314=CARTESIAN_POINT('',(1.94024479865488E-16,5.09341159989087,3.16866022106253));
#4315=CARTESIAN_POINT('',(1.95694116982444E-16,5.10764000419865,3.1959274644525));
#4316=CARTESIAN_POINT('',(1.9909287214131E-16,5.13883019161798,3.25143334845485));
#4317=CARTESIAN_POINT('',(2.0082178985165E-16,5.15609236448096,3.27966871740439));
#4318=CARTESIAN_POINT('',(2.04351042017905E-16,5.1938665348135,3.3373057792693));
#4319=CARTESIAN_POINT('',(2.06148445832405E-16,5.21475168457398,3.36665961117823));
#4320=CARTESIAN_POINT('',(2.09829614520161E-16,5.26048236746326,3.42677765811747));
#4321=CARTESIAN_POINT('',(2.11706332765606E-16,5.28579580475354,3.45742679298234));
#4322=CARTESIAN_POINT('',(2.15564626740778E-16,5.34137824694341,3.52043751538586));
#4323=CARTESIAN_POINT('',(2.17532840780658E-16,5.37224113988944,3.55258088996946));
#4324=CARTESIAN_POINT('',(2.21596581294147E-16,5.44034519153673,3.61894680896454));
#4325=CARTESIAN_POINT('',(2.23668828902473E-16,5.47835162145929,3.65278918065518));
#4326=CARTESIAN_POINT('',(2.27966903346219E-16,5.56282542476393,3.72298206315385));
#4327=CARTESIAN_POINT('',(2.30153412819286E-16,5.61029711690543,3.75869047270654));
#4328=CARTESIAN_POINT('',(2.34708317258964E-16,5.71683561882958,3.83307770734186));
#4329=CARTESIAN_POINT('',(2.37010486819736E-16,5.77724942621592,3.87067498947047));
#4330=CARTESIAN_POINT('',(2.41820911823094E-16,5.9145434450636,3.9492351915909));
#4331=CARTESIAN_POINT('',(2.44215689799279E-16,5.99327648685729,3.98834488391773));
#4332=CARTESIAN_POINT('',(2.49213623795279E-16,6.1750735887583,4.06996734027789));
#4333=CARTESIAN_POINT('',(2.5165396542958E-16,6.27980465542496,4.10982114361122));
#4334=CARTESIAN_POINT('',(2.53727981715561E-16,6.38717582,4.1436924));
#4335=CARTESIAN_POINT('',(0.,5.11454203867121,2.02273570947448));
#4336=AXIS2_PLACEMENT_3D('',#4337,#4338,#4339);
#4337=CARTESIAN_POINT('',(0.,0.,0.));
#4338=DIRECTION('',(1.,3.08148791101958E-33,-6.12323399573677E-17));
#4339=DIRECTION('',(2.25194255589582E-17,0.929916734062258,0.367770128899811));
#4340=CARTESIAN_POINT('',(0.,7.44644833,1.58638234));
#4341=CARTESIAN_POINT('',(9.71379027452444E-17,7.44644833,1.58638234));
#4342=CARTESIAN_POINT('',(9.39555181850586E-17,7.34657485504703,1.53441005603369));
#4343=CARTESIAN_POINT('',(9.11464752005555E-17,7.24433791171369,1.48853490270036));
#4344=CARTESIAN_POINT('',(8.68091331796637E-17,7.05807215701754,1.4177007320005));
#4345=CARTESIAN_POINT('',(8.50935291847327E-17,6.97474476356282,1.38968279252399));
#4346=CARTESIAN_POINT('',(8.25504840987588E-17,6.82211278378212,1.34815171453898));
#4347=CARTESIAN_POINT('',(8.1562578899389E-17,6.75280847832142,1.3320179982698));
#4348=CARTESIAN_POINT('',(8.01704995906933E-17,6.62487466133489,1.30928361788086));
#4349=CARTESIAN_POINT('',(7.96611750637227E-17,6.56605744475354,1.30096571712245));
#4350=CARTESIAN_POINT('',(7.90428425387077E-17,6.45669158089435,1.29086758065657));
#4351=CARTESIAN_POINT('',(7.88625481451743E-17,6.40588680744632,1.28792314976173));
#4352=CARTESIAN_POINT('',(7.87872906931238E-17,6.3108021785935,1.28669410229919));
#4353=CARTESIAN_POINT('',(7.8842732389751E-17,6.26625001719093,1.28759953391695));
#4354=CARTESIAN_POINT('',(7.91643606464875E-17,6.18239198646883,1.29285212196047));
#4355=CARTESIAN_POINT('',(7.93953848930041E-17,6.14282047464678,1.29662503422672));
#4356=CARTESIAN_POINT('',(8.00183263395782E-17,6.0679741199248,1.30679844009375));
#4357=CARTESIAN_POINT('',(8.03850018579965E-17,6.03244979334378,1.31278670575));
#4358=CARTESIAN_POINT('',(8.12450213880463E-17,5.96498386112751,1.32683189054366));
#4359=CARTESIAN_POINT('',(8.17201363248034E-17,5.93281223933209,1.33459110629612));
#4360=CARTESIAN_POINT('',(8.27729525053869E-17,5.87150886264016,1.35178489933615));
#4361=CARTESIAN_POINT('',(8.33375058473032E-17,5.84216701364484,1.36100475509063));
#4362=CARTESIAN_POINT('',(8.45518516160896E-17,5.78610625376378,1.38083652649822));
#4363=CARTESIAN_POINT('',(8.51922588284641E-17,5.75919635594043,1.39129516996702));
#4364=CARTESIAN_POINT('',(8.65455344734448E-17,5.70767650536044,1.41339583843605));
#4365=CARTESIAN_POINT('',(8.72518586253696E-17,5.68289335806435,1.42493098722207));
#4366=CARTESIAN_POINT('',(8.87273427160364E-17,5.63537493523285,1.44902747106859));
#4367=CARTESIAN_POINT('',(8.94921427802171E-17,5.61248282681017,1.46151760397406));
#4368=CARTESIAN_POINT('',(9.10771625354314E-17,5.56854858741924,1.48740294097601));
#4369=CARTESIAN_POINT('',(9.18947288094247E-17,5.54736459923733,1.50075481148369));
#4370=CARTESIAN_POINT('',(9.35794410143217E-17,5.50669057607963,1.52826824974312));
#4371=CARTESIAN_POINT('',(9.44452869258118E-17,5.48707240607919,1.54240858656665));
#4372=CARTESIAN_POINT('',(9.62218518636889E-17,5.44940664121639,1.57142209379361));
#4373=CARTESIAN_POINT('',(9.71323594931995E-17,5.43124353810897,1.58629181182406));
#4374=CARTESIAN_POINT('',(9.89943740517798E-17,5.39639030037373,1.61670081725937));
#4375=CARTESIAN_POINT('',(9.99465565826605E-17,5.37959635216897,1.63225113807911));
#4376=CARTESIAN_POINT('',(1.01888662889133E-16,5.34740428442936,1.66396814101947));
#4377=CARTESIAN_POINT('',(1.02879993773429E-16,5.3319132681896,1.68015780296912));
#4378=CARTESIAN_POINT('',(1.04897607223362E-16,5.30226645034775,1.7131079311422));
#4379=CARTESIAN_POINT('',(1.05925906892357E-16,5.28802803876039,1.72990133916337));
#4380=CARTESIAN_POINT('',(1.08015027886439E-16,5.26083919043563,1.76401927415551));
#4381=CARTESIAN_POINT('',(1.09078380426155E-16,5.24781593897485,1.78138513899844));
#4382=CARTESIAN_POINT('',(1.11235465658691E-16,5.22302125401808,1.81661301423623));
#4383=CARTESIAN_POINT('',(1.12332166393395E-16,5.21118642904127,1.8345234964335));
#4384=CARTESIAN_POINT('',(1.1455404392786E-16,5.18874168861525,1.87080951026234));
#4385=CARTESIAN_POINT('',(1.15682563118053E-16,5.1780775606344,1.88923962727205));
#4386=CARTESIAN_POINT('',(1.17966379015028E-16,5.15795523697285,1.92653717132418));
#4387=CARTESIAN_POINT('',(1.19125340468096E-16,5.14845187117144,1.94546444821536));
#4388=CARTESIAN_POINT('',(1.21468529792586E-16,5.13063907308657,1.98373163392347));
#4389=CARTESIAN_POINT('',(1.22654646141815E-16,5.12230853975324,2.00310238392347));
#4390=CARTESIAN_POINT('',(1.23856840638627E-16,5.11454204,2.02273571));
#4391=CARTESIAN_POINT('',(1.65632229360771E-17,9.98535544777325,0.540995916458822));
#4392=CARTESIAN_POINT('',(3.31264458759448E-17,9.98535544776989,0.540995916520726));
#4393=CARTESIAN_POINT('',(3.33551348290475E-17,9.9806013338841,0.544730690551278));
#4394=CARTESIAN_POINT('',(3.35834074480011E-17,9.97584209629309,0.54845866532919));
#4395=CARTESIAN_POINT('',(3.59965207460523E-17,9.92538378593563,0.587867796186043));
#4396=CARTESIAN_POINT('',(3.81467231623489E-17,9.87921554786729,0.622983266504402));
#4397=CARTESIAN_POINT('',(4.23371987646774E-17,9.78656201270663,0.691418926569755));
#4398=CARTESIAN_POINT('',(4.43825107756181E-17,9.7400847505452,0.724821406572391));
#4399=CARTESIAN_POINT('',(4.83620536606697E-17,9.64685609307434,0.789812273944476));
#4400=CARTESIAN_POINT('',(5.03015451740427E-17,9.60011153229687,0.821486574072862));
#4401=CARTESIAN_POINT('',(5.40681977462713E-17,9.50639158595346,0.883000678790255));
#4402=CARTESIAN_POINT('',(5.59008725339602E-17,9.45942172727912,0.91293052940457));
#4403=CARTESIAN_POINT('',(5.94525202206372E-17,9.36529498760676,0.970933337873914));
#4404=CARTESIAN_POINT('',(6.11772982428172E-17,9.31814219094126,0.999101100585266));
#4405=CARTESIAN_POINT('',(6.45116176504007E-17,9.22369396176249,1.05355466891052));
#4406=CARTESIAN_POINT('',(6.61273037849673E-17,9.17640100738435,1.07994082589376));
#4407=CARTESIAN_POINT('',(6.92416958679185E-17,9.08171759211872,1.13080270844014));
#4408=CARTESIAN_POINT('',(7.07469471775403E-17,9.03432779229323,1.15538532786428));
#4409=CARTESIAN_POINT('',(7.36384510248392E-17,8.93949675081806,1.2026071692852));
#4410=CARTESIAN_POINT('',(7.50317285881806E-17,8.89205408204863,1.22536111865757));
#4411=CARTESIAN_POINT('',(7.76969066357566E-17,8.7971645954426,1.26888677927141));
#4412=CARTESIAN_POINT('',(7.89764158812621E-17,8.74971389944791,1.28978275101439));
#4413=CARTESIAN_POINT('',(8.1411199749798E-17,8.65485727483568,1.32954578914475));
#4414=CARTESIAN_POINT('',(8.25748085588172E-17,8.60744452700211,1.34854896311833));
#4415=CARTESIAN_POINT('',(8.47742838480355E-17,8.51271490665579,1.38446912051799));
#4416=CARTESIAN_POINT('',(8.58194088986423E-17,8.4653875869551,1.40153730787347));
#4417=CARTESIAN_POINT('',(8.77775048222264E-17,8.37088300176951,1.43351544107804));
#4418=CARTESIAN_POINT('',(8.8700949295006E-17,8.32369065693695,1.44859643379239));
#4419=CARTESIAN_POINT('',(9.04099742357958E-17,8.22951460648336,1.47650692916101));
#4420=CARTESIAN_POINT('',(9.12076903460109E-17,8.18250964414701,1.48953462189283));
#4421=CARTESIAN_POINT('',(9.26575978162812E-17,8.08877363038731,1.5132134078298));
#4422=CARTESIAN_POINT('',(9.3324324712945E-17,8.04201260557129,1.52410188436243));
#4423=CARTESIAN_POINT('',(9.45014677903793E-17,7.94884046429515,1.54332608971297));
#4424=CARTESIAN_POINT('',(9.50301608231153E-17,7.90238606177115,1.55196030217495));
#4425=CARTESIAN_POINT('',(9.59149622651636E-17,7.80992206509783,1.56641020630509));
#4426=CARTESIAN_POINT('',(9.62959237045624E-17,7.76384624595738,1.57263177875625));
#4427=CARTESIAN_POINT('',(9.68577993494451E-17,7.67227284577386,1.58180790439956));
#4428=CARTESIAN_POINT('',(9.70780637459859E-17,7.62665979786747,1.58540509498045));
#4429=CARTESIAN_POINT('',(9.72607535420685E-17,7.5362488993427,1.58838864576767));
#4430=CARTESIAN_POINT('',(9.72499903254586E-17,7.49137618267604,1.588212869101));
#4431=CARTESIAN_POINT('',(9.71379027452444E-17,7.44644833,1.58638234));
#4432=CARTESIAN_POINT('',(-1.65632231595234E-17,9.98535544737783,-0.54099592375713));
#4433=AXIS2_PLACEMENT_3D('',#4434,#4435,#4436);
#4434=CARTESIAN_POINT('',(0.,0.,0.));
#4435=DIRECTION('',(-1.,0.,6.12323399573677E-17));
#4436=DIRECTION('',(3.31264458721542E-18,0.998535544777325,0.0540995916458822));
#4437=CARTESIAN_POINT('',(0.,7.44644833014391,-1.58638233976159));
#4438=CARTESIAN_POINT('',(-9.71379027306458E-17,7.44644833014391,-1.58638233976159));
#4439=CARTESIAN_POINT('',(-9.72499900950196E-17,7.4913761819385,-1.58821286533764));
#4440=CARTESIAN_POINT('',(-9.72607532071686E-17,7.53624889778691,-1.58838864029833));
#4441=CARTESIAN_POINT('',(-9.70780634213622E-17,7.62665979660991,-1.58540508967895));
#4442=CARTESIAN_POINT('',(-9.6857799362045E-17,7.67227284588958,-1.58180790460533));
#4443=CARTESIAN_POINT('',(-9.62959237142526E-17,7.76384624516061,-1.5726317789145));
#4444=CARTESIAN_POINT('',(-9.59149619408613E-17,7.80992206181318,-1.56641020100883));
#4445=CARTESIAN_POINT('',(-9.5030160468784E-17,7.90238605929665,-1.55196029638828));
#4446=CARTESIAN_POINT('',(-9.45014677126536E-17,7.94884046524066,-1.54332608844361));
#4447=CARTESIAN_POINT('',(-9.33243246055992E-17,8.04201260755863,-1.52410188260934));
#4448=CARTESIAN_POINT('',(-9.26575973882883E-17,8.0887736297494,-1.51321340084015));
#4449=CARTESIAN_POINT('',(-9.12076899858577E-17,8.18250964231998,-1.48953461601108));
#4450=CARTESIAN_POINT('',(-9.04099742236983E-17,8.22951460600454,-1.47650692896344));
#4451=CARTESIAN_POINT('',(-8.87009494603886E-17,8.32369065869302,-1.44859643649329));
#4452=CARTESIAN_POINT('',(-8.77775049458316E-17,8.37088300494354,-1.43351544309667));
#4453=CARTESIAN_POINT('',(-8.58194090851703E-17,8.46538759102716,-1.40153731091971));
#4454=CARTESIAN_POINT('',(-8.47742841345676E-17,8.512714910296,-1.38446912519742));
#4455=CARTESIAN_POINT('',(-8.2574808809751E-17,8.60744453084321,-1.34854896721639));
#4456=CARTESIAN_POINT('',(-8.14111998613446E-17,8.65485727932943,-1.32954579096644));
#4457=CARTESIAN_POINT('',(-7.89764158969718E-17,8.74971390086699,-1.28978275127095));
#4458=CARTESIAN_POINT('',(-7.76969065259977E-17,8.79716459190125,-1.26888677747892));
#4459=CARTESIAN_POINT('',(-7.50317286324845E-17,8.89205407766855,-1.22536111938111));
#4460=CARTESIAN_POINT('',(-7.36384514755397E-17,8.93949675156335,-1.2026071766457));
#4461=CARTESIAN_POINT('',(-7.07469477038483E-17,9.03432779426693,-1.15538533645954));
#4462=CARTESIAN_POINT('',(-6.92416961807599E-17,9.08171759110219,-1.13080271354922));
#4463=CARTESIAN_POINT('',(-6.61273038899033E-17,9.17640100637237,-1.0799408276075));
#4464=CARTESIAN_POINT('',(-6.45116175915116E-17,9.2236939623641,-1.05355466794879));
#4465=CARTESIAN_POINT('',(-6.11772981280347E-17,9.3181421893041,-0.999101098710725));
#4466=CARTESIAN_POINT('',(-5.9452520270686E-17,9.36529498265585,-0.970933338691272));
#4467=CARTESIAN_POINT('',(-5.59008725075235E-17,9.45942172040439,-0.912930528972825));
#4468=CARTESIAN_POINT('',(-5.40681973363679E-17,9.50639157888307,-0.883000672096024));
#4469=CARTESIAN_POINT('',(-5.03015448309262E-17,9.60011152801558,-0.821486568469343));
#4470=CARTESIAN_POINT('',(-4.83620539274921E-17,9.64685609360078,-0.789812278302017));
#4471=CARTESIAN_POINT('',(-4.4382511145982E-17,9.74008475156375,-0.724821412620893));
#4472=CARTESIAN_POINT('',(-4.2337198630267E-17,9.78656200924789,-0.691418924374665));
#4473=CARTESIAN_POINT('',(-3.81467229428439E-17,9.87921554651659,-0.622983262919614));
#4474=CARTESIAN_POINT('',(-3.59965208692099E-17,9.92538379043218,-0.58786779819736));
#4475=CARTESIAN_POINT('',(-3.35834076804256E-17,9.9758421002467,-0.54845866912497));
#4476=CARTESIAN_POINT('',(-3.33551351695546E-17,9.98060133567298,-0.544730696112181));
#4477=CARTESIAN_POINT('',(-3.31264463228975E-17,9.98535544737324,-0.540995923820017));
#4478=CARTESIAN_POINT('',(0.,5.1145420358469,-2.02273570772276));
#4479=CARTESIAN_POINT('',(-1.23856840457713E-16,5.1145420341343,-2.02273570704544));
#4480=CARTESIAN_POINT('',(-1.22654646024714E-16,5.12230853757597,-2.00310238201105));
#4481=CARTESIAN_POINT('',(-1.21468529705649E-16,5.13063907334519,-1.98373163250367));
#4482=CARTESIAN_POINT('',(-1.19125340432545E-16,5.14845187335621,-1.94546444763478));
#4483=CARTESIAN_POINT('',(-1.17966378951635E-16,5.15795523691244,-1.92653717028889));
#4484=CARTESIAN_POINT('',(-1.15682563214254E-16,5.17807755928707,-1.88923962884314));
#4485=CARTESIAN_POINT('',(-1.14554044167476E-16,5.18874168669681,-1.87080951417557));
#4486=CARTESIAN_POINT('',(-1.12332166581565E-16,5.21118642893165,-1.83452349950656));
#4487=CARTESIAN_POINT('',(-1.11235465698328E-16,5.22302125751619,-1.81661301488354));
#4488=CARTESIAN_POINT('',(-1.09078380339574E-16,5.24781594482428,-1.78138513758447));
#4489=CARTESIAN_POINT('',(-1.08015027777805E-16,5.26083919414514,-1.76401927238138));
#4490=CARTESIAN_POINT('',(-1.05925906879439E-16,5.28802804300362,-1.72990133895241));
#4491=CARTESIAN_POINT('',(-1.04897607450024E-16,5.30226645928175,-1.71310793484388));
#4492=CARTESIAN_POINT('',(-1.02879993957511E-16,5.33191327347924,-1.6801578059754));
#4493=CARTESIAN_POINT('',(-1.01888662653485E-16,5.34740427922272,-1.66396813717105));
#4494=CARTESIAN_POINT('',(-9.99465562021588E-17,5.37959634527017,-1.63225113186505));
#4495=CARTESIAN_POINT('',(-9.89943739079876E-17,5.39639030134708,-1.61670081491106));
#4496=CARTESIAN_POINT('',(-9.71323593168585E-17,5.43124354265147,-1.58629180894419));
#4497=CARTESIAN_POINT('',(-9.62218515089984E-17,5.44940664325062,-1.57142208800108));
#4498=CARTESIAN_POINT('',(-9.44452866995134E-17,5.48707240692848,-1.54240858287091));
#4499=CARTESIAN_POINT('',(-9.35794411233329E-17,5.50669057824438,-1.5282682515234));
#4500=CARTESIAN_POINT('',(-9.18947289301263E-17,5.54736459954855,-1.5007548134549));
#4501=CARTESIAN_POINT('',(-9.10771621999705E-17,5.56854858348031,-1.48740293549752));
#4502=CARTESIAN_POINT('',(-8.94921425380431E-17,5.61248282382686,-1.46151760001906));
#4503=CARTESIAN_POINT('',(-8.87273431181572E-17,5.635374938022,-1.44902747763572));
#4504=CARTESIAN_POINT('',(-8.7251859201909E-17,5.68289336199794,-1.42493099663768));
#4505=CARTESIAN_POINT('',(-8.65455347433045E-17,5.70767650618259,-1.41339584284319));
#4506=CARTESIAN_POINT('',(-8.51922589063769E-17,5.75919635378122,-1.39129517123943));
#4507=CARTESIAN_POINT('',(-8.45518515122183E-17,5.78610624948025,-1.38083652480187));
#4508=CARTESIAN_POINT('',(-8.33375056622009E-17,5.84216701124643,-1.36100475206768));
#4509=CARTESIAN_POINT('',(-8.27729525787255E-17,5.87150886512324,-1.35178490053386));
#4510=CARTESIAN_POINT('',(-8.17201363428428E-17,5.93281224512775,-1.33459110659073));
#4511=CARTESIAN_POINT('',(-8.12450210624726E-17,5.9649838654707,-1.32683188522664));
#4512=CARTESIAN_POINT('',(-8.03850015016325E-17,6.03244979475888,-1.31278669993013));
#4513=CARTESIAN_POINT('',(-8.00183261718929E-17,6.06797411937723,-1.30679843735524));
#4514=CARTESIAN_POINT('',(-7.93953849202763E-17,6.14282047401895,-1.29662503467211));
#4515=CARTESIAN_POINT('',(-7.91643609388285E-17,6.1823919882825,-1.29285212673476));
#4516=CARTESIAN_POINT('',(-7.88427327269073E-17,6.26625001916886,-1.28759953942313));
#4517=CARTESIAN_POINT('',(-7.878729068546E-17,6.31080217819631,-1.28669410217403));
#4518=CARTESIAN_POINT('',(-7.88625480102959E-17,6.40588680630349,-1.287923147559));
#4519=CARTESIAN_POINT('',(-7.90428425825183E-17,6.45669158114432,-1.29086758137205));
#4520=CARTESIAN_POINT('',(-7.96611750755456E-17,6.56605744349948,-1.30096571731554));
#4521=CARTESIAN_POINT('',(-8.01704993654954E-17,6.62487465746723,-1.3092836142031));
#4522=CARTESIAN_POINT('',(-8.15625785967154E-17,6.7528084726796,-1.33201799332677));
#4523=CARTESIAN_POINT('',(-8.25504840081748E-17,6.8221127787071,-1.34815171305963));
#4524=CARTESIAN_POINT('',(-8.50935292232142E-17,6.97474476210139,-1.38968279315244));
#4525=CARTESIAN_POINT('',(-8.6809133195172E-17,7.05807215851158,-1.41770073225377));
#4526=CARTESIAN_POINT('',(-9.11464752445393E-17,7.24433791445522,-1.48853490341867));
#4527=CARTESIAN_POINT('',(-9.39555181993136E-17,7.34657485648919,-1.53441005626649));
#4528=CARTESIAN_POINT('',(-9.71379027306458E-17,7.44644833014391,-1.58638233976159));
#4529=CARTESIAN_POINT('',(0.,5.04681749492567,-2.18623722149049));
#4530=AXIS2_PLACEMENT_3D('',#4531,#4532,#4533);
#4531=CARTESIAN_POINT('',(0.,0.,0.));
#4532=DIRECTION('',(1.,0.,-6.12323399573677E-17));
#4533=DIRECTION('',(-2.43397128616322E-17,0.917603180657177,-0.397497676531363));
#4534=CARTESIAN_POINT('',(0.,6.38717582006683,-4.14369239972966));
#4535=CARTESIAN_POINT('',(-2.53727981699007E-16,6.38717582006683,-4.14369239972966));
#4536=CARTESIAN_POINT('',(-2.51653965377217E-16,6.27980465424058,-4.10982114275608));
#4537=CARTESIAN_POINT('',(-2.49213623707679E-16,6.17507358631183,-4.06996733884726));
#4538=CARTESIAN_POINT('',(-2.44215689745556E-16,5.99327648562175,-3.98834488304038));
#4539=CARTESIAN_POINT('',(-2.41820911913581E-16,5.9145434456526,-3.94923519306867));
#4540=CARTESIAN_POINT('',(-2.37010486975421E-16,5.77724943085055,-3.87067499201299));
#4541=CARTESIAN_POINT('',(-2.3470831728922E-16,5.7168356263142,-3.83307770783598));
#4542=CARTESIAN_POINT('',(-2.30153412827508E-16,5.61029712224085,-3.75869047284082));
#4543=CARTESIAN_POINT('',(-2.27966903408877E-16,5.56282542551415,-3.72298206417714));
#4544=CARTESIAN_POINT('',(-2.23668828922628E-16,5.47835162077661,-3.65278918098435));
#4545=CARTESIAN_POINT('',(-2.21596581248256E-16,5.44034519390239,-3.61894680821507));
#4546=CARTESIAN_POINT('',(-2.17532840792436E-16,5.37224114025879,-3.55258089016181));
#4547=CARTESIAN_POINT('',(-2.15564626893543E-16,5.34137824165134,-3.52043751788071));
#4548=CARTESIAN_POINT('',(-2.11706332893795E-16,5.28579580009515,-3.45742679507582));
#4549=CARTESIAN_POINT('',(-2.09829614566629E-16,5.26048236759226,-3.42677765887635));
#4550=CARTESIAN_POINT('',(-2.06148445737542E-16,5.21475168689759,-3.36665960962901));
#4551=CARTESIAN_POINT('',(-2.04351041704647E-16,5.19386653792815,-3.3373057741534));
#4552=CARTESIAN_POINT('',(-2.00821789433384E-16,5.15609236516957,-3.27966871057359));
#4553=CARTESIAN_POINT('',(-1.99092871903127E-16,5.13883018731151,-3.25143334456503));
#4554=CARTESIAN_POINT('',(-1.9569411692679E-16,5.10764000159593,-3.1959274635436));
#4555=CARTESIAN_POINT('',(-1.94024479838447E-16,5.09341160372435,-3.16866022062091));
#4556=CARTESIAN_POINT('',(-1.90738499983825E-16,5.06779384029923,-3.11499609710529));
#4557=CARTESIAN_POINT('',(-1.89120524251594E-16,5.0561610467861,-3.08857254815456));
#4558=CARTESIAN_POINT('',(-1.85932917534909E-16,5.03535854361848,-3.03651497990053));
#4559=CARTESIAN_POINT('',(-1.84360415112685E-16,5.02599079403486,-3.01083406645972));
#4560=CARTESIAN_POINT('',(-1.81259647004957E-16,5.00942898215004,-2.96019468031366));
#4561=CARTESIAN_POINT('',(-1.79727673696892E-16,5.00207367472409,-2.93517565753694));
#4562=CARTESIAN_POINT('',(-1.76704639445832E-16,4.98931117345187,-2.88580576160997));
#4563=CARTESIAN_POINT('',(-1.75209312646354E-16,4.98377302993337,-2.86138522173645));
#4564=CARTESIAN_POINT('',(-1.7225694538768E-16,4.97446709110742,-2.81316940537651));
#4565=CARTESIAN_POINT('',(-1.70795276215996E-16,4.97059367812182,-2.78929853627855));
#4566=CARTESIAN_POINT('',(-1.67908210241421E-16,4.96447560807494,-2.74214917081929));
#4567=CARTESIAN_POINT('',(-1.66477961665477E-16,4.96214683315396,-2.71879143899098));
#4568=CARTESIAN_POINT('',(-1.63652249929624E-16,4.95900428635751,-2.67264406428964));
#4569=CARTESIAN_POINT('',(-1.6225181414731E-16,4.95812490900029,-2.64977321232989));
#4570=CARTESIAN_POINT('',(-1.59484691807125E-16,4.95778898745924,-2.60458267507275));
#4571=CARTESIAN_POINT('',(-1.58112988049937E-16,4.95828300457835,-2.58218105269244));
#4572=CARTESIAN_POINT('',(-1.55402677824763E-16,4.96061879771393,-2.53791832768371));
#4573=CARTESIAN_POINT('',(-1.54059068218462E-16,4.96242545301818,-2.51597551760596));
#4574=CARTESIAN_POINT('',(-1.51404619203383E-16,4.96732505718811,-2.47262507538985));
#4575=CARTESIAN_POINT('',(-1.50088837238041E-16,4.97039574855871,-2.45113672517723));
#4576=CARTESIAN_POINT('',(-1.47489992262479E-16,4.97777312815582,-2.40869436583948));
#4577=CARTESIAN_POINT('',(-1.4620208581788E-16,4.98206926657657,-2.38766125742821));
#4578=CARTESIAN_POINT('',(-1.43659173201166E-16,4.99185652485997,-2.3461323428304));
#4579=CARTESIAN_POINT('',(-1.42399456318608E-16,4.99734790836489,-2.32555960490407));
#4580=CARTESIAN_POINT('',(-1.39913302208863E-16,5.00949262317145,-2.2849576270689));
#4581=CARTESIAN_POINT('',(-1.38682317847747E-16,5.01615633460832,-2.26485412682747));
#4582=CARTESIAN_POINT('',(-1.36254177767791E-16,5.03061977080173,-2.22519958999863));
#4583=CARTESIAN_POINT('',(-1.35054773064391E-16,5.0384263828725,-2.20561182470606));
#4584=CARTESIAN_POINT('',(-1.33868420808537E-16,5.04681749623686,-2.18623722205849));
#4585=CARTESIAN_POINT('',(-4.2650461326021E-16,7.44325443080076,-6.67817066855623));
#4586=CARTESIAN_POINT('',(-4.08920016667531E-16,7.44325443084216,-6.67817066851008));
#4587=CARTESIAN_POINT('',(-4.08552466472438E-16,7.44253364871819,-6.6721681182997));
#4588=CARTESIAN_POINT('',(-4.08184988824867E-16,7.44180443578986,-6.66616675288027));
#4589=CARTESIAN_POINT('',(-4.0429392607597E-16,7.43399148603843,-6.60262087578975));
#4590=CARTESIAN_POINT('',(-4.00774520098434E-16,7.42617599901154,-6.54514461438953));
#4591=CARTESIAN_POINT('',(-3.9379971188843E-16,7.40905137530572,-6.43123735206933));
#4592=CARTESIAN_POINT('',(-3.90341094563555E-16,7.3998061081787,-6.37475384470568));
#4593=CARTESIAN_POINT('',(-3.83490536775932E-16,7.37983897531414,-6.26287574577312));
#4594=CARTESIAN_POINT('',(-3.80095172399707E-16,7.36918269181492,-6.20742523745367));
#4595=CARTESIAN_POINT('',(-3.73373879067203E-16,7.34640972280734,-6.09765818727752));
#4596=CARTESIAN_POINT('',(-3.7004429061814E-16,7.33436061755663,-6.04328188136823));
#4597=CARTESIAN_POINT('',(-3.63457415440856E-16,7.30881714083986,-5.93571004625839));
#4598=CARTESIAN_POINT('',(-3.60196200713285E-16,7.29539269458982,-5.88245036796025));
#4599=CARTESIAN_POINT('',(-3.53749080046637E-16,7.26711219868905,-5.7771608972143));
#4600=CARTESIAN_POINT('',(-3.50558936411565E-16,7.25232886047822,-5.72506189793886));
#4601=CARTESIAN_POINT('',(-3.4425714480672E-16,7.22134235753045,-5.62214583088618));
#4602=CARTESIAN_POINT('',(-3.41140897190162E-16,7.20521524560891,-5.57125364517636));
#4603=CARTESIAN_POINT('',(-3.34990319477683E-16,7.17155045740369,-5.47080708839343));
#4604=CARTESIAN_POINT('',(-3.31950960147326E-16,7.1540928964992,-5.421170583689));
#4605=CARTESIAN_POINT('',(-3.25957888396838E-16,7.11777318683245,-5.3232962944709));
#4606=CARTESIAN_POINT('',(-3.2299862785429E-16,7.09899616124153,-5.27496790224209));
#4607=CARTESIAN_POINT('',(-3.17169892242274E-16,7.06003911264031,-5.17977742583576));
#4608=CARTESIAN_POINT('',(-3.14294228756306E-16,7.03995051031328,-5.13281427714717));
#4609=CARTESIAN_POINT('',(-3.08637380442058E-16,6.99836594026577,-5.04043093334247));
#4610=CARTESIAN_POINT('',(-3.05849196475576E-16,6.97696950259165,-4.99489643362511));
#4611=CARTESIAN_POINT('',(-3.00372772675622E-16,6.93275662439233,-4.90545964574852));
#4612=CARTESIAN_POINT('',(-2.97676473986085E-16,6.91005046955648,-4.86142574648198));
#4613=CARTESIAN_POINT('',(-2.92390394799104E-16,6.8631936461968,-4.77509752203945));
#4614=CARTESIAN_POINT('',(-2.89791112737694E-16,6.83916808845323,-4.73264802454811));
#4615=CARTESIAN_POINT('',(-2.84707309893244E-16,6.78963014758865,-4.64962322347094));
#4616=CARTESIAN_POINT('',(-2.82211213151653E-16,6.76426442543902,-4.60885887013528));
#4617=CARTESIAN_POINT('',(-2.77344698298647E-16,6.71197533849128,-4.52938265125497));
#4618=CARTESIAN_POINT('',(-2.74959482309811E-16,6.68523242563266,-4.49042911803221));
#4619=CARTESIAN_POINT('',(-2.70330345314985E-16,6.63006813176727,-4.41482957377097));
#4620=CARTESIAN_POINT('',(-2.68065983166281E-16,6.60188692367419,-4.37784973353818));
#4621=CARTESIAN_POINT('',(-2.63703750063651E-16,6.54362325209551,-4.30660906062469));
#4622=CARTESIAN_POINT('',(-2.61573054861309E-16,6.5139135544633,-4.27181216728653));
#4623=CARTESIAN_POINT('',(-2.57529280411284E-16,6.45209308401691,-4.20577231885285));
#4624=CARTESIAN_POINT('',(-2.55594001116874E-16,6.42023898889868,-4.17416680948056));
#4625=CARTESIAN_POINT('',(-2.53727981699007E-16,6.38717582006683,-4.14369239972966));
#4626=CARTESIAN_POINT('',(-4.49928547922459E-16,6.67817066311595,-7.44325443568184));
#4627=AXIS2_PLACEMENT_3D('',#4628,#4629,#4630);
#4628=CARTESIAN_POINT('',(0.,0.,0.));
#4629=DIRECTION('',(-1.,0.,6.12323399573677E-17));
#4630=DIRECTION('',(-4.08920016670357E-17,0.744325443080076,-0.667817066855623));
#4631=CARTESIAN_POINT('',(0.,4.1436924,-6.38717582));
#4632=CARTESIAN_POINT('',(-3.91101721177719E-16,4.1436924,-6.38717582));
#4633=CARTESIAN_POINT('',(-3.93126256180911E-16,4.17416681162013,-6.42023898571606));
#4634=CARTESIAN_POINT('',(-3.95076756852932E-16,4.20577232162013,-6.4520930790494));
#4635=CARTESIAN_POINT('',(-3.98862168935808E-16,4.27181217014603,-6.51391354982533));
#4636=CARTESIAN_POINT('',(-4.00681363539169E-16,4.30660906056102,-6.54362325232285));
#4637=CARTESIAN_POINT('',(-4.04248984442872E-16,4.37784973286288,-6.60188692322269));
#4638=CARTESIAN_POINT('',(-4.05974585413348E-16,4.41482957519339,-6.63006812569964));
#4639=CARTESIAN_POINT('',(-4.09352424222666E-16,4.49042912037427,-6.68523241979113));
#4640=CARTESIAN_POINT('',(-4.10989955697944E-16,4.52938265282111,-6.71197533826228));
#4641=CARTESIAN_POINT('',(-4.14191738870153E-16,4.60885887278017,-6.76426442560466));
#4642=CARTESIAN_POINT('',(-4.15744941051684E-16,4.6496232279623,-6.78963014219515));
#4643=CARTESIAN_POINT('',(-4.18778265083975E-16,4.73264802741523,-6.8391680830023));
#4644=CARTESIAN_POINT('',(-4.20249406507882E-16,4.77509752184058,-6.86319364571852));
#4645=CARTESIAN_POINT('',(-4.23118559667427E-16,4.86142574581388,-6.91005047270803));
#4646=CARTESIAN_POINT('',(-4.24508910691314E-16,4.90545964656551,-6.93275662806409));
#4647=CARTESIAN_POINT('',(-4.27216168763085E-16,4.99489643435048,-6.97696950762504));
#4648=CARTESIAN_POINT('',(-4.28526322760638E-16,5.04043093260763,-6.99836594614863));
#4649=CARTESIAN_POINT('',(-4.31072643274295E-16,5.13281427696547,-7.03995051592712));
#4650=CARTESIAN_POINT('',(-4.32302715330948E-16,5.17977742772519,-7.060039117106));
#4651=CARTESIAN_POINT('',(-4.3468814637374E-16,5.27496790306412,-7.09899616242638));
#4652=CARTESIAN_POINT('',(-4.35837907284617E-16,5.32329629323427,-7.11777318306084));
#4653=CARTESIAN_POINT('',(-4.38061848166708E-16,5.4211705800802,-7.15409289391364));
#4654=CARTESIAN_POINT('',(-4.39130815980121E-16,5.47080708371577,-7.17155046313534));
#4655=CARTESIAN_POINT('',(-4.41192189842746E-16,5.57125364049421,-7.2052152530823));
#4656=CARTESIAN_POINT('',(-4.42179690362042E-16,5.62214582655471,-7.22134236042432));
#4657=CARTESIAN_POINT('',(-4.44077066297816E-16,5.72506189601149,-7.25232886097444));
#4658=CARTESIAN_POINT('',(-4.44982284642868E-16,5.77716089831974,-7.2671121984344));
#4659=CARTESIAN_POINT('',(-4.46713965445572E-16,5.88245036812811,-7.29539269210668));
#4660=CARTESIAN_POINT('',(-4.47535975675168E-16,5.93571004217961,-7.30881713791699));
#4661=CARTESIAN_POINT('',(-4.49100062387802E-16,6.04328187681235,-7.33436061239017));
#4662=CARTESIAN_POINT('',(-4.49837857017073E-16,6.09765818701153,-7.34640971307429));
#4663=CARTESIAN_POINT('',(-4.5123229936517E-16,6.20742523838863,-7.36918268482531));
#4664=CARTESIAN_POINT('',(-4.51884809178533E-16,6.26287574306413,-7.37983897876763));
#4665=CARTESIAN_POINT('',(-4.53107443540592E-16,6.37475384114897,-7.39980611317586));
#4666=CARTESIAN_POINT('',(-4.53673552329524E-16,6.43123735117579,-7.40905137130786));
#4667=CARTESIAN_POINT('',(-4.54722133141023E-16,6.54514461596926,-7.42617599552162));
#4668=CARTESIAN_POINT('',(-4.55200694195058E-16,6.60262087754707,-7.43399149064019));
#4669=CARTESIAN_POINT('',(-4.55679099444063E-16,6.66616675299188,-7.44180444126951));
#4670=CARTESIAN_POINT('',(-4.5572375084069E-16,6.67216811563249,-7.44253365391527));
#4671=CARTESIAN_POINT('',(-4.55767885997379E-16,6.67817066306823,-7.44325443572306));
#4672=CARTESIAN_POINT('',(0.,2.18623722073206,-5.04681749168992));
#4673=CARTESIAN_POINT('',(-3.09028444250469E-16,2.18623722,-5.04681749));
#4674=CARTESIAN_POINT('',(-3.08514636949145E-16,2.20561182451878,-5.03842637998066));
#4675=CARTESIAN_POINT('',(-3.0803661995171E-16,2.22519959118544,-5.03061976998066));
#4676=CARTESIAN_POINT('',(-3.07150990029498E-16,2.26485412878287,-5.01615633574265));
#4677=CARTESIAN_POINT('',(-3.06742955268518E-16,2.28495762775823,-5.00949262239667));
#4678=CARTESIAN_POINT('',(-3.05999306019928E-16,2.32555960284044,-4.99734790852311));
#4679=CARTESIAN_POINT('',(-3.05663055834999E-16,2.34613233870678,-4.9918565262705));
#4680=CARTESIAN_POINT('',(-3.05063759150481E-16,2.38766125517772,-4.98206926867204));
#4681=CARTESIAN_POINT('',(-3.04800696593374E-16,2.4086943678553,-4.97777313108708));
#4682=CARTESIAN_POINT('',(-3.04348962390447E-16,2.45113673031323,-4.97039575169505));
#4683=CARTESIAN_POINT('',(-3.04160936664291E-16,2.47262507926737,-4.96732505855663));
#4684=CARTESIAN_POINT('',(-3.03860922526892E-16,2.51597552075555,-4.96242545586942));
#4685=CARTESIAN_POINT('',(-3.03750297167625E-16,2.53791833138352,-4.9606188066487));
#4686=CARTESIAN_POINT('',(-3.03607270900375E-16,2.58218105430702,-4.95828301044445));
#4687=CARTESIAN_POINT('',(-3.03577020324933E-16,2.60458267411235,-4.95778898105634));
#4688=CARTESIAN_POINT('',(-3.0359758941124E-16,2.64977321184571,-4.9581248997281));
#4689=CARTESIAN_POINT('',(-3.03651436252754E-16,2.6726440666384,-4.95900428538526));
#4690=CARTESIAN_POINT('',(-3.03843861878047E-16,2.71879144423939,-4.96214683432962));
#4691=CARTESIAN_POINT('',(-3.03986457980978E-16,2.74214917635365,-4.96447560541742));
#4692=CARTESIAN_POINT('',(-3.04361081765453E-16,2.78929853949237,-4.97059367610908));
#4693=CARTESIAN_POINT('',(-3.04598260200239E-16,2.81316940564836,-4.97446709389698));
#4694=CARTESIAN_POINT('',(-3.05168084538064E-16,2.86138522056266,-4.98377303154728));
#4695=CARTESIAN_POINT('',(-3.05507197518144E-16,2.8858057626986,-4.98931116679274));
#4696=CARTESIAN_POINT('',(-3.06288675442091E-16,2.93517565822403,-5.00207366981796));
#4697=CARTESIAN_POINT('',(-3.06739058832408E-16,2.96019467764222,-5.00942898876593));
#4698=CARTESIAN_POINT('',(-3.07753177500934E-16,3.01083406258335,-5.02599080347417));
#4699=CARTESIAN_POINT('',(-3.08326786376499E-16,3.03651497736556,-5.03535854731615));
#4700=CARTESIAN_POINT('',(-3.0960057205761E-16,3.08857254572804,-5.05616104615904));
#4701=CARTESIAN_POINT('',(-3.1031287500414E-16,3.11499609527587,-5.06779383607081));
#4702=CARTESIAN_POINT('',(-3.11881510627317E-16,3.16866022106253,-5.09341159989087));
#4703=CARTESIAN_POINT('',(-3.12752749116942E-16,3.1959274644525,-5.10764000419865));
#4704=CARTESIAN_POINT('',(-3.14662597276337E-16,3.25143334845485,-5.13883019161798));
#4705=CARTESIAN_POINT('',(-3.15719600513486E-16,3.27966871740439,-5.15609236448096));
#4706=CARTESIAN_POINT('',(-3.18032601352896E-16,3.3373057792693,-5.1938665348135));
#4707=CARTESIAN_POINT('',(-3.1931144794309E-16,3.36665961117823,-5.21475168457398));
#4708=CARTESIAN_POINT('',(-3.22111644664248E-16,3.42677765811747,-5.26048236746326));
#4709=CARTESIAN_POINT('',(-3.23661645661896E-16,3.45742679298234,-5.28579580475354));
#4710=CARTESIAN_POINT('',(-3.27065088657727E-16,3.52043751538586,-5.34137824694341));
#4711=CARTESIAN_POINT('',(-3.28954895810667E-16,3.55258088996946,-5.37224113988944));
#4712=CARTESIAN_POINT('',(-3.33125066253607E-16,3.61894680896454,-5.44034519153673));
#4713=CARTESIAN_POINT('',(-3.35452288891192E-16,3.65278918065518,-5.47835162145929));
#4714=CARTESIAN_POINT('',(-3.40624817532633E-16,3.72298206315385,-5.56282542476393));
#4715=CARTESIAN_POINT('',(-3.43531620324193E-16,3.75869047270654,-5.61029711690543));
#4716=CARTESIAN_POINT('',(-3.50055222092561E-16,3.83307770734186,-5.71683561882958));
#4717=CARTESIAN_POINT('',(-3.5375450088456E-16,3.87067498947047,-5.77724942621592));
#4718=CARTESIAN_POINT('',(-3.62161334920755E-16,3.9492351915909,-5.9145434450636));
#4719=CARTESIAN_POINT('',(-3.66982343301743E-16,3.98834488391773,-5.99327648685729));
#4720=CARTESIAN_POINT('',(-3.7811420524861E-16,4.06996734027789,-6.1750735887583));
#4721=CARTESIAN_POINT('',(-3.84527133526842E-16,4.10982114361122,-6.27980465542496));
#4722=CARTESIAN_POINT('',(-3.91101721177719E-16,4.1436924,-6.38717582));
#4723=CARTESIAN_POINT('',(0.,2.02273570947448,-5.11454203867121));
#4724=AXIS2_PLACEMENT_3D('',#4725,#4726,#4727);
#4725=CARTESIAN_POINT('',(0.,0.,0.));
#4726=DIRECTION('',(1.,3.08148791101958E-33,-6.12323399573677E-17));
#4727=DIRECTION('',(-5.69409775921452E-17,0.367770128899811,-0.929916734062258));
#4728=CARTESIAN_POINT('',(0.,1.58638234,-7.44644833));
#4729=CARTESIAN_POINT('',(-4.55963455617533E-16,1.58638234,-7.44644833));
#4730=CARTESIAN_POINT('',(-4.49847969046488E-16,1.53441005603369,-7.34657485504703));
#4731=CARTESIAN_POINT('',(-4.435877617761E-16,1.48853490270036,-7.24433791171369));
#4732=CARTESIAN_POINT('',(-4.32182273762129E-16,1.4177007320005,-7.05807215701754));
#4733=CARTESIAN_POINT('',(-4.27079942478349E-16,1.38968279252399,-6.97474476356282));
#4734=CARTESIAN_POINT('',(-4.1773392920405E-16,1.34815171453898,-6.82211278378212));
#4735=CARTESIAN_POINT('',(-4.13490264411572E-16,1.3320179982698,-6.75280847832142));
#4736=CARTESIAN_POINT('',(-4.05656577437809E-16,1.30928361788086,-6.62487466133489));
#4737=CARTESIAN_POINT('',(-4.02055061636754E-16,1.30096571712245,-6.56605744475354));
#4738=CARTESIAN_POINT('',(-3.95358333881196E-16,1.29086758065657,-6.45669158089435));
#4739=CARTESIAN_POINT('',(-3.92247438721969E-16,1.28792314976173,-6.40588680744632));
#4740=CARTESIAN_POINT('',(-3.86425184403333E-16,1.28669410229919,-6.3108021785935));
#4741=CARTESIAN_POINT('',(-3.83697151310496E-16,1.28759953391695,-6.26625001719093));
#4742=CARTESIAN_POINT('',(-3.78562327865165E-16,1.29285212196047,-6.18239198646883));
#4743=CARTESIAN_POINT('',(-3.7613927160065E-16,1.29662503422672,-6.14282047464678));
#4744=CARTESIAN_POINT('',(-3.71556254163744E-16,1.30679844009375,-6.0679741199248));
#4745=CARTESIAN_POINT('',(-3.69381016521779E-16,1.31278670575,-6.03244979334378));
#4746=CARTESIAN_POINT('',(-3.65249919624771E-16,1.32683189054366,-5.96498386112751));
#4747=CARTESIAN_POINT('',(-3.63279975942014E-16,1.33459110629612,-5.93281223933209));
#4748=CARTESIAN_POINT('',(-3.59526226739879E-16,1.35178489933615,-5.87150886264016));
#4749=CARTESIAN_POINT('',(-3.5772955666722E-16,1.36100475509063,-5.84216701364484));
#4750=CARTESIAN_POINT('',(-3.54296825159915E-16,1.38083652649822,-5.78610625376378));
#4751=CARTESIAN_POINT('',(-3.52649069148177E-16,1.39129516996702,-5.75919635594043));
#4752=CARTESIAN_POINT('',(-3.49494388142911E-16,1.41339583843605,-5.70767650536044));
#4753=CARTESIAN_POINT('',(-3.47976858042463E-16,1.42493098722207,-5.68289335806435));
#4754=CARTESIAN_POINT('',(-3.45067193821407E-16,1.44902747106859,-5.63537493523285));
#4755=CARTESIAN_POINT('',(-3.43665456456128E-16,1.46151760397406,-5.61248282681017));
#4756=CARTESIAN_POINT('',(-3.40975260173974E-16,1.48740294097601,-5.56854858741924));
#4757=CARTESIAN_POINT('',(-3.39678115007967E-16,1.50075481148369,-5.54736459923733));
#4758=CARTESIAN_POINT('',(-3.37187549394541E-16,1.52826824974312,-5.50669057607963));
#4759=CARTESIAN_POINT('',(-3.35986282939732E-16,1.54240858656665,-5.48707240607919));
#4760=CARTESIAN_POINT('',(-3.33679920020899E-16,1.57142209379361,-5.44940664121639));
#4761=CARTESIAN_POINT('',(-3.32567750716745E-16,1.58629181182406,-5.43124353810897));
#4762=CARTESIAN_POINT('',(-3.30433605415126E-16,1.61670081725937,-5.39639030037373));
#4763=CARTESIAN_POINT('',(-3.29405272669425E-16,1.63225113807911,-5.37959635216897));
#4764=CARTESIAN_POINT('',(-3.27434077033663E-16,1.66396814101947,-5.34740428442936));
#4765=CARTESIAN_POINT('',(-3.26485525860985E-16,1.68015780296912,-5.3319132681896));
#4766=CARTESIAN_POINT('',(-3.24670181832238E-16,1.7131079311422,-5.30226645034775));
#4767=CARTESIAN_POINT('',(-3.23798330573468E-16,1.72990133916337,-5.28802803876039));
#4768=CARTESIAN_POINT('',(-3.22133493769798E-16,1.76401927415551,-5.26083919043563));
#4769=CARTESIAN_POINT('',(-3.21336049609001E-16,1.78138513899844,-5.24781593897485));
#4770=CARTESIAN_POINT('',(-3.19817813030592E-16,1.81661301423623,-5.22302125401808));
#4771=CARTESIAN_POINT('',(-3.19093139004276E-16,1.8345234964335,-5.21118642904127));
#4772=CARTESIAN_POINT('',(-3.17718795028255E-16,1.87080951026234,-5.18874168861525));
#4773=CARTESIAN_POINT('',(-3.17065805518383E-16,1.88923962727205,-5.1780775606344));
#4774=CARTESIAN_POINT('',(-3.15833668555207E-16,1.92653717132418,-5.15795523697285));
#4775=CARTESIAN_POINT('',(-3.15251755229715E-16,1.94546444821536,-5.14845187117144));
#4776=CARTESIAN_POINT('',(-3.14161035921791E-16,1.98373163392347,-5.13063907308657));
#4777=CARTESIAN_POINT('',(-3.13650937872698E-16,2.00310238392347,-5.12230853975324));
#4778=CARTESIAN_POINT('',(-3.13175376919529E-16,2.02273571,-5.11454204));
#4779=CARTESIAN_POINT('',(-6.38780247074149E-16,0.540995916458822,-9.98535544777325));
#4780=CARTESIAN_POINT('',(-6.11426679372999E-16,0.540995916520729,-9.98535544776989));
#4781=CARTESIAN_POINT('',(-6.11135573855348E-16,0.54473069055128,-9.9806013338841));
#4782=CARTESIAN_POINT('',(-6.10844154601238E-16,0.548458665329191,-9.97584209629309));
#4783=CARTESIAN_POINT('',(-6.07754474187755E-16,0.587867796186043,-9.92538378593563));
#4784=CARTESIAN_POINT('',(-6.04927484939122E-16,0.622983266504402,-9.87921554786729));
#4785=CARTESIAN_POINT('',(-5.99254092175913E-16,0.691418926569755,-9.78656201270663));
#4786=CARTESIAN_POINT('',(-5.96408180658956E-16,0.724821406572391,-9.7400847505452));
#4787=CARTESIAN_POINT('',(-5.90699571810932E-16,0.789812273944476,-9.64685609307434));
#4788=CARTESIAN_POINT('',(-5.87837292974248E-16,0.821486574072862,-9.60011153229687));
#4789=CARTESIAN_POINT('',(-5.82098601358962E-16,0.883000678790255,-9.50639158595346));
#4790=CARTESIAN_POINT('',(-5.79222527004865E-16,0.91293052940457,-9.45942172727912));
#4791=CARTESIAN_POINT('',(-5.73458926482169E-16,0.970933337873914,-9.36529498760676));
#4792=CARTESIAN_POINT('',(-5.70571650406806E-16,0.999101100585266,-9.31814219094126));
#4793=CARTESIAN_POINT('',(-5.6478836432936E-16,1.05355466891052,-9.22369396176249));
#4794=CARTESIAN_POINT('',(-5.61892506069289E-16,1.07994082589376,-9.17640100738435));
#4795=CARTESIAN_POINT('',(-5.5609481899742E-16,1.13080270844014,-9.08171759211872));
#4796=CARTESIAN_POINT('',(-5.53193030663994E-16,1.15538532786428,-9.03432779229323));
#4797=CARTESIAN_POINT('',(-5.47386304093875E-16,1.2026071692852,-8.93949675081806));
#4798=CARTESIAN_POINT('',(-5.444812784713E-16,1.22536111865757,-8.89205408204863));
#4799=CARTESIAN_POINT('',(-5.3867097316906E-16,1.26888677927141,-8.7971645954426));
#4800=CARTESIAN_POINT('',(-5.357654560207E-16,1.28978275101439,-8.74971389944791));
#4801=CARTESIAN_POINT('',(-5.29957162935235E-16,1.32954578914475,-8.65485727483568));
#4802=CARTESIAN_POINT('',(-5.27053969441577E-16,1.34854896311833,-8.60744452700211));
#4803=CARTESIAN_POINT('',(-5.21253453124499E-16,1.38446912051799,-8.51271490665579));
#4804=CARTESIAN_POINT('',(-5.18355490595315E-16,1.40153730787347,-8.4653875869551));
#4805=CARTESIAN_POINT('',(-5.12568753707701E-16,1.43351544107804,-8.37088300176951));
#4806=CARTESIAN_POINT('',(-5.09679056005528E-16,1.44859643379239,-8.32369065693695));
#4807=CARTESIAN_POINT('',(-5.03912436068312E-16,1.47650692916101,-8.22951460648336));
#4808=CARTESIAN_POINT('',(-5.01034212234849E-16,1.48953462189283,-8.18250964414701));
#4809=CARTESIAN_POINT('',(-4.95294536774067E-16,1.5132134078298,-8.08877363038731));
#4810=CARTESIAN_POINT('',(-4.92431249805777E-16,1.52410188436243,-8.04201260557129));
#4811=CARTESIAN_POINT('',(-4.86726101576601E-16,1.54332608971297,-7.94884046429515));
#4812=CARTESIAN_POINT('',(-4.83881589808735E-16,1.55196030217495,-7.90238606177115));
#4813=CARTESIAN_POINT('',(-4.78219802930617E-16,1.56641020630509,-7.80992206509783));
#4814=CARTESIAN_POINT('',(-4.75398472709195E-16,1.57263177875625,-7.76384624595738));
#4815=CARTESIAN_POINT('',(-4.69791219138105E-16,1.58180790439956,-7.67227284577386));
#4816=CARTESIAN_POINT('',(-4.6699822548221E-16,1.58540509498045,-7.62665979786747));
#4817=CARTESIAN_POINT('',(-4.6146215460789E-16,1.58838864576767,-7.5362488993427));
#4818=CARTESIAN_POINT('',(-4.58714493166146E-16,1.588212869101,-7.49137618267604));
#4819=CARTESIAN_POINT('',(-4.55963455617533E-16,1.58638234,-7.44644833));
#4820=CARTESIAN_POINT('',(-6.38780247062043E-16,-0.540995923757133,-9.98535544737783));
#4821=AXIS2_PLACEMENT_3D('',#4822,#4823,#4824);
#4822=CARTESIAN_POINT('',(0.,0.,0.));
#4823=DIRECTION('',(-1.,0.,6.12323399573677E-17));
#4824=DIRECTION('',(-6.11426679373205E-17,0.0540995916458822,-0.998535544777325));
#4825=CARTESIAN_POINT('',(0.,-1.58638233976159,-7.44644833014391));
#4826=CARTESIAN_POINT('',(-4.55963455626345E-16,-1.58638233976159,-7.44644833014391));
#4827=CARTESIAN_POINT('',(-4.58714493120985E-16,-1.58821286533764,-7.4913761819385));
#4828=CARTESIAN_POINT('',(-4.61462154512625E-16,-1.58838864029833,-7.53624889778691));
#4829=CARTESIAN_POINT('',(-4.66998225405206E-16,-1.58540508967895,-7.62665979660991));
#4830=CARTESIAN_POINT('',(-4.69791219145192E-16,-1.58180790460533,-7.67227284588958));
#4831=CARTESIAN_POINT('',(-4.75398472660407E-16,-1.5726317789145,-7.76384624516061));
#4832=CARTESIAN_POINT('',(-4.7821980272949E-16,-1.56641020100883,-7.80992206181318));
#4833=CARTESIAN_POINT('',(-4.83881589657215E-16,-1.55196029638828,-7.90238605929665));
#4834=CARTESIAN_POINT('',(-4.86726101634496E-16,-1.54332608844361,-7.94884046524066));
#4835=CARTESIAN_POINT('',(-4.92431249927467E-16,-1.52410188260934,-8.04201260755863));
#4836=CARTESIAN_POINT('',(-4.95294536735006E-16,-1.51321340084015,-8.0887736297494));
#4837=CARTESIAN_POINT('',(-5.01034212122976E-16,-1.48953461601108,-8.18250964231998));
#4838=CARTESIAN_POINT('',(-5.03912436038993E-16,-1.47650692896344,-8.22951460600454));
#4839=CARTESIAN_POINT('',(-5.09679056113057E-16,-1.44859643649329,-8.32369065869302));
#4840=CARTESIAN_POINT('',(-5.12568753902054E-16,-1.43351544309667,-8.37088300494354));
#4841=CARTESIAN_POINT('',(-5.18355490844657E-16,-1.40153731091971,-8.46538759102716));
#4842=CARTESIAN_POINT('',(-5.21253453347397E-16,-1.38446912519742,-8.512714910296));
#4843=CARTESIAN_POINT('',(-5.27053969676776E-16,-1.34854896721639,-8.60744453084321));
#4844=CARTESIAN_POINT('',(-5.29957163210398E-16,-1.32954579096644,-8.65485727932943));
#4845=CARTESIAN_POINT('',(-5.35765456107593E-16,-1.28978275127095,-8.74971390086699));
#4846=CARTESIAN_POINT('',(-5.38670972952215E-16,-1.26888677747892,-8.79716459190125));
#4847=CARTESIAN_POINT('',(-5.44481278203098E-16,-1.22536111938111,-8.89205407766855));
#4848=CARTESIAN_POINT('',(-5.47386304139511E-16,-1.2026071766457,-8.93949675156335));
#4849=CARTESIAN_POINT('',(-5.53193030784848E-16,-1.15538533645954,-9.03432779426693));
#4850=CARTESIAN_POINT('',(-5.56094818935175E-16,-1.13080271354922,-9.08171759110219));
#4851=CARTESIAN_POINT('',(-5.61892506007324E-16,-1.0799408276075,-9.17640100637237));
#4852=CARTESIAN_POINT('',(-5.64788364366198E-16,-1.05355466794879,-9.2236939623641));
#4853=CARTESIAN_POINT('',(-5.70571650306559E-16,-0.999101098710725,-9.3181421893041));
#4854=CARTESIAN_POINT('',(-5.73458926179013E-16,-0.970933338691272,-9.36529498265585));
#4855=CARTESIAN_POINT('',(-5.79222526583909E-16,-0.912930528972825,-9.45942172040439));
#4856=CARTESIAN_POINT('',(-5.82098600926025E-16,-0.883000672096024,-9.50639157888307));
#4857=CARTESIAN_POINT('',(-5.87837292712094E-16,-0.821486568469343,-9.60011152801558));
#4858=CARTESIAN_POINT('',(-5.90699571843167E-16,-0.789812278302017,-9.64685609360078));
#4859=CARTESIAN_POINT('',(-5.96408180721324E-16,-0.724821412620893,-9.74008475156375));
#4860=CARTESIAN_POINT('',(-5.99254091964126E-16,-0.691418924374665,-9.78656200924789));
#4861=CARTESIAN_POINT('',(-6.04927484856415E-16,-0.622983262919614,-9.87921554651659));
#4862=CARTESIAN_POINT('',(-6.0775447446309E-16,-0.58786779819736,-9.92538379043218));
#4863=CARTESIAN_POINT('',(-6.10844154828038E-16,-0.548458669319982,-9.97584209999701));
#4864=CARTESIAN_POINT('',(-6.11135573934341E-16,-0.544730696502928,-9.98060133517414));
#4865=CARTESIAN_POINT('',(-6.11426679302943E-16,-0.540995924407205,-9.98535544662579));
#4866=CARTESIAN_POINT('',(0.,-2.02273570772276,-5.1145420358469));
#4867=CARTESIAN_POINT('',(-3.13175376560358E-16,-2.02273570704544,-5.1145420341343));
#4868=CARTESIAN_POINT('',(-3.13650937739379E-16,-2.00310238201105,-5.12230853757597));
#4869=CARTESIAN_POINT('',(-3.14161035937627E-16,-1.98373163250367,-5.13063907334519));
#4870=CARTESIAN_POINT('',(-3.15251755363494E-16,-1.94546444763478,-5.14845187335621));
#4871=CARTESIAN_POINT('',(-3.15833668551507E-16,-1.92653717028889,-5.15795523691244));
#4872=CARTESIAN_POINT('',(-3.17065805435883E-16,-1.88923962884314,-5.17807755928707));
#4873=CARTESIAN_POINT('',(-3.17718794910785E-16,-1.87080951417557,-5.18874168669681));
#4874=CARTESIAN_POINT('',(-3.19093138997564E-16,-1.83452349950656,-5.21118642893165));
#4875=CARTESIAN_POINT('',(-3.19817813244789E-16,-1.81661301488354,-5.22302125751619));
#4876=CARTESIAN_POINT('',(-3.21336049967175E-16,-1.78138513758447,-5.24781594482428));
#4877=CARTESIAN_POINT('',(-3.22133493996939E-16,-1.76401927238138,-5.26083919414514));
#4878=CARTESIAN_POINT('',(-3.23798330833291E-16,-1.72990133895241,-5.28802804300362));
#4879=CARTESIAN_POINT('',(-3.24670182379288E-16,-1.71310793484388,-5.30226645928175));
#4880=CARTESIAN_POINT('',(-3.26485526184882E-16,-1.6801578059754,-5.33191327347924));
#4881=CARTESIAN_POINT('',(-3.27434076714848E-16,-1.66396813717105,-5.34740427922272));
#4882=CARTESIAN_POINT('',(-3.29405272246996E-16,-1.63225113186505,-5.37959634527017));
#4883=CARTESIAN_POINT('',(-3.30433605474726E-16,-1.61670081491106,-5.39639030134708));
#4884=CARTESIAN_POINT('',(-3.32567750994893E-16,-1.58629180894419,-5.43124354265147));
#4885=CARTESIAN_POINT('',(-3.3367992014546E-16,-1.57142208800108,-5.44940664325062));
#4886=CARTESIAN_POINT('',(-3.35986282991737E-16,-1.54240858287091,-5.48707240692848));
#4887=CARTESIAN_POINT('',(-3.37187549527093E-16,-1.5282682515234,-5.50669057824438));
#4888=CARTESIAN_POINT('',(-3.39678115027023E-16,-1.5007548134549,-5.54736459954855));
#4889=CARTESIAN_POINT('',(-3.40975259932785E-16,-1.48740293549752,-5.56854858348031));
#4890=CARTESIAN_POINT('',(-3.43665456273453E-16,-1.46151760001906,-5.61248282382686));
#4891=CARTESIAN_POINT('',(-3.45067193992193E-16,-1.44902747763572,-5.635374938022));
#4892=CARTESIAN_POINT('',(-3.47976858283326E-16,-1.42493099663768,-5.68289336199794));
#4893=CARTESIAN_POINT('',(-3.49494388193253E-16,-1.41339584284319,-5.70767650618259));
#4894=CARTESIAN_POINT('',(-3.52649069015964E-16,-1.39129517123943,-5.75919635378122));
#4895=CARTESIAN_POINT('',(-3.54296824897624E-16,-1.38083652480187,-5.78610624948025));
#4896=CARTESIAN_POINT('',(-3.5772955652036E-16,-1.36100475206768,-5.84216701124643));
#4897=CARTESIAN_POINT('',(-3.59526226891924E-16,-1.35178490053386,-5.87150886512324));
#4898=CARTESIAN_POINT('',(-3.63279976296896E-16,-1.33459110659073,-5.93281224512775));
#4899=CARTESIAN_POINT('',(-3.65249919890715E-16,-1.32683188522664,-5.9649838654707));
#4900=CARTESIAN_POINT('',(-3.69381016608428E-16,-1.31278669993013,-6.03244979475888));
#4901=CARTESIAN_POINT('',(-3.71556254130215E-16,-1.30679843735524,-6.06797411937723));
#4902=CARTESIAN_POINT('',(-3.76139271562207E-16,-1.29662503467211,-6.14282047401895));
#4903=CARTESIAN_POINT('',(-3.7856232797622E-16,-1.29285212673476,-6.1823919882825));
#4904=CARTESIAN_POINT('',(-3.83697151431609E-16,-1.28759953942313,-6.26625001916886));
#4905=CARTESIAN_POINT('',(-3.86425184379013E-16,-1.28669410217403,-6.31080217819631));
#4906=CARTESIAN_POINT('',(-3.92247438651991E-16,-1.287923147559,-6.40588680630349));
#4907=CARTESIAN_POINT('',(-3.95358333896503E-16,-1.29086758137205,-6.45669158114432));
#4908=CARTESIAN_POINT('',(-4.02055061559965E-16,-1.30096571731554,-6.56605744349948));
#4909=CARTESIAN_POINT('',(-4.05656577200983E-16,-1.3092836142031,-6.62487465746723));
#4910=CARTESIAN_POINT('',(-4.1349026406611E-16,-1.33201799332677,-6.7528084726796));
#4911=CARTESIAN_POINT('',(-4.17733928893295E-16,-1.34815171305963,-6.8221127787071));
#4912=CARTESIAN_POINT('',(-4.27079942388862E-16,-1.38968279315244,-6.97474476210139));
#4913=CARTESIAN_POINT('',(-4.32182273853613E-16,-1.41770073225377,-7.05807215851158));
#4914=CARTESIAN_POINT('',(-4.4358776194397E-16,-1.48853490341867,-7.24433791445522));
#4915=CARTESIAN_POINT('',(-4.49847969134796E-16,-1.53441005626649,-7.34657485648919));
#4916=CARTESIAN_POINT('',(-4.55963455626345E-16,-1.58638233976159,-7.44644833014391));
#4917=CARTESIAN_POINT('',(0.,-2.18623722149049,-5.04681749492567));
#4918=AXIS2_PLACEMENT_3D('',#4919,#4920,#4921);
#4919=CARTESIAN_POINT('',(0.,0.,0.));
#4920=DIRECTION('',(1.,0.,-6.12323399573677E-17));
#4921=DIRECTION('',(-5.61869899039621E-17,-0.397497676531363,-0.917603180657177));
#4922=CARTESIAN_POINT('',(0.,-4.14369239972966,-6.38717582006683));
#4923=CARTESIAN_POINT('',(-3.91101721181811E-16,-4.14369239972966,-6.38717582006683));
#4924=CARTESIAN_POINT('',(-3.84527133454319E-16,-4.10982114275608,-6.27980465424058));
#4925=CARTESIAN_POINT('',(-3.78114205098807E-16,-4.06996733884726,-6.17507358631183));
#4926=CARTESIAN_POINT('',(-3.66982343226089E-16,-3.98834488304038,-5.99327648562175));
#4927=CARTESIAN_POINT('',(-3.62161334956821E-16,-3.94923519306867,-5.9145434456526));
#4928=CARTESIAN_POINT('',(-3.5375450116835E-16,-3.87067499201299,-5.77724943085055));
#4929=CARTESIAN_POINT('',(-3.50055222550862E-16,-3.83307770783598,-5.7168356263142));
#4930=CARTESIAN_POINT('',(-3.43531620650893E-16,-3.75869047284082,-5.61029712224085));
#4931=CARTESIAN_POINT('',(-3.40624817578571E-16,-3.72298206417714,-5.56282542551415));
#4932=CARTESIAN_POINT('',(-3.3545228884939E-16,-3.65278918098435,-5.47835162077661));
#4933=CARTESIAN_POINT('',(-3.33125066398463E-16,-3.61894680821507,-5.44034519390239));
#4934=CARTESIAN_POINT('',(-3.28954895833283E-16,-3.55258089016181,-5.37224114025879));
#4935=CARTESIAN_POINT('',(-3.27065088333682E-16,-3.52043751788071,-5.34137824165134));
#4936=CARTESIAN_POINT('',(-3.23661645376652E-16,-3.45742679507582,-5.28579580009515));
#4937=CARTESIAN_POINT('',(-3.22111644672147E-16,-3.42677765887635,-5.26048236759226));
#4938=CARTESIAN_POINT('',(-3.1931144808537E-16,-3.36665960962901,-5.21475168689759));
#4939=CARTESIAN_POINT('',(-3.18032601543612E-16,-3.3373057741534,-5.19386653792815));
#4940=CARTESIAN_POINT('',(-3.15719600555651E-16,-3.27966871057359,-5.15609236516957));
#4941=CARTESIAN_POINT('',(-3.14662597012642E-16,-3.25143334456503,-5.13883018731151));
#4942=CARTESIAN_POINT('',(-3.12752748957572E-16,-3.1959274635436,-5.10764000159593));
#4943=CARTESIAN_POINT('',(-3.11881510862051E-16,-3.16866022062091,-5.09341160372435));
#4944=CARTESIAN_POINT('',(-3.10312875263056E-16,-3.11499609710529,-5.06779384029923));
#4945=CARTESIAN_POINT('',(-3.09600572096007E-16,-3.08857254815456,-5.0561610467861));
#4946=CARTESIAN_POINT('',(-3.08326786150082E-16,-3.03651497990053,-5.03535854361848));
#4947=CARTESIAN_POINT('',(-3.07753176922943E-16,-3.01083406645972,-5.02599079403486));
#4948=CARTESIAN_POINT('',(-3.06739058427302E-16,-2.96019468031366,-5.00942898215004));
#4949=CARTESIAN_POINT('',(-3.06288675742505E-16,-2.93517565753694,-5.00207367472409));
#4950=CARTESIAN_POINT('',(-3.05507197925898E-16,-2.88580576160997,-4.98931117345187));
#4951=CARTESIAN_POINT('',(-3.0516808443924E-16,-2.86138522173645,-4.98377302993337));
#4952=CARTESIAN_POINT('',(-3.04598260029427E-16,-2.81316940537651,-4.97446709110742));
#4953=CARTESIAN_POINT('',(-3.04361081888698E-16,-2.78929853627855,-4.97059367812182));
#4954=CARTESIAN_POINT('',(-3.03986458143704E-16,-2.74214917081929,-4.96447560807494));
#4955=CARTESIAN_POINT('',(-3.03843861806058E-16,-2.71879143899098,-4.96214683315396));
#4956=CARTESIAN_POINT('',(-3.03651436312286E-16,-2.67264406428964,-4.95900428635751));
#4957=CARTESIAN_POINT('',(-3.03597589978999E-16,-2.64977321232989,-4.95812490900029));
#4958=CARTESIAN_POINT('',(-3.03577020716998E-16,-2.60458267507275,-4.95778898745924));
#4959=CARTESIAN_POINT('',(-3.0360727054118E-16,-2.58218105269244,-4.95828300457835));
#4960=CARTESIAN_POINT('',(-3.03750296620528E-16,-2.53791832768371,-4.96061879771393));
#4961=CARTESIAN_POINT('',(-3.03860922352303E-16,-2.51597551760596,-4.96242545301818));
#4962=CARTESIAN_POINT('',(-3.04160936580493E-16,-2.47262507538985,-4.96732505718811));
#4963=CARTESIAN_POINT('',(-3.04348962198402E-16,-2.45113672517723,-4.97039574855871));
#4964=CARTESIAN_POINT('',(-3.04800696413886E-16,-2.40869436583948,-4.97777312815582));
#4965=CARTESIAN_POINT('',(-3.0506375902217E-16,-2.38766125742821,-4.98206926657657));
#4966=CARTESIAN_POINT('',(-3.0566305574863E-16,-2.3461323428304,-4.99185652485997));
#4967=CARTESIAN_POINT('',(-3.05999306010239E-16,-2.32555960490407,-4.99734790836489));
#4968=CARTESIAN_POINT('',(-3.06742955315959E-16,-2.2849576270689,-5.00949262317145));
#4969=CARTESIAN_POINT('',(-3.0715098996004E-16,-2.26485412682747,-5.01615633460832));
#4970=CARTESIAN_POINT('',(-3.08036620001987E-16,-2.22519958999863,-5.03061977080173));
#4971=CARTESIAN_POINT('',(-3.08514637126219E-16,-2.20561182470606,-5.0384263828725));
#4972=CARTESIAN_POINT('',(-3.09028444632367E-16,-2.18623722205849,-5.04681749623686));
#4973=CARTESIAN_POINT('',(-4.49928547773019E-16,-6.67817066855624,-7.44325443080076));
#4974=CARTESIAN_POINT('',(-4.55767885698511E-16,-6.67817066851009,-7.44325443084216));
#4975=CARTESIAN_POINT('',(-4.5572375052246E-16,-6.67216811829971,-7.44253364871819));
#4976=CARTESIAN_POINT('',(-4.55679099108531E-16,-6.66616675288027,-7.44180443578986));
#4977=CARTESIAN_POINT('',(-4.55200693913282E-16,-6.60262087578975,-7.43399148603843));
#4978=CARTESIAN_POINT('',(-4.54722133354719E-16,-6.54514461438953,-7.42617599901154));
#4979=CARTESIAN_POINT('',(-4.53673552574323E-16,-6.43123735206933,-7.40905137530572));
#4980=CARTESIAN_POINT('',(-4.53107443234604E-16,-6.37475384470568,-7.3998061081787));
#4981=CARTESIAN_POINT('',(-4.51884808967067E-16,-6.26287574577312,-7.37983897531414));
#4982=CARTESIAN_POINT('',(-4.51232299793161E-16,-6.20742523745367,-7.36918269181492));
#4983=CARTESIAN_POINT('',(-4.4983785761305E-16,-6.09765818727752,-7.34640972280734));
#4984=CARTESIAN_POINT('',(-4.49100062704156E-16,-6.04328188136823,-7.33436061755663));
#4985=CARTESIAN_POINT('',(-4.47535975854142E-16,-5.93571004625839,-7.30881714083986));
#4986=CARTESIAN_POINT('',(-4.46713965597621E-16,-5.88245036796025,-7.29539269458982));
#4987=CARTESIAN_POINT('',(-4.44982284658461E-16,-5.7771608972143,-7.26711219868905));
#4988=CARTESIAN_POINT('',(-4.44077066267431E-16,-5.72506189793886,-7.25232886047822));
#4989=CARTESIAN_POINT('',(-4.42179690184843E-16,-5.62214583088618,-7.22134235753045));
#4990=CARTESIAN_POINT('',(-4.41192189385133E-16,-5.57125364517636,-7.20521524560891));
#4991=CARTESIAN_POINT('',(-4.39130815629158E-16,-5.47080708839343,-7.17155045740369));
#4992=CARTESIAN_POINT('',(-4.38061848325028E-16,-5.421170583689,-7.1540928964992));
#4993=CARTESIAN_POINT('',(-4.35837907515561E-16,-5.3232962944709,-7.11777318683245));
#4994=CARTESIAN_POINT('',(-4.34688146301189E-16,-5.27496790224209,-7.09899616124153));
#4995=CARTESIAN_POINT('',(-4.32302715057504E-16,-5.17977742583576,-7.06003911264031));
#4996=CARTESIAN_POINT('',(-4.31072642930547E-16,-5.13281427714717,-7.03995051031328));
#4997=CARTESIAN_POINT('',(-4.28526322400417E-16,-5.04043093334247,-6.99836594026577));
#4998=CARTESIAN_POINT('',(-4.27216168454878E-16,-4.99489643362511,-6.97696950259165));
#4999=CARTESIAN_POINT('',(-4.24508910466484E-16,-4.90545964574852,-6.93275662439233));
#5000=CARTESIAN_POINT('',(-4.2311855947445E-16,-4.86142574648198,-6.91005046955648));
#5001=CARTESIAN_POINT('',(-4.20249406537168E-16,-4.77509752203945,-6.8631936461968));
#5002=CARTESIAN_POINT('',(-4.18778265417749E-16,-4.73264802454811,-6.83916808845323));
#5003=CARTESIAN_POINT('',(-4.15744941381941E-16,-4.64962322347094,-6.78963014758865));
#5004=CARTESIAN_POINT('',(-4.1419173886001E-16,-4.60885887013528,-6.76426442543902));
#5005=CARTESIAN_POINT('',(-4.10989955711966E-16,-4.52938265125497,-6.71197533849128));
#5006=CARTESIAN_POINT('',(-4.09352424580357E-16,-4.49042911803221,-6.68523242563266));
#5007=CARTESIAN_POINT('',(-4.05974585784883E-16,-4.41482957377097,-6.63006813176727));
#5008=CARTESIAN_POINT('',(-4.04248984470518E-16,-4.37784973353818,-6.60188692367419));
#5009=CARTESIAN_POINT('',(-4.00681363525248E-16,-4.30660906062469,-6.54362325209551));
#5010=CARTESIAN_POINT('',(-3.98862169219802E-16,-4.27181216728653,-6.5139135544633));
#5011=CARTESIAN_POINT('',(-3.95076757157105E-16,-4.20577231885285,-6.45209308401691));
#5012=CARTESIAN_POINT('',(-3.9312625637579E-16,-4.17416680948056,-6.42023898889868));
#5013=CARTESIAN_POINT('',(-3.91101721181811E-16,-4.14369239972966,-6.38717582006683));
#5014=CARTESIAN_POINT('',(-4.26504613093649E-16,-7.44325443568185,-6.67817066311595));
#5015=AXIS2_PLACEMENT_3D('',#5016,#5017,#5018);
#5016=CARTESIAN_POINT('',(0.,0.,0.));
#5017=DIRECTION('',(-1.,0.,6.12323399573677E-17));
#5018=DIRECTION('',(-4.55767885695975E-17,-0.667817066855624,-0.744325443080076));
#5019=CARTESIAN_POINT('',(0.,-6.38717582,-4.1436924));
#5020=CARTESIAN_POINT('',(-2.53727981715561E-16,-6.38717582,-4.1436924));
#5021=CARTESIAN_POINT('',(-2.55594001247885E-16,-6.42023898571606,-4.17416681162013));
#5022=CARTESIAN_POINT('',(-2.57529280580731E-16,-6.4520930790494,-4.20577232162013));
#5023=CARTESIAN_POINT('',(-2.61573055036402E-16,-6.51391354982533,-4.27181217014603));
#5024=CARTESIAN_POINT('',(-2.63703750059752E-16,-6.54362325232285,-4.30660906056102));
#5025=CARTESIAN_POINT('',(-2.68065983124931E-16,-6.60188692322269,-4.37784973286288));
#5026=CARTESIAN_POINT('',(-2.70330345402083E-16,-6.63006812569964,-4.41482957519339));
#5027=CARTESIAN_POINT('',(-2.7495948245322E-16,-6.68523241979113,-4.49042912037427));
#5028=CARTESIAN_POINT('',(-2.77344698394546E-16,-6.71197533826228,-4.52938265282111));
#5029=CARTESIAN_POINT('',(-2.82211213313605E-16,-6.76426442560466,-4.60885887278017));
#5030=CARTESIAN_POINT('',(-2.84707310168261E-16,-6.78963014219515,-4.6496232279623));
#5031=CARTESIAN_POINT('',(-2.89791112913255E-16,-6.8391680830023,-4.73264802741523));
#5032=CARTESIAN_POINT('',(-2.92390394786926E-16,-6.86319364571852,-4.77509752184058));
#5033=CARTESIAN_POINT('',(-2.97676473945175E-16,-6.91005047270803,-4.86142574581388));
#5034=CARTESIAN_POINT('',(-3.00372772725648E-16,-6.93275662806409,-4.90545964656551));
#5035=CARTESIAN_POINT('',(-3.05849196519992E-16,-6.97696950762504,-4.99489643435048));
#5036=CARTESIAN_POINT('',(-3.08637380397062E-16,-6.99836594614863,-5.04043093260763));
#5037=CARTESIAN_POINT('',(-3.1429422874518E-16,-7.03995051592712,-5.13281427696547));
#5038=CARTESIAN_POINT('',(-3.17169892357968E-16,-7.060039117106,-5.17977742772519));
#5039=CARTESIAN_POINT('',(-3.22998627904625E-16,-7.09899616242638,-5.27496790306412));
#5040=CARTESIAN_POINT('',(-3.25957888321116E-16,-7.11777318306084,-5.32329629323427));
#5041=CARTESIAN_POINT('',(-3.31950959926351E-16,-7.15409289391364,-5.4211705800802));
#5042=CARTESIAN_POINT('',(-3.34990319191259E-16,-7.17155046313534,-5.47080708371577));
#5043=CARTESIAN_POINT('',(-3.41140896903464E-16,-7.2052152530823,-5.57125364049421));
#5044=CARTESIAN_POINT('',(-3.44257144541494E-16,-7.22134236042432,-5.62214582655471));
#5045=CARTESIAN_POINT('',(-3.50558936293547E-16,-7.25232886097444,-5.72506189601149));
#5046=CARTESIAN_POINT('',(-3.53749080114326E-16,-7.2671121984344,-5.77716089831974));
#5047=CARTESIAN_POINT('',(-3.60196200723563E-16,-7.29539269210668,-5.88245036812811));
#5048=CARTESIAN_POINT('',(-3.63457415191103E-16,-7.30881713791699,-5.93571004217961));
#5049=CARTESIAN_POINT('',(-3.70044290339173E-16,-7.33436061239017,-6.04328187681235));
#5050=CARTESIAN_POINT('',(-3.73373879050916E-16,-7.34640971307429,-6.09765818701153));
#5051=CARTESIAN_POINT('',(-3.80095172456956E-16,-7.36918268482531,-6.20742523838863));
#5052=CARTESIAN_POINT('',(-3.83490536610054E-16,-7.37983897876763,-6.26287574306413));
#5053=CARTESIAN_POINT('',(-3.90341094345769E-16,-7.39980611317586,-6.37475384114897));
#5054=CARTESIAN_POINT('',(-3.93799711833717E-16,-7.40905137130786,-6.43123735117579));
#5055=CARTESIAN_POINT('',(-4.00774520195165E-16,-7.42617599552162,-6.54514461596926));
#5056=CARTESIAN_POINT('',(-4.04293926183576E-16,-7.43399149064019,-6.60262087754707));
#5057=CARTESIAN_POINT('',(-4.081849888317E-16,-7.44180444126951,-6.66616675299188));
#5058=CARTESIAN_POINT('',(-4.08552466309118E-16,-7.44253365391527,-6.67216811563249));
#5059=CARTESIAN_POINT('',(-4.08920016334314E-16,-7.44325443572306,-6.67817066306823));
#5060=CARTESIAN_POINT('',(0.,-5.04681749168992,-2.18623722073206));
#5061=CARTESIAN_POINT('',(-1.3386842068249E-16,-5.04681749,-2.18623722));
#5062=CARTESIAN_POINT('',(-1.35054773052924E-16,-5.03842637998066,-2.20561182451878));
#5063=CARTESIAN_POINT('',(-1.36254177840463E-16,-5.03061976998066,-2.22519959118544));
#5064=CARTESIAN_POINT('',(-1.3868231796748E-16,-5.01615633574265,-2.26485412878287));
#5065=CARTESIAN_POINT('',(-1.39913302251072E-16,-5.00949262239667,-2.28495762775823));
#5066=CARTESIAN_POINT('',(-1.42399456192246E-16,-4.99734790852311,-2.32555960284044));
#5067=CARTESIAN_POINT('',(-1.43659172948668E-16,-4.9918565262705,-2.34613233870678));
#5068=CARTESIAN_POINT('',(-1.46202085680077E-16,-4.98206926867204,-2.38766125517772));
#5069=CARTESIAN_POINT('',(-1.47489992385912E-16,-4.97777313108708,-2.4086943678553));
#5070=CARTESIAN_POINT('',(-1.5008883755253E-16,-4.97039575169505,-2.45113673031323));
#5071=CARTESIAN_POINT('',(-1.51404619440813E-16,-4.96732505855663,-2.47262507926737));
#5072=CARTESIAN_POINT('',(-1.54059068411319E-16,-4.96242545586942,-2.51597552075555));
#5073=CARTESIAN_POINT('',(-1.55402678051311E-16,-4.9606188066487,-2.53791833138352));
#5074=CARTESIAN_POINT('',(-1.58112988148801E-16,-4.95828301044445,-2.58218105430702));
#5075=CARTESIAN_POINT('',(-1.59484691748317E-16,-4.95778898105634,-2.60458267411235));
#5076=CARTESIAN_POINT('',(-1.62251814117663E-16,-4.9581248997281,-2.64977321184571));
#5077=CARTESIAN_POINT('',(-1.63652250073444E-16,-4.95900428538526,-2.6726440666384));
#5078=CARTESIAN_POINT('',(-1.66477961986849E-16,-4.96214683432962,-2.71879144423939));
#5079=CARTESIAN_POINT('',(-1.67908210580303E-16,-4.96447560541742,-2.74214917635365));
#5080=CARTESIAN_POINT('',(-1.70795276412786E-16,-4.97059367610908,-2.78929853949237));
#5081=CARTESIAN_POINT('',(-1.72256945404327E-16,-4.97446709389698,-2.81316940564836));
#5082=CARTESIAN_POINT('',(-1.7520931257448E-16,-4.98377303154728,-2.86138522056266));
#5083=CARTESIAN_POINT('',(-1.76704639512491E-16,-4.98931116679274,-2.8858057626986));
#5084=CARTESIAN_POINT('',(-1.79727673738964E-16,-5.00207366981796,-2.93517565822403));
#5085=CARTESIAN_POINT('',(-1.81259646841379E-16,-5.00942898876593,-2.96019467764222));
#5086=CARTESIAN_POINT('',(-1.84360414875326E-16,-5.02599080347417,-3.01083406258335));
#5087=CARTESIAN_POINT('',(-1.85932917379686E-16,-5.03535854731615,-3.03651497736556));
#5088=CARTESIAN_POINT('',(-1.89120524103012E-16,-5.05616104615904,-3.08857254572804));
#5089=CARTESIAN_POINT('',(-1.90738499871805E-16,-5.06779383607081,-3.11499609527587));
#5090=CARTESIAN_POINT('',(-1.94024479865488E-16,-5.09341159989087,-3.16866022106253));
#5091=CARTESIAN_POINT('',(-1.95694116982444E-16,-5.10764000419865,-3.1959274644525));
#5092=CARTESIAN_POINT('',(-1.9909287214131E-16,-5.13883019161798,-3.25143334845485));
#5093=CARTESIAN_POINT('',(-2.0082178985165E-16,-5.15609236448096,-3.27966871740439));
#5094=CARTESIAN_POINT('',(-2.04351042017905E-16,-5.1938665348135,-3.3373057792693));
#5095=CARTESIAN_POINT('',(-2.06148445832405E-16,-5.21475168457398,-3.36665961117823));
#5096=CARTESIAN_POINT('',(-2.09829614520161E-16,-5.26048236746326,-3.42677765811747));
#5097=CARTESIAN_POINT('',(-2.11706332765606E-16,-5.28579580475354,-3.45742679298234));
#5098=CARTESIAN_POINT('',(-2.15564626740778E-16,-5.34137824694341,-3.52043751538586));
#5099=CARTESIAN_POINT('',(-2.17532840780658E-16,-5.37224113988944,-3.55258088996946));
#5100=CARTESIAN_POINT('',(-2.21596581294147E-16,-5.44034519153673,-3.61894680896454));
#5101=CARTESIAN_POINT('',(-2.23668828902473E-16,-5.47835162145929,-3.65278918065518));
#5102=CARTESIAN_POINT('',(-2.27966903346219E-16,-5.56282542476393,-3.72298206315385));
#5103=CARTESIAN_POINT('',(-2.30153412819286E-16,-5.61029711690543,-3.75869047270654));
#5104=CARTESIAN_POINT('',(-2.34708317258964E-16,-5.71683561882958,-3.83307770734186));
#5105=CARTESIAN_POINT('',(-2.37010486819736E-16,-5.77724942621592,-3.87067498947047));
#5106=CARTESIAN_POINT('',(-2.41820911823094E-16,-5.9145434450636,-3.9492351915909));
#5107=CARTESIAN_POINT('',(-2.44215689799279E-16,-5.99327648685729,-3.98834488391773));
#5108=CARTESIAN_POINT('',(-2.49213623795279E-16,-6.1750735887583,-4.06996734027789));
#5109=CARTESIAN_POINT('',(-2.5165396542958E-16,-6.27980465542496,-4.10982114361122));
#5110=CARTESIAN_POINT('',(-2.53727981715561E-16,-6.38717582,-4.1436924));
#5111=CARTESIAN_POINT('',(0.,-5.11454203867121,-2.02273570947448));
#5112=AXIS2_PLACEMENT_3D('',#5113,#5114,#5115);
#5113=CARTESIAN_POINT('',(0.,0.,0.));
#5114=DIRECTION('',(1.,3.08148791101958E-33,-6.12323399573677E-17));
#5115=DIRECTION('',(-2.25194255589582E-17,-0.929916734062258,-0.367770128899811));
#5116=CARTESIAN_POINT('',(0.,-7.44644833,-1.58638234));
#5117=CARTESIAN_POINT('',(-9.71379027452444E-17,-7.44644833,-1.58638234));
#5118=CARTESIAN_POINT('',(-9.39555181850586E-17,-7.34657485504703,-1.53441005603369));
#5119=CARTESIAN_POINT('',(-9.11464752005555E-17,-7.24433791171369,-1.48853490270036));
#5120=CARTESIAN_POINT('',(-8.68091331796637E-17,-7.05807215701754,-1.4177007320005));
#5121=CARTESIAN_POINT('',(-8.50935291847327E-17,-6.97474476356282,-1.38968279252399));
#5122=CARTESIAN_POINT('',(-8.25504840987588E-17,-6.82211278378212,-1.34815171453898));
#5123=CARTESIAN_POINT('',(-8.1562578899389E-17,-6.75280847832142,-1.3320179982698));
#5124=CARTESIAN_POINT('',(-8.01704995906933E-17,-6.62487466133489,-1.30928361788086));
#5125=CARTESIAN_POINT('',(-7.96611750637227E-17,-6.56605744475354,-1.30096571712245));
#5126=CARTESIAN_POINT('',(-7.90428425387077E-17,-6.45669158089435,-1.29086758065657));
#5127=CARTESIAN_POINT('',(-7.88625481451743E-17,-6.40588680744632,-1.28792314976173));
#5128=CARTESIAN_POINT('',(-7.87872906931238E-17,-6.3108021785935,-1.28669410229919));
#5129=CARTESIAN_POINT('',(-7.8842732389751E-17,-6.26625001719093,-1.28759953391695));
#5130=CARTESIAN_POINT('',(-7.91643606464875E-17,-6.18239198646883,-1.29285212196047));
#5131=CARTESIAN_POINT('',(-7.93953848930041E-17,-6.14282047464678,-1.29662503422672));
#5132=CARTESIAN_POINT('',(-8.00183263395782E-17,-6.0679741199248,-1.30679844009375));
#5133=CARTESIAN_POINT('',(-8.03850018579965E-17,-6.03244979334378,-1.31278670575));
#5134=CARTESIAN_POINT('',(-8.12450213880463E-17,-5.96498386112751,-1.32683189054366));
#5135=CARTESIAN_POINT('',(-8.17201363248034E-17,-5.93281223933209,-1.33459110629612));
#5136=CARTESIAN_POINT('',(-8.27729525053869E-17,-5.87150886264016,-1.35178489933615));
#5137=CARTESIAN_POINT('',(-8.33375058473032E-17,-5.84216701364484,-1.36100475509063));
#5138=CARTESIAN_POINT('',(-8.45518516160896E-17,-5.78610625376378,-1.38083652649822));
#5139=CARTESIAN_POINT('',(-8.51922588284641E-17,-5.75919635594043,-1.39129516996702));
#5140=CARTESIAN_POINT('',(-8.65455344734448E-17,-5.70767650536044,-1.41339583843605));
#5141=CARTESIAN_POINT('',(-8.72518586253696E-17,-5.68289335806435,-1.42493098722207));
#5142=CARTESIAN_POINT('',(-8.87273427160364E-17,-5.63537493523285,-1.44902747106859));
#5143=CARTESIAN_POINT('',(-8.94921427802171E-17,-5.61248282681017,-1.46151760397406));
#5144=CARTESIAN_POINT('',(-9.10771625354314E-17,-5.56854858741924,-1.48740294097601));
#5145=CARTESIAN_POINT('',(-9.18947288094247E-17,-5.54736459923733,-1.50075481148369));
#5146=CARTESIAN_POINT('',(-9.35794410143217E-17,-5.50669057607963,-1.52826824974312));
#5147=CARTESIAN_POINT('',(-9.44452869258118E-17,-5.48707240607919,-1.54240858656665));
#5148=CARTESIAN_POINT('',(-9.62218518636889E-17,-5.44940664121639,-1.57142209379361));
#5149=CARTESIAN_POINT('',(-9.71323594931995E-17,-5.43124353810897,-1.58629181182406));
#5150=CARTESIAN_POINT('',(-9.89943740517798E-17,-5.39639030037373,-1.61670081725937));
#5151=CARTESIAN_POINT('',(-9.99465565826605E-17,-5.37959635216897,-1.63225113807911));
#5152=CARTESIAN_POINT('',(-1.01888662889133E-16,-5.34740428442936,-1.66396814101947));
#5153=CARTESIAN_POINT('',(-1.02879993773429E-16,-5.3319132681896,-1.68015780296912));
#5154=CARTESIAN_POINT('',(-1.04897607223362E-16,-5.30226645034775,-1.7131079311422));
#5155=CARTESIAN_POINT('',(-1.05925906892357E-16,-5.28802803876039,-1.72990133916337));
#5156=CARTESIAN_POINT('',(-1.08015027886439E-16,-5.26083919043563,-1.76401927415551));
#5157=CARTESIAN_POINT('',(-1.09078380426155E-16,-5.24781593897485,-1.78138513899844));
#5158=CARTESIAN_POINT('',(-1.11235465658691E-16,-5.22302125401808,-1.81661301423623));
#5159=CARTESIAN_POINT('',(-1.12332166393395E-16,-5.21118642904127,-1.8345234964335));
#5160=CARTESIAN_POINT('',(-1.1455404392786E-16,-5.18874168861525,-1.87080951026234));
#5161=CARTESIAN_POINT('',(-1.15682563118053E-16,-5.1780775606344,-1.88923962727205));
#5162=CARTESIAN_POINT('',(-1.17966379015028E-16,-5.15795523697285,-1.92653717132418));
#5163=CARTESIAN_POINT('',(-1.19125340468096E-16,-5.14845187117144,-1.94546444821536));
#5164=CARTESIAN_POINT('',(-1.21468529792586E-16,-5.13063907308657,-1.98373163392347));
#5165=CARTESIAN_POINT('',(-1.22654646141815E-16,-5.12230853975324,-2.00310238392347));
#5166=CARTESIAN_POINT('',(-1.23856840638627E-16,-5.11454204,-2.02273571));
#5167=CARTESIAN_POINT('',(-1.65632229360769E-17,-9.98535544777325,-0.540995916458817));
#5168=CARTESIAN_POINT('',(-3.31264458759449E-17,-9.98535544776989,-0.540995916520727));
#5169=CARTESIAN_POINT('',(-3.33551348290475E-17,-9.9806013338841,-0.544730690551278));
#5170=CARTESIAN_POINT('',(-3.35834074480011E-17,-9.97584209629309,-0.54845866532919));
#5171=CARTESIAN_POINT('',(-3.59965207460523E-17,-9.92538378593563,-0.587867796186043));
#5172=CARTESIAN_POINT('',(-3.81467231623489E-17,-9.87921554786729,-0.622983266504402));
#5173=CARTESIAN_POINT('',(-4.23371987646774E-17,-9.78656201270663,-0.691418926569755));
#5174=CARTESIAN_POINT('',(-4.43825107756181E-17,-9.7400847505452,-0.724821406572391));
#5175=CARTESIAN_POINT('',(-4.83620536606697E-17,-9.64685609307434,-0.789812273944476));
#5176=CARTESIAN_POINT('',(-5.03015451740427E-17,-9.60011153229687,-0.821486574072862));
#5177=CARTESIAN_POINT('',(-5.40681977462713E-17,-9.50639158595346,-0.883000678790255));
#5178=CARTESIAN_POINT('',(-5.59008725339602E-17,-9.45942172727912,-0.91293052940457));
#5179=CARTESIAN_POINT('',(-5.94525202206372E-17,-9.36529498760676,-0.970933337873914));
#5180=CARTESIAN_POINT('',(-6.11772982428172E-17,-9.31814219094126,-0.999101100585266));
#5181=CARTESIAN_POINT('',(-6.45116176504007E-17,-9.22369396176249,-1.05355466891052));
#5182=CARTESIAN_POINT('',(-6.61273037849673E-17,-9.17640100738435,-1.07994082589376));
#5183=CARTESIAN_POINT('',(-6.92416958679185E-17,-9.08171759211872,-1.13080270844014));
#5184=CARTESIAN_POINT('',(-7.07469471775403E-17,-9.03432779229323,-1.15538532786428));
#5185=CARTESIAN_POINT('',(-7.36384510248392E-17,-8.93949675081806,-1.2026071692852));
#5186=CARTESIAN_POINT('',(-7.50317285881806E-17,-8.89205408204863,-1.22536111865757));
#5187=CARTESIAN_POINT('',(-7.76969066357566E-17,-8.7971645954426,-1.26888677927141));
#5188=CARTESIAN_POINT('',(-7.89764158812621E-17,-8.74971389944791,-1.28978275101439));
#5189=CARTESIAN_POINT('',(-8.1411199749798E-17,-8.65485727483568,-1.32954578914475));
#5190=CARTESIAN_POINT('',(-8.25748085588172E-17,-8.60744452700211,-1.34854896311833));
#5191=CARTESIAN_POINT('',(-8.47742838480355E-17,-8.51271490665579,-1.38446912051799));
#5192=CARTESIAN_POINT('',(-8.58194088986423E-17,-8.4653875869551,-1.40153730787347));
#5193=CARTESIAN_POINT('',(-8.77775048222264E-17,-8.37088300176951,-1.43351544107804));
#5194=CARTESIAN_POINT('',(-8.8700949295006E-17,-8.32369065693695,-1.44859643379239));
#5195=CARTESIAN_POINT('',(-9.04099742357958E-17,-8.22951460648336,-1.47650692916101));
#5196=CARTESIAN_POINT('',(-9.12076903460109E-17,-8.18250964414701,-1.48953462189283));
#5197=CARTESIAN_POINT('',(-9.26575978162812E-17,-8.08877363038731,-1.5132134078298));
#5198=CARTESIAN_POINT('',(-9.3324324712945E-17,-8.04201260557129,-1.52410188436243));
#5199=CARTESIAN_POINT('',(-9.45014677903793E-17,-7.94884046429515,-1.54332608971297));
#5200=CARTESIAN_POINT('',(-9.50301608231153E-17,-7.90238606177115,-1.55196030217495));
#5201=CARTESIAN_POINT('',(-9.59149622651636E-17,-7.80992206509783,-1.56641020630509));
#5202=CARTESIAN_POINT('',(-9.62959237045624E-17,-7.76384624595738,-1.57263177875625));
#5203=CARTESIAN_POINT('',(-9.68577993494451E-17,-7.67227284577386,-1.58180790439956));
#5204=CARTESIAN_POINT('',(-9.70780637459859E-17,-7.62665979786747,-1.58540509498045));
#5205=CARTESIAN_POINT('',(-9.72607535420685E-17,-7.5362488993427,-1.58838864576767));
#5206=CARTESIAN_POINT('',(-9.72499903254586E-17,-7.49137618267604,-1.588212869101));
#5207=CARTESIAN_POINT('',(-9.71379027452444E-17,-7.44644833,-1.58638234));
#5208=CARTESIAN_POINT('',(1.65632231595235E-17,-9.98535544737783,0.540995923757134));
#5209=AXIS2_PLACEMENT_3D('',#5210,#5211,#5212);
#5210=CARTESIAN_POINT('',(0.,0.,0.));
#5211=DIRECTION('',(-1.,0.,6.12323399573677E-17));
#5212=DIRECTION('',(-3.31264458721539E-18,-0.998535544777325,-0.0540995916458816));
#5213=CARTESIAN_POINT('',(0.,-7.44644833014391,1.58638233976159));
#5214=CARTESIAN_POINT('',(9.71379027306458E-17,-7.44644833014391,1.58638233976159));
#5215=CARTESIAN_POINT('',(9.72499900950196E-17,-7.4913761819385,1.58821286533764));
#5216=CARTESIAN_POINT('',(9.72607532071686E-17,-7.53624889778691,1.58838864029833));
#5217=CARTESIAN_POINT('',(9.70780634213622E-17,-7.62665979660991,1.58540508967895));
#5218=CARTESIAN_POINT('',(9.6857799362045E-17,-7.67227284588958,1.58180790460533));
#5219=CARTESIAN_POINT('',(9.62959237142526E-17,-7.76384624516061,1.5726317789145));
#5220=CARTESIAN_POINT('',(9.59149619408613E-17,-7.80992206181318,1.56641020100883));
#5221=CARTESIAN_POINT('',(9.5030160468784E-17,-7.90238605929665,1.55196029638828));
#5222=CARTESIAN_POINT('',(9.45014677126536E-17,-7.94884046524066,1.54332608844361));
#5223=CARTESIAN_POINT('',(9.33243246055992E-17,-8.04201260755863,1.52410188260934));
#5224=CARTESIAN_POINT('',(9.26575973882883E-17,-8.0887736297494,1.51321340084015));
#5225=CARTESIAN_POINT('',(9.12076899858577E-17,-8.18250964231998,1.48953461601108));
#5226=CARTESIAN_POINT('',(9.04099742236983E-17,-8.22951460600454,1.47650692896344));
#5227=CARTESIAN_POINT('',(8.87009494603886E-17,-8.32369065869302,1.44859643649329));
#5228=CARTESIAN_POINT('',(8.77775049458316E-17,-8.37088300494354,1.43351544309667));
#5229=CARTESIAN_POINT('',(8.58194090851703E-17,-8.46538759102716,1.40153731091971));
#5230=CARTESIAN_POINT('',(8.47742841345676E-17,-8.512714910296,1.38446912519742));
#5231=CARTESIAN_POINT('',(8.2574808809751E-17,-8.60744453084321,1.34854896721639));
#5232=CARTESIAN_POINT('',(8.14111998613446E-17,-8.65485727932943,1.32954579096644));
#5233=CARTESIAN_POINT('',(7.89764158969718E-17,-8.74971390086699,1.28978275127095));
#5234=CARTESIAN_POINT('',(7.76969065259977E-17,-8.79716459190125,1.26888677747892));
#5235=CARTESIAN_POINT('',(7.50317286324845E-17,-8.89205407766855,1.22536111938111));
#5236=CARTESIAN_POINT('',(7.36384514755397E-17,-8.93949675156335,1.2026071766457));
#5237=CARTESIAN_POINT('',(7.07469477038483E-17,-9.03432779426693,1.15538533645954));
#5238=CARTESIAN_POINT('',(6.92416961807599E-17,-9.08171759110219,1.13080271354922));
#5239=CARTESIAN_POINT('',(6.61273038899033E-17,-9.17640100637237,1.0799408276075));
#5240=CARTESIAN_POINT('',(6.45116175915116E-17,-9.2236939623641,1.05355466794879));
#5241=CARTESIAN_POINT('',(6.11772981280347E-17,-9.3181421893041,0.999101098710725));
#5242=CARTESIAN_POINT('',(5.9452520270686E-17,-9.36529498265585,0.970933338691272));
#5243=CARTESIAN_POINT('',(5.59008725075235E-17,-9.45942172040439,0.912930528972825));
#5244=CARTESIAN_POINT('',(5.40681973363679E-17,-9.50639157888307,0.883000672096024));
#5245=CARTESIAN_POINT('',(5.03015448309262E-17,-9.60011152801558,0.821486568469343));
#5246=CARTESIAN_POINT('',(4.83620539274921E-17,-9.64685609360078,0.789812278302017));
#5247=CARTESIAN_POINT('',(4.4382511145982E-17,-9.74008475156375,0.724821412620893));
#5248=CARTESIAN_POINT('',(4.2337198630267E-17,-9.78656200924789,0.691418924374665));
#5249=CARTESIAN_POINT('',(3.81467229428439E-17,-9.87921554651659,0.622983262919614));
#5250=CARTESIAN_POINT('',(3.59965208692099E-17,-9.92538379043218,0.58786779819736));
#5251=CARTESIAN_POINT('',(3.35834076804257E-17,-9.9758421002467,0.548458669124971));
#5252=CARTESIAN_POINT('',(3.33551351695547E-17,-9.98060133567298,0.544730696112183));
#5253=CARTESIAN_POINT('',(3.31264463228976E-17,-9.98535544737323,0.540995923820019));
#5254=CARTESIAN_POINT('',(0.,-5.1145420358469,2.02273570772276));
#5255=CARTESIAN_POINT('',(1.23856840457713E-16,-5.1145420341343,2.02273570704544));
#5256=CARTESIAN_POINT('',(1.22654646024714E-16,-5.12230853757597,2.00310238201105));
#5257=CARTESIAN_POINT('',(1.21468529705649E-16,-5.13063907334519,1.98373163250367));
#5258=CARTESIAN_POINT('',(1.19125340432545E-16,-5.14845187335621,1.94546444763478));
#5259=CARTESIAN_POINT('',(1.17966378951635E-16,-5.15795523691244,1.92653717028889));
#5260=CARTESIAN_POINT('',(1.15682563214254E-16,-5.17807755928707,1.88923962884314));
#5261=CARTESIAN_POINT('',(1.14554044167476E-16,-5.18874168669681,1.87080951417557));
#5262=CARTESIAN_POINT('',(1.12332166581565E-16,-5.21118642893165,1.83452349950656));
#5263=CARTESIAN_POINT('',(1.11235465698328E-16,-5.22302125751619,1.81661301488354));
#5264=CARTESIAN_POINT('',(1.09078380339574E-16,-5.24781594482428,1.78138513758447));
#5265=CARTESIAN_POINT('',(1.08015027777805E-16,-5.26083919414514,1.76401927238138));
#5266=CARTESIAN_POINT('',(1.05925906879439E-16,-5.28802804300362,1.72990133895241));
#5267=CARTESIAN_POINT('',(1.04897607450024E-16,-5.30226645928175,1.71310793484388));
#5268=CARTESIAN_POINT('',(1.02879993957511E-16,-5.33191327347924,1.6801578059754));
#5269=CARTESIAN_POINT('',(1.01888662653485E-16,-5.34740427922272,1.66396813717105));
#5270=CARTESIAN_POINT('',(9.99465562021588E-17,-5.37959634527017,1.63225113186505));
#5271=CARTESIAN_POINT('',(9.89943739079876E-17,-5.39639030134708,1.61670081491106));
#5272=CARTESIAN_POINT('',(9.71323593168585E-17,-5.43124354265147,1.58629180894419));
#5273=CARTESIAN_POINT('',(9.62218515089984E-17,-5.44940664325062,1.57142208800108));
#5274=CARTESIAN_POINT('',(9.44452866995134E-17,-5.48707240692848,1.54240858287091));
#5275=CARTESIAN_POINT('',(9.35794411233329E-17,-5.50669057824438,1.5282682515234));
#5276=CARTESIAN_POINT('',(9.18947289301263E-17,-5.54736459954855,1.5007548134549));
#5277=CARTESIAN_POINT('',(9.10771621999705E-17,-5.56854858348031,1.48740293549752));
#5278=CARTESIAN_POINT('',(8.94921425380431E-17,-5.61248282382686,1.46151760001906));
#5279=CARTESIAN_POINT('',(8.87273431181572E-17,-5.635374938022,1.44902747763572));
#5280=CARTESIAN_POINT('',(8.7251859201909E-17,-5.68289336199794,1.42493099663768));
#5281=CARTESIAN_POINT('',(8.65455347433045E-17,-5.70767650618259,1.41339584284319));
#5282=CARTESIAN_POINT('',(8.51922589063769E-17,-5.75919635378122,1.39129517123943));
#5283=CARTESIAN_POINT('',(8.45518515122183E-17,-5.78610624948025,1.38083652480187));
#5284=CARTESIAN_POINT('',(8.33375056622009E-17,-5.84216701124643,1.36100475206768));
#5285=CARTESIAN_POINT('',(8.27729525787255E-17,-5.87150886512324,1.35178490053386));
#5286=CARTESIAN_POINT('',(8.17201363428428E-17,-5.93281224512775,1.33459110659073));
#5287=CARTESIAN_POINT('',(8.12450210624726E-17,-5.9649838654707,1.32683188522664));
#5288=CARTESIAN_POINT('',(8.03850015016325E-17,-6.03244979475888,1.31278669993013));
#5289=CARTESIAN_POINT('',(8.00183261718929E-17,-6.06797411937723,1.30679843735524));
#5290=CARTESIAN_POINT('',(7.93953849202763E-17,-6.14282047401895,1.29662503467211));
#5291=CARTESIAN_POINT('',(7.91643609388285E-17,-6.1823919882825,1.29285212673476));
#5292=CARTESIAN_POINT('',(7.88427327269073E-17,-6.26625001916886,1.28759953942313));
#5293=CARTESIAN_POINT('',(7.878729068546E-17,-6.31080217819631,1.28669410217403));
#5294=CARTESIAN_POINT('',(7.88625480102959E-17,-6.40588680630349,1.287923147559));
#5295=CARTESIAN_POINT('',(7.90428425825183E-17,-6.45669158114432,1.29086758137205));
#5296=CARTESIAN_POINT('',(7.96611750755456E-17,-6.56605744349948,1.30096571731554));
#5297=CARTESIAN_POINT('',(8.01704993654954E-17,-6.62487465746723,1.3092836142031));
#5298=CARTESIAN_POINT('',(8.15625785967154E-17,-6.7528084726796,1.33201799332677));
#5299=CARTESIAN_POINT('',(8.25504840081748E-17,-6.8221127787071,1.34815171305963));
#5300=CARTESIAN_POINT('',(8.50935292232142E-17,-6.97474476210139,1.38968279315244));
#5301=CARTESIAN_POINT('',(8.6809133195172E-17,-7.05807215851158,1.41770073225377));
#5302=CARTESIAN_POINT('',(9.11464752445393E-17,-7.24433791445522,1.48853490341867));
#5303=CARTESIAN_POINT('',(9.39555181993136E-17,-7.34657485648919,1.53441005626649));
#5304=CARTESIAN_POINT('',(9.71379027306458E-17,-7.44644833014391,1.58638233976159));
#5305=CARTESIAN_POINT('',(0.,-5.04681749492567,2.18623722149049));
#5306=AXIS2_PLACEMENT_3D('',#5307,#5308,#5309);
#5307=CARTESIAN_POINT('',(0.,0.,0.));
#5308=DIRECTION('',(1.,0.,-6.12323399573677E-17));
#5309=DIRECTION('',(2.43397128616322E-17,-0.917603180657177,0.397497676531363));
#5310=CARTESIAN_POINT('',(0.,-6.38717582006683,4.14369239972966));
#5311=CARTESIAN_POINT('',(2.53727981699007E-16,-6.38717582006683,4.14369239972966));
#5312=CARTESIAN_POINT('',(2.51653965377217E-16,-6.27980465424058,4.10982114275608));
#5313=CARTESIAN_POINT('',(2.49213623707679E-16,-6.17507358631183,4.06996733884726));
#5314=CARTESIAN_POINT('',(2.44215689745556E-16,-5.99327648562175,3.98834488304038));
#5315=CARTESIAN_POINT('',(2.41820911913581E-16,-5.9145434456526,3.94923519306867));
#5316=CARTESIAN_POINT('',(2.37010486975421E-16,-5.77724943085055,3.87067499201299));
#5317=CARTESIAN_POINT('',(2.3470831728922E-16,-5.7168356263142,3.83307770783598));
#5318=CARTESIAN_POINT('',(2.30153412827508E-16,-5.61029712224085,3.75869047284082));
#5319=CARTESIAN_POINT('',(2.27966903408877E-16,-5.56282542551415,3.72298206417714));
#5320=CARTESIAN_POINT('',(2.23668828922628E-16,-5.47835162077661,3.65278918098435));
#5321=CARTESIAN_POINT('',(2.21596581248256E-16,-5.44034519390239,3.61894680821507));
#5322=CARTESIAN_POINT('',(2.17532840792436E-16,-5.37224114025879,3.55258089016181));
#5323=CARTESIAN_POINT('',(2.15564626893543E-16,-5.34137824165134,3.52043751788071));
#5324=CARTESIAN_POINT('',(2.11706332893795E-16,-5.28579580009515,3.45742679507582));
#5325=CARTESIAN_POINT('',(2.09829614566629E-16,-5.26048236759226,3.42677765887635));
#5326=CARTESIAN_POINT('',(2.06148445737542E-16,-5.21475168689759,3.36665960962901));
#5327=CARTESIAN_POINT('',(2.04351041704647E-16,-5.19386653792815,3.3373057741534));
#5328=CARTESIAN_POINT('',(2.00821789433384E-16,-5.15609236516957,3.27966871057359));
#5329=CARTESIAN_POINT('',(1.99092871903127E-16,-5.13883018731151,3.25143334456503));
#5330=CARTESIAN_POINT('',(1.9569411692679E-16,-5.10764000159593,3.1959274635436));
#5331=CARTESIAN_POINT('',(1.94024479838447E-16,-5.09341160372435,3.16866022062091));
#5332=CARTESIAN_POINT('',(1.90738499983825E-16,-5.06779384029923,3.11499609710529));
#5333=CARTESIAN_POINT('',(1.89120524251594E-16,-5.0561610467861,3.08857254815456));
#5334=CARTESIAN_POINT('',(1.85932917534909E-16,-5.03535854361848,3.03651497990053));
#5335=CARTESIAN_POINT('',(1.84360415112685E-16,-5.02599079403486,3.01083406645972));
#5336=CARTESIAN_POINT('',(1.81259647004957E-16,-5.00942898215004,2.96019468031366));
#5337=CARTESIAN_POINT('',(1.79727673696892E-16,-5.00207367472409,2.93517565753694));
#5338=CARTESIAN_POINT('',(1.76704639445832E-16,-4.98931117345187,2.88580576160997));
#5339=CARTESIAN_POINT('',(1.75209312646354E-16,-4.98377302993337,2.86138522173645));
#5340=CARTESIAN_POINT('',(1.7225694538768E-16,-4.97446709110742,2.81316940537651));
#5341=CARTESIAN_POINT('',(1.70795276215996E-16,-4.97059367812182,2.78929853627855));
#5342=CARTESIAN_POINT('',(1.67908210241421E-16,-4.96447560807494,2.74214917081929));
#5343=CARTESIAN_POINT('',(1.66477961665477E-16,-4.96214683315396,2.71879143899098));
#5344=CARTESIAN_POINT('',(1.63652249929624E-16,-4.95900428635751,2.67264406428964));
#5345=CARTESIAN_POINT('',(1.6225181414731E-16,-4.95812490900029,2.64977321232989));
#5346=CARTESIAN_POINT('',(1.59484691807125E-16,-4.95778898745924,2.60458267507275));
#5347=CARTESIAN_POINT('',(1.58112988049937E-16,-4.95828300457835,2.58218105269244));
#5348=CARTESIAN_POINT('',(1.55402677824763E-16,-4.96061879771393,2.53791832768371));
#5349=CARTESIAN_POINT('',(1.54059068218462E-16,-4.96242545301818,2.51597551760596));
#5350=CARTESIAN_POINT('',(1.51404619203383E-16,-4.96732505718811,2.47262507538985));
#5351=CARTESIAN_POINT('',(1.50088837238041E-16,-4.97039574855871,2.45113672517723));
#5352=CARTESIAN_POINT('',(1.47489992262479E-16,-4.97777312815582,2.40869436583948));
#5353=CARTESIAN_POINT('',(1.4620208581788E-16,-4.98206926657657,2.38766125742821));
#5354=CARTESIAN_POINT('',(1.43659173201166E-16,-4.99185652485997,2.3461323428304));
#5355=CARTESIAN_POINT('',(1.42399456318608E-16,-4.99734790836489,2.32555960490407));
#5356=CARTESIAN_POINT('',(1.39913302208863E-16,-5.00949262317145,2.2849576270689));
#5357=CARTESIAN_POINT('',(1.38682317847747E-16,-5.01615633460832,2.26485412682747));
#5358=CARTESIAN_POINT('',(1.36254177767791E-16,-5.03061977080173,2.22519958999863));
#5359=CARTESIAN_POINT('',(1.35054773064391E-16,-5.0384263828725,2.20561182470606));
#5360=CARTESIAN_POINT('',(1.33868420808537E-16,-5.04681749623686,2.18623722205849));
#5361=CARTESIAN_POINT('',(4.2650461326021E-16,-7.44325443080076,6.67817066855624));
#5362=CARTESIAN_POINT('',(4.08920016667531E-16,-7.44325443084216,6.67817066851008));
#5363=CARTESIAN_POINT('',(4.08552466472438E-16,-7.44253364871819,6.6721681182997));
#5364=CARTESIAN_POINT('',(4.08184988824867E-16,-7.44180443578986,6.66616675288027));
#5365=CARTESIAN_POINT('',(4.0429392607597E-16,-7.43399148603843,6.60262087578975));
#5366=CARTESIAN_POINT('',(4.00774520098434E-16,-7.42617599901154,6.54514461438953));
#5367=CARTESIAN_POINT('',(3.9379971188843E-16,-7.40905137530572,6.43123735206933));
#5368=CARTESIAN_POINT('',(3.90341094563555E-16,-7.3998061081787,6.37475384470568));
#5369=CARTESIAN_POINT('',(3.83490536775932E-16,-7.37983897531414,6.26287574577312));
#5370=CARTESIAN_POINT('',(3.80095172399707E-16,-7.36918269181492,6.20742523745367));
#5371=CARTESIAN_POINT('',(3.73373879067203E-16,-7.34640972280734,6.09765818727752));
#5372=CARTESIAN_POINT('',(3.7004429061814E-16,-7.33436061755663,6.04328188136823));
#5373=CARTESIAN_POINT('',(3.63457415440856E-16,-7.30881714083986,5.93571004625839));
#5374=CARTESIAN_POINT('',(3.60196200713285E-16,-7.29539269458982,5.88245036796025));
#5375=CARTESIAN_POINT('',(3.53749080046637E-16,-7.26711219868905,5.7771608972143));
#5376=CARTESIAN_POINT('',(3.50558936411565E-16,-7.25232886047822,5.72506189793886));
#5377=CARTESIAN_POINT('',(3.4425714480672E-16,-7.22134235753045,5.62214583088618));
#5378=CARTESIAN_POINT('',(3.41140897190162E-16,-7.20521524560891,5.57125364517636));
#5379=CARTESIAN_POINT('',(3.34990319477683E-16,-7.17155045740369,5.47080708839343));
#5380=CARTESIAN_POINT('',(3.31950960147326E-16,-7.1540928964992,5.421170583689));
#5381=CARTESIAN_POINT('',(3.25957888396838E-16,-7.11777318683245,5.3232962944709));
#5382=CARTESIAN_POINT('',(3.2299862785429E-16,-7.09899616124153,5.27496790224209));
#5383=CARTESIAN_POINT('',(3.17169892242274E-16,-7.06003911264031,5.17977742583576));
#5384=CARTESIAN_POINT('',(3.14294228756306E-16,-7.03995051031328,5.13281427714717));
#5385=CARTESIAN_POINT('',(3.08637380442058E-16,-6.99836594026577,5.04043093334247));
#5386=CARTESIAN_POINT('',(3.05849196475576E-16,-6.97696950259165,4.99489643362511));
#5387=CARTESIAN_POINT('',(3.00372772675622E-16,-6.93275662439233,4.90545964574852));
#5388=CARTESIAN_POINT('',(2.97676473986085E-16,-6.91005046955648,4.86142574648198));
#5389=CARTESIAN_POINT('',(2.92390394799104E-16,-6.8631936461968,4.77509752203945));
#5390=CARTESIAN_POINT('',(2.89791112737694E-16,-6.83916808845323,4.73264802454811));
#5391=CARTESIAN_POINT('',(2.84707309893244E-16,-6.78963014758865,4.64962322347094));
#5392=CARTESIAN_POINT('',(2.82211213151653E-16,-6.76426442543902,4.60885887013528));
#5393=CARTESIAN_POINT('',(2.77344698298647E-16,-6.71197533849128,4.52938265125497));
#5394=CARTESIAN_POINT('',(2.74959482309811E-16,-6.68523242563266,4.49042911803221));
#5395=CARTESIAN_POINT('',(2.70330345314985E-16,-6.63006813176727,4.41482957377097));
#5396=CARTESIAN_POINT('',(2.68065983166281E-16,-6.60188692367419,4.37784973353818));
#5397=CARTESIAN_POINT('',(2.63703750063651E-16,-6.54362325209551,4.30660906062469));
#5398=CARTESIAN_POINT('',(2.61573054861309E-16,-6.5139135544633,4.27181216728653));
#5399=CARTESIAN_POINT('',(2.57529280411284E-16,-6.45209308401691,4.20577231885285));
#5400=CARTESIAN_POINT('',(2.55594001116874E-16,-6.42023898889868,4.17416680948056));
#5401=CARTESIAN_POINT('',(2.53727981699007E-16,-6.38717582006683,4.14369239972966));
#5402=CARTESIAN_POINT('',(4.49928547922459E-16,-6.67817066311595,7.44325443568185));
#5403=AXIS2_PLACEMENT_3D('',#5404,#5405,#5406);
#5404=CARTESIAN_POINT('',(0.,0.,0.));
#5405=DIRECTION('',(-1.,0.,6.12323399573677E-17));
#5406=DIRECTION('',(4.08920016670357E-17,-0.744325443080076,0.667817066855624));
#5407=CARTESIAN_POINT('',(0.,-4.1436924,6.38717582));
#5408=CARTESIAN_POINT('',(3.91101721177719E-16,-4.1436924,6.38717582));
#5409=CARTESIAN_POINT('',(3.93126256180911E-16,-4.17416681162013,6.42023898571606));
#5410=CARTESIAN_POINT('',(3.95076756852932E-16,-4.20577232162013,6.4520930790494));
#5411=CARTESIAN_POINT('',(3.98862168935808E-16,-4.27181217014603,6.51391354982533));
#5412=CARTESIAN_POINT('',(4.00681363539169E-16,-4.30660906056102,6.54362325232285));
#5413=CARTESIAN_POINT('',(4.04248984442872E-16,-4.37784973286288,6.60188692322269));
#5414=CARTESIAN_POINT('',(4.05974585413348E-16,-4.41482957519339,6.63006812569964));
#5415=CARTESIAN_POINT('',(4.09352424222666E-16,-4.49042912037427,6.68523241979113));
#5416=CARTESIAN_POINT('',(4.10989955697944E-16,-4.52938265282111,6.71197533826228));
#5417=CARTESIAN_POINT('',(4.14191738870153E-16,-4.60885887278017,6.76426442560466));
#5418=CARTESIAN_POINT('',(4.15744941051684E-16,-4.6496232279623,6.78963014219515));
#5419=CARTESIAN_POINT('',(4.18778265083975E-16,-4.73264802741523,6.8391680830023));
#5420=CARTESIAN_POINT('',(4.20249406507882E-16,-4.77509752184058,6.86319364571852));
#5421=CARTESIAN_POINT('',(4.23118559667427E-16,-4.86142574581388,6.91005047270803));
#5422=CARTESIAN_POINT('',(4.24508910691314E-16,-4.90545964656551,6.93275662806409));
#5423=CARTESIAN_POINT('',(4.27216168763085E-16,-4.99489643435048,6.97696950762504));
#5424=CARTESIAN_POINT('',(4.28526322760638E-16,-5.04043093260763,6.99836594614863));
#5425=CARTESIAN_POINT('',(4.31072643274295E-16,-5.13281427696547,7.03995051592712));
#5426=CARTESIAN_POINT('',(4.32302715330948E-16,-5.17977742772519,7.060039117106));
#5427=CARTESIAN_POINT('',(4.3468814637374E-16,-5.27496790306412,7.09899616242638));
#5428=CARTESIAN_POINT('',(4.35837907284617E-16,-5.32329629323427,7.11777318306084));
#5429=CARTESIAN_POINT('',(4.38061848166708E-16,-5.4211705800802,7.15409289391364));
#5430=CARTESIAN_POINT('',(4.39130815980121E-16,-5.47080708371577,7.17155046313534));
#5431=CARTESIAN_POINT('',(4.41192189842746E-16,-5.57125364049421,7.2052152530823));
#5432=CARTESIAN_POINT('',(4.42179690362042E-16,-5.62214582655471,7.22134236042432));
#5433=CARTESIAN_POINT('',(4.44077066297816E-16,-5.72506189601149,7.25232886097444));
#5434=CARTESIAN_POINT('',(4.44982284642868E-16,-5.77716089831974,7.2671121984344));
#5435=CARTESIAN_POINT('',(4.46713965445572E-16,-5.88245036812811,7.29539269210668));
#5436=CARTESIAN_POINT('',(4.47535975675168E-16,-5.93571004217961,7.30881713791699));
#5437=CARTESIAN_POINT('',(4.49100062387802E-16,-6.04328187681235,7.33436061239017));
#5438=CARTESIAN_POINT('',(4.49837857017073E-16,-6.09765818701153,7.34640971307429));
#5439=CARTESIAN_POINT('',(4.5123229936517E-16,-6.20742523838863,7.36918268482531));
#5440=CARTESIAN_POINT('',(4.51884809178533E-16,-6.26287574306413,7.37983897876763));
#5441=CARTESIAN_POINT('',(4.53107443540592E-16,-6.37475384114897,7.39980611317586));
#5442=CARTESIAN_POINT('',(4.53673552329524E-16,-6.43123735117579,7.40905137130786));
#5443=CARTESIAN_POINT('',(4.54722133141023E-16,-6.54514461596926,7.42617599552162));
#5444=CARTESIAN_POINT('',(4.55200694195058E-16,-6.60262087754707,7.43399149064019));
#5445=CARTESIAN_POINT('',(4.55679099444063E-16,-6.66616675299188,7.44180444126951));
#5446=CARTESIAN_POINT('',(4.5572375084069E-16,-6.67216811563249,7.44253365391527));
#5447=CARTESIAN_POINT('',(4.55767885997379E-16,-6.67817066306823,7.44325443572306));
#5448=CARTESIAN_POINT('',(0.,-2.18623722073206,5.04681749168992));
#5449=CARTESIAN_POINT('',(3.09028444250469E-16,-2.18623722,5.04681749));
#5450=CARTESIAN_POINT('',(3.08514636949145E-16,-2.20561182451878,5.03842637998066));
#5451=CARTESIAN_POINT('',(3.0803661995171E-16,-2.22519959118544,5.03061976998066));
#5452=CARTESIAN_POINT('',(3.07150990029498E-16,-2.26485412878287,5.01615633574265));
#5453=CARTESIAN_POINT('',(3.06742955268518E-16,-2.28495762775823,5.00949262239667));
#5454=CARTESIAN_POINT('',(3.05999306019928E-16,-2.32555960284044,4.99734790852311));
#5455=CARTESIAN_POINT('',(3.05663055834999E-16,-2.34613233870678,4.9918565262705));
#5456=CARTESIAN_POINT('',(3.05063759150481E-16,-2.38766125517772,4.98206926867204));
#5457=CARTESIAN_POINT('',(3.04800696593374E-16,-2.4086943678553,4.97777313108708));
#5458=CARTESIAN_POINT('',(3.04348962390447E-16,-2.45113673031323,4.97039575169505));
#5459=CARTESIAN_POINT('',(3.04160936664291E-16,-2.47262507926737,4.96732505855663));
#5460=CARTESIAN_POINT('',(3.03860922526892E-16,-2.51597552075555,4.96242545586942));
#5461=CARTESIAN_POINT('',(3.03750297167625E-16,-2.53791833138352,4.9606188066487));
#5462=CARTESIAN_POINT('',(3.03607270900375E-16,-2.58218105430702,4.95828301044445));
#5463=CARTESIAN_POINT('',(3.03577020324933E-16,-2.60458267411235,4.95778898105634));
#5464=CARTESIAN_POINT('',(3.0359758941124E-16,-2.64977321184571,4.9581248997281));
#5465=CARTESIAN_POINT('',(3.03651436252754E-16,-2.6726440666384,4.95900428538526));
#5466=CARTESIAN_POINT('',(3.03843861878047E-16,-2.71879144423939,4.96214683432962));
#5467=CARTESIAN_POINT('',(3.03986457980978E-16,-2.74214917635365,4.96447560541742));
#5468=CARTESIAN_POINT('',(3.04361081765453E-16,-2.78929853949237,4.97059367610908));
#5469=CARTESIAN_POINT('',(3.04598260200239E-16,-2.81316940564836,4.97446709389698));
#5470=CARTESIAN_POINT('',(3.05168084538064E-16,-2.86138522056266,4.98377303154728));
#5471=CARTESIAN_POINT('',(3.05507197518144E-16,-2.8858057626986,4.98931116679274));
#5472=CARTESIAN_POINT('',(3.06288675442091E-16,-2.93517565822403,5.00207366981796));
#5473=CARTESIAN_POINT('',(3.06739058832408E-16,-2.96019467764222,5.00942898876593));
#5474=CARTESIAN_POINT('',(3.07753177500934E-16,-3.01083406258335,5.02599080347417));
#5475=CARTESIAN_POINT('',(3.08326786376499E-16,-3.03651497736556,5.03535854731615));
#5476=CARTESIAN_POINT('',(3.0960057205761E-16,-3.08857254572804,5.05616104615904));
#5477=CARTESIAN_POINT('',(3.1031287500414E-16,-3.11499609527587,5.06779383607081));
#5478=CARTESIAN_POINT('',(3.11881510627317E-16,-3.16866022106253,5.09341159989087));
#5479=CARTESIAN_POINT('',(3.12752749116942E-16,-3.1959274644525,5.10764000419865));
#5480=CARTESIAN_POINT('',(3.14662597276337E-16,-3.25143334845485,5.13883019161798));
#5481=CARTESIAN_POINT('',(3.15719600513486E-16,-3.27966871740439,5.15609236448096));
#5482=CARTESIAN_POINT('',(3.18032601352896E-16,-3.3373057792693,5.1938665348135));
#5483=CARTESIAN_POINT('',(3.1931144794309E-16,-3.36665961117823,5.21475168457398));
#5484=CARTESIAN_POINT('',(3.22111644664248E-16,-3.42677765811747,5.26048236746326));
#5485=CARTESIAN_POINT('',(3.23661645661896E-16,-3.45742679298234,5.28579580475354));
#5486=CARTESIAN_POINT('',(3.27065088657727E-16,-3.52043751538586,5.34137824694341));
#5487=CARTESIAN_POINT('',(3.28954895810667E-16,-3.55258088996946,5.37224113988944));
#5488=CARTESIAN_POINT('',(3.33125066253607E-16,-3.61894680896454,5.44034519153673));
#5489=CARTESIAN_POINT('',(3.35452288891192E-16,-3.65278918065518,5.47835162145929));
#5490=CARTESIAN_POINT('',(3.40624817532633E-16,-3.72298206315385,5.56282542476393));
#5491=CARTESIAN_POINT('',(3.43531620324193E-16,-3.75869047270654,5.61029711690543));
#5492=CARTESIAN_POINT('',(3.50055222092561E-16,-3.83307770734186,5.71683561882958));
#5493=CARTESIAN_POINT('',(3.5375450088456E-16,-3.87067498947047,5.77724942621592));
#5494=CARTESIAN_POINT('',(3.62161334920755E-16,-3.9492351915909,5.9145434450636));
#5495=CARTESIAN_POINT('',(3.66982343301743E-16,-3.98834488391773,5.99327648685729));
#5496=CARTESIAN_POINT('',(3.7811420524861E-16,-4.06996734027789,6.1750735887583));
#5497=CARTESIAN_POINT('',(3.84527133526842E-16,-4.10982114361122,6.27980465542496));
#5498=CARTESIAN_POINT('',(3.91101721177719E-16,-4.1436924,6.38717582));
#5499=CARTESIAN_POINT('',(0.,-2.02273570947448,5.11454203867121));
#5500=AXIS2_PLACEMENT_3D('',#5501,#5502,#5503);
#5501=CARTESIAN_POINT('',(0.,0.,0.));
#5502=DIRECTION('',(1.,3.08148791101958E-33,-6.12323399573677E-17));
#5503=DIRECTION('',(5.69409775921452E-17,-0.367770128899811,0.929916734062258));
#5504=CARTESIAN_POINT('',(0.,-1.58638234,7.44644833));
#5505=CARTESIAN_POINT('',(4.55963455617533E-16,-1.58638234,7.44644833));
#5506=CARTESIAN_POINT('',(4.49847969046488E-16,-1.53441005603369,7.34657485504703));
#5507=CARTESIAN_POINT('',(4.435877617761E-16,-1.48853490270036,7.24433791171369));
#5508=CARTESIAN_POINT('',(4.32182273762129E-16,-1.4177007320005,7.05807215701754));
#5509=CARTESIAN_POINT('',(4.27079942478349E-16,-1.38968279252399,6.97474476356282));
#5510=CARTESIAN_POINT('',(4.1773392920405E-16,-1.34815171453898,6.82211278378212));
#5511=CARTESIAN_POINT('',(4.13490264411572E-16,-1.3320179982698,6.75280847832142));
#5512=CARTESIAN_POINT('',(4.05656577437809E-16,-1.30928361788086,6.62487466133489));
#5513=CARTESIAN_POINT('',(4.02055061636754E-16,-1.30096571712245,6.56605744475354));
#5514=CARTESIAN_POINT('',(3.95358333881196E-16,-1.29086758065657,6.45669158089435));
#5515=CARTESIAN_POINT('',(3.92247438721969E-16,-1.28792314976173,6.40588680744632));
#5516=CARTESIAN_POINT('',(3.86425184403333E-16,-1.28669410229919,6.3108021785935));
#5517=CARTESIAN_POINT('',(3.83697151310496E-16,-1.28759953391695,6.26625001719093));
#5518=CARTESIAN_POINT('',(3.78562327865165E-16,-1.29285212196047,6.18239198646883));
#5519=CARTESIAN_POINT('',(3.7613927160065E-16,-1.29662503422672,6.14282047464678));
#5520=CARTESIAN_POINT('',(3.71556254163744E-16,-1.30679844009375,6.0679741199248));
#5521=CARTESIAN_POINT('',(3.69381016521779E-16,-1.31278670575,6.03244979334378));
#5522=CARTESIAN_POINT('',(3.65249919624771E-16,-1.32683189054366,5.96498386112751));
#5523=CARTESIAN_POINT('',(3.63279975942014E-16,-1.33459110629612,5.93281223933209));
#5524=CARTESIAN_POINT('',(3.59526226739879E-16,-1.35178489933615,5.87150886264016));
#5525=CARTESIAN_POINT('',(3.5772955666722E-16,-1.36100475509063,5.84216701364484));
#5526=CARTESIAN_POINT('',(3.54296825159915E-16,-1.38083652649822,5.78610625376378));
#5527=CARTESIAN_POINT('',(3.52649069148177E-16,-1.39129516996702,5.75919635594043));
#5528=CARTESIAN_POINT('',(3.49494388142911E-16,-1.41339583843605,5.70767650536044));
#5529=CARTESIAN_POINT('',(3.47976858042463E-16,-1.42493098722207,5.68289335806435));
#5530=CARTESIAN_POINT('',(3.45067193821407E-16,-1.44902747106859,5.63537493523285));
#5531=CARTESIAN_POINT('',(3.43665456456128E-16,-1.46151760397406,5.61248282681017));
#5532=CARTESIAN_POINT('',(3.40975260173974E-16,-1.48740294097601,5.56854858741924));
#5533=CARTESIAN_POINT('',(3.39678115007967E-16,-1.50075481148369,5.54736459923733));
#5534=CARTESIAN_POINT('',(3.37187549394541E-16,-1.52826824974312,5.50669057607963));
#5535=CARTESIAN_POINT('',(3.35986282939732E-16,-1.54240858656665,5.48707240607919));
#5536=CARTESIAN_POINT('',(3.33679920020899E-16,-1.57142209379361,5.44940664121639));
#5537=CARTESIAN_POINT('',(3.32567750716745E-16,-1.58629181182406,5.43124353810897));
#5538=CARTESIAN_POINT('',(3.30433605415126E-16,-1.61670081725937,5.39639030037373));
#5539=CARTESIAN_POINT('',(3.29405272669425E-16,-1.63225113807911,5.37959635216897));
#5540=CARTESIAN_POINT('',(3.27434077033663E-16,-1.66396814101947,5.34740428442936));
#5541=CARTESIAN_POINT('',(3.26485525860985E-16,-1.68015780296912,5.3319132681896));
#5542=CARTESIAN_POINT('',(3.24670181832238E-16,-1.7131079311422,5.30226645034775));
#5543=CARTESIAN_POINT('',(3.23798330573468E-16,-1.72990133916337,5.28802803876039));
#5544=CARTESIAN_POINT('',(3.22133493769798E-16,-1.76401927415551,5.26083919043563));
#5545=CARTESIAN_POINT('',(3.21336049609001E-16,-1.78138513899844,5.24781593897485));
#5546=CARTESIAN_POINT('',(3.19817813030592E-16,-1.81661301423623,5.22302125401808));
#5547=CARTESIAN_POINT('',(3.19093139004276E-16,-1.8345234964335,5.21118642904127));
#5548=CARTESIAN_POINT('',(3.17718795028255E-16,-1.87080951026234,5.18874168861525));
#5549=CARTESIAN_POINT('',(3.17065805518383E-16,-1.88923962727205,5.1780775606344));
#5550=CARTESIAN_POINT('',(3.15833668555207E-16,-1.92653717132418,5.15795523697285));
#5551=CARTESIAN_POINT('',(3.15251755229715E-16,-1.94546444821536,5.14845187117144));
#5552=CARTESIAN_POINT('',(3.14161035921791E-16,-1.98373163392347,5.13063907308657));
#5553=CARTESIAN_POINT('',(3.13650937872698E-16,-2.00310238392347,5.12230853975324));
#5554=CARTESIAN_POINT('',(3.13175376919529E-16,-2.02273571,5.11454204));
#5555=CARTESIAN_POINT('',(6.38780247074149E-16,-0.540995916458812,9.98535544777325));
#5556=CARTESIAN_POINT('',(6.11426679372999E-16,-0.540995916520727,9.98535544776989));
#5557=CARTESIAN_POINT('',(6.11135573855348E-16,-0.544730690551278,9.9806013338841));
#5558=CARTESIAN_POINT('',(6.10844154601238E-16,-0.54845866532919,9.97584209629309));
#5559=CARTESIAN_POINT('',(6.07754474187755E-16,-0.587867796186043,9.92538378593563));
#5560=CARTESIAN_POINT('',(6.04927484939122E-16,-0.622983266504402,9.87921554786729));
#5561=CARTESIAN_POINT('',(5.99254092175913E-16,-0.691418926569755,9.78656201270663));
#5562=CARTESIAN_POINT('',(5.96408180658956E-16,-0.724821406572391,9.7400847505452));
#5563=CARTESIAN_POINT('',(5.90699571810932E-16,-0.789812273944476,9.64685609307434));
#5564=CARTESIAN_POINT('',(5.87837292974248E-16,-0.821486574072862,9.60011153229687));
#5565=CARTESIAN_POINT('',(5.82098601358962E-16,-0.883000678790255,9.50639158595346));
#5566=CARTESIAN_POINT('',(5.79222527004865E-16,-0.91293052940457,9.45942172727912));
#5567=CARTESIAN_POINT('',(5.73458926482169E-16,-0.970933337873914,9.36529498760676));
#5568=CARTESIAN_POINT('',(5.70571650406806E-16,-0.999101100585266,9.31814219094126));
#5569=CARTESIAN_POINT('',(5.6478836432936E-16,-1.05355466891052,9.22369396176249));
#5570=CARTESIAN_POINT('',(5.61892506069289E-16,-1.07994082589376,9.17640100738435));
#5571=CARTESIAN_POINT('',(5.5609481899742E-16,-1.13080270844014,9.08171759211872));
#5572=CARTESIAN_POINT('',(5.53193030663994E-16,-1.15538532786428,9.03432779229323));
#5573=CARTESIAN_POINT('',(5.47386304093875E-16,-1.2026071692852,8.93949675081806));
#5574=CARTESIAN_POINT('',(5.444812784713E-16,-1.22536111865757,8.89205408204863));
#5575=CARTESIAN_POINT('',(5.3867097316906E-16,-1.26888677927141,8.7971645954426));
#5576=CARTESIAN_POINT('',(5.357654560207E-16,-1.28978275101439,8.74971389944791));
#5577=CARTESIAN_POINT('',(5.29957162935235E-16,-1.32954578914475,8.65485727483568));
#5578=CARTESIAN_POINT('',(5.27053969441577E-16,-1.34854896311833,8.60744452700211));
#5579=CARTESIAN_POINT('',(5.21253453124499E-16,-1.38446912051799,8.51271490665579));
#5580=CARTESIAN_POINT('',(5.18355490595315E-16,-1.40153730787347,8.4653875869551));
#5581=CARTESIAN_POINT('',(5.12568753707701E-16,-1.43351544107804,8.37088300176951));
#5582=CARTESIAN_POINT('',(5.09679056005528E-16,-1.44859643379239,8.32369065693695));
#5583=CARTESIAN_POINT('',(5.03912436068312E-16,-1.47650692916101,8.22951460648336));
#5584=CARTESIAN_POINT('',(5.01034212234849E-16,-1.48953462189283,8.18250964414701));
#5585=CARTESIAN_POINT('',(4.95294536774067E-16,-1.5132134078298,8.08877363038731));
#5586=CARTESIAN_POINT('',(4.92431249805777E-16,-1.52410188436243,8.04201260557129));
#5587=CARTESIAN_POINT('',(4.86726101576601E-16,-1.54332608971297,7.94884046429515));
#5588=CARTESIAN_POINT('',(4.83881589808735E-16,-1.55196030217495,7.90238606177115));
#5589=CARTESIAN_POINT('',(4.78219802930617E-16,-1.56641020630509,7.80992206509783));
#5590=CARTESIAN_POINT('',(4.75398472709195E-16,-1.57263177875625,7.76384624595738));
#5591=CARTESIAN_POINT('',(4.69791219138105E-16,-1.58180790439956,7.67227284577386));
#5592=CARTESIAN_POINT('',(4.6699822548221E-16,-1.58540509498045,7.62665979786747));
#5593=CARTESIAN_POINT('',(4.6146215460789E-16,-1.58838864576767,7.5362488993427));
#5594=CARTESIAN_POINT('',(4.58714493166146E-16,-1.588212869101,7.49137618267604));
#5595=CARTESIAN_POINT('',(4.55963455617533E-16,-1.58638234,7.44644833));
#5596=CARTESIAN_POINT('',(6.38780247062043E-16,0.540995923757131,9.98535544737783));
#5597=AXIS2_PLACEMENT_3D('',#5598,#5599,#5600);
#5598=CARTESIAN_POINT('',(0.,0.,0.));
#5599=DIRECTION('',(-1.,0.,6.12323399573677E-17));
#5600=DIRECTION('',(6.11426679373205E-17,-0.0540995916458808,0.998535544777325));
#5601=CARTESIAN_POINT('',(0.,1.58638233976159,7.44644833014391));
#5602=CARTESIAN_POINT('',(4.55963455626345E-16,1.58638233976159,7.44644833014391));
#5603=CARTESIAN_POINT('',(4.58714493120985E-16,1.58821286533764,7.4913761819385));
#5604=CARTESIAN_POINT('',(4.61462154512625E-16,1.58838864029833,7.53624889778691));
#5605=CARTESIAN_POINT('',(4.66998225405206E-16,1.58540508967895,7.62665979660991));
#5606=CARTESIAN_POINT('',(4.69791219145192E-16,1.58180790460533,7.67227284588958));
#5607=CARTESIAN_POINT('',(4.75398472660407E-16,1.5726317789145,7.76384624516061));
#5608=CARTESIAN_POINT('',(4.7821980272949E-16,1.56641020100883,7.80992206181318));
#5609=CARTESIAN_POINT('',(4.83881589657215E-16,1.55196029638828,7.90238605929665));
#5610=CARTESIAN_POINT('',(4.86726101634496E-16,1.54332608844361,7.94884046524066));
#5611=CARTESIAN_POINT('',(4.92431249927467E-16,1.52410188260934,8.04201260755863));
#5612=CARTESIAN_POINT('',(4.95294536735006E-16,1.51321340084015,8.0887736297494));
#5613=CARTESIAN_POINT('',(5.01034212122976E-16,1.48953461601108,8.18250964231998));
#5614=CARTESIAN_POINT('',(5.03912436038993E-16,1.47650692896344,8.22951460600454));
#5615=CARTESIAN_POINT('',(5.09679056113057E-16,1.44859643649329,8.32369065869302));
#5616=CARTESIAN_POINT('',(5.12568753902054E-16,1.43351544309667,8.37088300494354));
#5617=CARTESIAN_POINT('',(5.18355490844657E-16,1.40153731091971,8.46538759102716));
#5618=CARTESIAN_POINT('',(5.21253453347397E-16,1.38446912519742,8.512714910296));
#5619=CARTESIAN_POINT('',(5.27053969676776E-16,1.34854896721639,8.60744453084321));
#5620=CARTESIAN_POINT('',(5.29957163210398E-16,1.32954579096644,8.65485727932943));
#5621=CARTESIAN_POINT('',(5.35765456107593E-16,1.28978275127095,8.74971390086699));
#5622=CARTESIAN_POINT('',(5.38670972952215E-16,1.26888677747892,8.79716459190125));
#5623=CARTESIAN_POINT('',(5.44481278203098E-16,1.22536111938111,8.89205407766855));
#5624=CARTESIAN_POINT('',(5.47386304139511E-16,1.2026071766457,8.93949675156335));
#5625=CARTESIAN_POINT('',(5.53193030784848E-16,1.15538533645954,9.03432779426693));
#5626=CARTESIAN_POINT('',(5.56094818935175E-16,1.13080271354922,9.08171759110219));
#5627=CARTESIAN_POINT('',(5.61892506007324E-16,1.0799408276075,9.17640100637237));
#5628=CARTESIAN_POINT('',(5.64788364366198E-16,1.05355466794879,9.2236939623641));
#5629=CARTESIAN_POINT('',(5.70571650306559E-16,0.999101098710725,9.3181421893041));
#5630=CARTESIAN_POINT('',(5.73458926179013E-16,0.970933338691272,9.36529498265585));
#5631=CARTESIAN_POINT('',(5.79222526583909E-16,0.912930528972825,9.45942172040439));
#5632=CARTESIAN_POINT('',(5.82098600926025E-16,0.883000672096024,9.50639157888307));
#5633=CARTESIAN_POINT('',(5.87837292712094E-16,0.821486568469343,9.60011152801558));
#5634=CARTESIAN_POINT('',(5.90699571843167E-16,0.789812278302017,9.64685609360078));
#5635=CARTESIAN_POINT('',(5.96408180721324E-16,0.724821412620893,9.74008475156375));
#5636=CARTESIAN_POINT('',(5.99254091964126E-16,0.691418924374665,9.78656200924789));
#5637=CARTESIAN_POINT('',(6.04927484856415E-16,0.622983262919614,9.87921554651659));
#5638=CARTESIAN_POINT('',(6.0775447446309E-16,0.58786779819736,9.92538379043218));
#5639=CARTESIAN_POINT('',(6.10844154843326E-16,0.548458669124971,9.9758421002467));
#5640=CARTESIAN_POINT('',(6.11135573964886E-16,0.544730696112182,9.98060133567298));
#5641=CARTESIAN_POINT('',(6.11426679348711E-16,0.540995923820019,9.98535544737324));
#5642=CARTESIAN_POINT('',(0.,2.02273570772276,5.1145420358469));
#5643=CARTESIAN_POINT('',(3.13175376560358E-16,2.02273570704544,5.1145420341343));
#5644=CARTESIAN_POINT('',(3.13650937739379E-16,2.00310238201105,5.12230853757597));
#5645=CARTESIAN_POINT('',(3.14161035937627E-16,1.98373163250367,5.13063907334519));
#5646=CARTESIAN_POINT('',(3.15251755363494E-16,1.94546444763478,5.14845187335621));
#5647=CARTESIAN_POINT('',(3.15833668551507E-16,1.92653717028889,5.15795523691244));
#5648=CARTESIAN_POINT('',(3.17065805435883E-16,1.88923962884314,5.17807755928707));
#5649=CARTESIAN_POINT('',(3.17718794910785E-16,1.87080951417557,5.18874168669681));
#5650=CARTESIAN_POINT('',(3.19093138997564E-16,1.83452349950656,5.21118642893165));
#5651=CARTESIAN_POINT('',(3.19817813244789E-16,1.81661301488354,5.22302125751619));
#5652=CARTESIAN_POINT('',(3.21336049967175E-16,1.78138513758447,5.24781594482428));
#5653=CARTESIAN_POINT('',(3.22133493996939E-16,1.76401927238138,5.26083919414514));
#5654=CARTESIAN_POINT('',(3.23798330833291E-16,1.72990133895241,5.28802804300362));
#5655=CARTESIAN_POINT('',(3.24670182379288E-16,1.71310793484388,5.30226645928175));
#5656=CARTESIAN_POINT('',(3.26485526184882E-16,1.6801578059754,5.33191327347924));
#5657=CARTESIAN_POINT('',(3.27434076714848E-16,1.66396813717105,5.34740427922272));
#5658=CARTESIAN_POINT('',(3.29405272246996E-16,1.63225113186505,5.37959634527017));
#5659=CARTESIAN_POINT('',(3.30433605474726E-16,1.61670081491106,5.39639030134708));
#5660=CARTESIAN_POINT('',(3.32567750994893E-16,1.58629180894419,5.43124354265147));
#5661=CARTESIAN_POINT('',(3.3367992014546E-16,1.57142208800108,5.44940664325062));
#5662=CARTESIAN_POINT('',(3.35986282991737E-16,1.54240858287091,5.48707240692848));
#5663=CARTESIAN_POINT('',(3.37187549527093E-16,1.5282682515234,5.50669057824438));
#5664=CARTESIAN_POINT('',(3.39678115027023E-16,1.5007548134549,5.54736459954855));
#5665=CARTESIAN_POINT('',(3.40975259932785E-16,1.48740293549752,5.56854858348031));
#5666=CARTESIAN_POINT('',(3.43665456273453E-16,1.46151760001906,5.61248282382686));
#5667=CARTESIAN_POINT('',(3.45067193992193E-16,1.44902747763572,5.635374938022));
#5668=CARTESIAN_POINT('',(3.47976858283326E-16,1.42493099663768,5.68289336199794));
#5669=CARTESIAN_POINT('',(3.49494388193253E-16,1.41339584284319,5.70767650618259));
#5670=CARTESIAN_POINT('',(3.52649069015964E-16,1.39129517123943,5.75919635378122));
#5671=CARTESIAN_POINT('',(3.54296824897624E-16,1.38083652480187,5.78610624948025));
#5672=CARTESIAN_POINT('',(3.5772955652036E-16,1.36100475206768,5.84216701124643));
#5673=CARTESIAN_POINT('',(3.59526226891924E-16,1.35178490053386,5.87150886512324));
#5674=CARTESIAN_POINT('',(3.63279976296896E-16,1.33459110659073,5.93281224512775));
#5675=CARTESIAN_POINT('',(3.65249919890715E-16,1.32683188522664,5.9649838654707));
#5676=CARTESIAN_POINT('',(3.69381016608428E-16,1.31278669993013,6.03244979475888));
#5677=CARTESIAN_POINT('',(3.71556254130215E-16,1.30679843735524,6.06797411937723));
#5678=CARTESIAN_POINT('',(3.76139271562207E-16,1.29662503467211,6.14282047401895));
#5679=CARTESIAN_POINT('',(3.7856232797622E-16,1.29285212673476,6.1823919882825));
#5680=CARTESIAN_POINT('',(3.83697151431609E-16,1.28759953942313,6.26625001916886));
#5681=CARTESIAN_POINT('',(3.86425184379013E-16,1.28669410217403,6.31080217819631));
#5682=CARTESIAN_POINT('',(3.92247438651991E-16,1.287923147559,6.40588680630349));
#5683=CARTESIAN_POINT('',(3.95358333896503E-16,1.29086758137205,6.45669158114432));
#5684=CARTESIAN_POINT('',(4.02055061559965E-16,1.30096571731554,6.56605744349948));
#5685=CARTESIAN_POINT('',(4.05656577200983E-16,1.3092836142031,6.62487465746723));
#5686=CARTESIAN_POINT('',(4.1349026406611E-16,1.33201799332677,6.7528084726796));
#5687=CARTESIAN_POINT('',(4.17733928893295E-16,1.34815171305963,6.8221127787071));
#5688=CARTESIAN_POINT('',(4.27079942388862E-16,1.38968279315244,6.97474476210139));
#5689=CARTESIAN_POINT('',(4.32182273853613E-16,1.41770073225377,7.05807215851158));
#5690=CARTESIAN_POINT('',(4.4358776194397E-16,1.48853490341867,7.24433791445522));
#5691=CARTESIAN_POINT('',(4.49847969134796E-16,1.53441005626649,7.34657485648919));
#5692=CARTESIAN_POINT('',(4.55963455626345E-16,1.58638233976159,7.44644833014391));
#5693=CARTESIAN_POINT('',(0.,2.18623722149049,5.04681749492567));
#5694=AXIS2_PLACEMENT_3D('',#5695,#5696,#5697);
#5695=CARTESIAN_POINT('',(0.,0.,0.));
#5696=DIRECTION('',(1.,0.,-6.12323399573677E-17));
#5697=DIRECTION('',(5.61869899039621E-17,0.397497676531363,0.917603180657177));
#5698=CARTESIAN_POINT('',(0.,4.14369239972966,6.38717582006683));
#5699=CARTESIAN_POINT('',(3.91101721181811E-16,4.14369239972966,6.38717582006683));
#5700=CARTESIAN_POINT('',(3.84527133454319E-16,4.10982114275608,6.27980465424058));
#5701=CARTESIAN_POINT('',(3.78114205098807E-16,4.06996733884726,6.17507358631183));
#5702=CARTESIAN_POINT('',(3.66982343226089E-16,3.98834488304038,5.99327648562175));
#5703=CARTESIAN_POINT('',(3.62161334956821E-16,3.94923519306867,5.9145434456526));
#5704=CARTESIAN_POINT('',(3.5375450116835E-16,3.87067499201299,5.77724943085055));
#5705=CARTESIAN_POINT('',(3.50055222550862E-16,3.83307770783598,5.7168356263142));
#5706=CARTESIAN_POINT('',(3.43531620650893E-16,3.75869047284082,5.61029712224085));
#5707=CARTESIAN_POINT('',(3.40624817578571E-16,3.72298206417714,5.56282542551415));
#5708=CARTESIAN_POINT('',(3.3545228884939E-16,3.65278918098435,5.47835162077661));
#5709=CARTESIAN_POINT('',(3.33125066398463E-16,3.61894680821507,5.44034519390239));
#5710=CARTESIAN_POINT('',(3.28954895833283E-16,3.55258089016181,5.37224114025879));
#5711=CARTESIAN_POINT('',(3.27065088333682E-16,3.52043751788071,5.34137824165134));
#5712=CARTESIAN_POINT('',(3.23661645376652E-16,3.45742679507582,5.28579580009515));
#5713=CARTESIAN_POINT('',(3.22111644672147E-16,3.42677765887635,5.26048236759226));
#5714=CARTESIAN_POINT('',(3.1931144808537E-16,3.36665960962901,5.21475168689759));
#5715=CARTESIAN_POINT('',(3.18032601543612E-16,3.3373057741534,5.19386653792815));
#5716=CARTESIAN_POINT('',(3.15719600555651E-16,3.27966871057359,5.15609236516957));
#5717=CARTESIAN_POINT('',(3.14662597012642E-16,3.25143334456503,5.13883018731151));
#5718=CARTESIAN_POINT('',(3.12752748957572E-16,3.1959274635436,5.10764000159593));
#5719=CARTESIAN_POINT('',(3.11881510862051E-16,3.16866022062091,5.09341160372435));
#5720=CARTESIAN_POINT('',(3.10312875263056E-16,3.11499609710529,5.06779384029923));
#5721=CARTESIAN_POINT('',(3.09600572096007E-16,3.08857254815456,5.0561610467861));
#5722=CARTESIAN_POINT('',(3.08326786150082E-16,3.03651497990053,5.03535854361848));
#5723=CARTESIAN_POINT('',(3.07753176922943E-16,3.01083406645972,5.02599079403486));
#5724=CARTESIAN_POINT('',(3.06739058427302E-16,2.96019468031366,5.00942898215004));
#5725=CARTESIAN_POINT('',(3.06288675742505E-16,2.93517565753694,5.00207367472409));
#5726=CARTESIAN_POINT('',(3.05507197925898E-16,2.88580576160997,4.98931117345187));
#5727=CARTESIAN_POINT('',(3.0516808443924E-16,2.86138522173645,4.98377302993337));
#5728=CARTESIAN_POINT('',(3.04598260029427E-16,2.81316940537651,4.97446709110742));
#5729=CARTESIAN_POINT('',(3.04361081888698E-16,2.78929853627855,4.97059367812182));
#5730=CARTESIAN_POINT('',(3.03986458143704E-16,2.74214917081929,4.96447560807494));
#5731=CARTESIAN_POINT('',(3.03843861806058E-16,2.71879143899098,4.96214683315396));
#5732=CARTESIAN_POINT('',(3.03651436312286E-16,2.67264406428964,4.95900428635751));
#5733=CARTESIAN_POINT('',(3.03597589978999E-16,2.64977321232989,4.95812490900029));
#5734=CARTESIAN_POINT('',(3.03577020716998E-16,2.60458267507275,4.95778898745924));
#5735=CARTESIAN_POINT('',(3.0360727054118E-16,2.58218105269244,4.95828300457835));
#5736=CARTESIAN_POINT('',(3.03750296620528E-16,2.53791832768371,4.96061879771393));
#5737=CARTESIAN_POINT('',(3.03860922352303E-16,2.51597551760596,4.96242545301818));
#5738=CARTESIAN_POINT('',(3.04160936580493E-16,2.47262507538985,4.96732505718811));
#5739=CARTESIAN_POINT('',(3.04348962198402E-16,2.45113672517723,4.97039574855871));
#5740=CARTESIAN_POINT('',(3.04800696413886E-16,2.40869436583948,4.97777312815582));
#5741=CARTESIAN_POINT('',(3.0506375902217E-16,2.38766125742821,4.98206926657657));
#5742=CARTESIAN_POINT('',(3.0566305574863E-16,2.3461323428304,4.99185652485997));
#5743=CARTESIAN_POINT('',(3.05999306010239E-16,2.32555960490407,4.99734790836489));
#5744=CARTESIAN_POINT('',(3.06742955315959E-16,2.2849576270689,5.00949262317145));
#5745=CARTESIAN_POINT('',(3.0715098996004E-16,2.26485412682747,5.01615633460832));
#5746=CARTESIAN_POINT('',(3.08036620001987E-16,2.22519958999863,5.03061977080173));
#5747=CARTESIAN_POINT('',(3.08514637126219E-16,2.20561182470606,5.0384263828725));
#5748=CARTESIAN_POINT('',(3.09028444632367E-16,2.18623722205849,5.04681749623686));
#5749=CARTESIAN_POINT('',(4.49928547773019E-16,6.67817066855624,7.44325443080076));
#5750=CARTESIAN_POINT('',(4.5576788569851E-16,6.67817066851008,7.44325443084216));
#5751=CARTESIAN_POINT('',(4.5572375052246E-16,6.6721681182997,7.44253364871819));
#5752=CARTESIAN_POINT('',(4.55679099108531E-16,6.66616675288027,7.44180443578986));
#5753=CARTESIAN_POINT('',(4.55200693913282E-16,6.60262087578975,7.43399148603843));
#5754=CARTESIAN_POINT('',(4.54722133354719E-16,6.54514461438953,7.42617599901154));
#5755=CARTESIAN_POINT('',(4.53673552574323E-16,6.43123735206933,7.40905137530572));
#5756=CARTESIAN_POINT('',(4.53107443234604E-16,6.37475384470568,7.3998061081787));
#5757=CARTESIAN_POINT('',(4.51884808967067E-16,6.26287574577312,7.37983897531414));
#5758=CARTESIAN_POINT('',(4.51232299793161E-16,6.20742523745367,7.36918269181492));
#5759=CARTESIAN_POINT('',(4.4983785761305E-16,6.09765818727752,7.34640972280734));
#5760=CARTESIAN_POINT('',(4.49100062704156E-16,6.04328188136823,7.33436061755663));
#5761=CARTESIAN_POINT('',(4.47535975854142E-16,5.93571004625839,7.30881714083986));
#5762=CARTESIAN_POINT('',(4.46713965597621E-16,5.88245036796025,7.29539269458982));
#5763=CARTESIAN_POINT('',(4.44982284658461E-16,5.7771608972143,7.26711219868905));
#5764=CARTESIAN_POINT('',(4.44077066267431E-16,5.72506189793886,7.25232886047822));
#5765=CARTESIAN_POINT('',(4.42179690184843E-16,5.62214583088618,7.22134235753045));
#5766=CARTESIAN_POINT('',(4.41192189385133E-16,5.57125364517636,7.20521524560891));
#5767=CARTESIAN_POINT('',(4.39130815629158E-16,5.47080708839343,7.17155045740369));
#5768=CARTESIAN_POINT('',(4.38061848325028E-16,5.421170583689,7.1540928964992));
#5769=CARTESIAN_POINT('',(4.35837907515561E-16,5.3232962944709,7.11777318683245));
#5770=CARTESIAN_POINT('',(4.34688146301189E-16,5.27496790224209,7.09899616124153));
#5771=CARTESIAN_POINT('',(4.32302715057504E-16,5.17977742583576,7.06003911264031));
#5772=CARTESIAN_POINT('',(4.31072642930547E-16,5.13281427714717,7.03995051031328));
#5773=CARTESIAN_POINT('',(4.28526322400417E-16,5.04043093334247,6.99836594026577));
#5774=CARTESIAN_POINT('',(4.27216168454878E-16,4.99489643362511,6.97696950259165));
#5775=CARTESIAN_POINT('',(4.24508910466484E-16,4.90545964574852,6.93275662439233));
#5776=CARTESIAN_POINT('',(4.2311855947445E-16,4.86142574648198,6.91005046955648));
#5777=CARTESIAN_POINT('',(4.20249406537168E-16,4.77509752203945,6.8631936461968));
#5778=CARTESIAN_POINT('',(4.18778265417749E-16,4.73264802454811,6.83916808845323));
#5779=CARTESIAN_POINT('',(4.15744941381941E-16,4.64962322347094,6.78963014758865));
#5780=CARTESIAN_POINT('',(4.1419173886001E-16,4.60885887013528,6.76426442543902));
#5781=CARTESIAN_POINT('',(4.10989955711966E-16,4.52938265125497,6.71197533849128));
#5782=CARTESIAN_POINT('',(4.09352424580357E-16,4.49042911803221,6.68523242563266));
#5783=CARTESIAN_POINT('',(4.05974585784883E-16,4.41482957377097,6.63006813176727));
#5784=CARTESIAN_POINT('',(4.04248984470518E-16,4.37784973353818,6.60188692367419));
#5785=CARTESIAN_POINT('',(4.00681363525248E-16,4.30660906062469,6.54362325209551));
#5786=CARTESIAN_POINT('',(3.98862169219802E-16,4.27181216728653,6.5139135544633));
#5787=CARTESIAN_POINT('',(3.95076757157105E-16,4.20577231885285,6.45209308401691));
#5788=CARTESIAN_POINT('',(3.9312625637579E-16,4.17416680948056,6.42023898889868));
#5789=CARTESIAN_POINT('',(3.91101721181811E-16,4.14369239972966,6.38717582006683));
#5790=CARTESIAN_POINT('',(4.26504613093649E-16,7.44325443568184,6.67817066311595));
#5791=AXIS2_PLACEMENT_3D('',#5792,#5793,#5794);
#5792=CARTESIAN_POINT('',(0.,0.,0.));
#5793=DIRECTION('',(-1.,0.,6.12323399573677E-17));
#5794=DIRECTION('',(4.55767885695975E-17,0.667817066855624,0.744325443080076));
#5795=CARTESIAN_POINT('',(2.53727981715561E-16,6.38717582,4.1436924));
#5796=CARTESIAN_POINT('',(2.55594001247885E-16,6.42023898571606,4.17416681162013));
#5797=CARTESIAN_POINT('',(2.57529280580731E-16,6.4520930790494,4.20577232162013));
#5798=CARTESIAN_POINT('',(2.61573055036402E-16,6.51391354982533,4.27181217014603));
#5799=CARTESIAN_POINT('',(2.63703750059752E-16,6.54362325232285,4.30660906056102));
#5800=CARTESIAN_POINT('',(2.68065983124931E-16,6.60188692322269,4.37784973286288));
#5801=CARTESIAN_POINT('',(2.70330345402083E-16,6.63006812569964,4.41482957519339));
#5802=CARTESIAN_POINT('',(2.7495948245322E-16,6.68523241979113,4.49042912037427));
#5803=CARTESIAN_POINT('',(2.77344698394546E-16,6.71197533826228,4.52938265282111));
#5804=CARTESIAN_POINT('',(2.82211213313605E-16,6.76426442560466,4.60885887278017));
#5805=CARTESIAN_POINT('',(2.84707310168261E-16,6.78963014219515,4.6496232279623));
#5806=CARTESIAN_POINT('',(2.89791112913255E-16,6.8391680830023,4.73264802741523));
#5807=CARTESIAN_POINT('',(2.92390394786926E-16,6.86319364571852,4.77509752184058));
#5808=CARTESIAN_POINT('',(2.97676473945175E-16,6.91005047270803,4.86142574581388));
#5809=CARTESIAN_POINT('',(3.00372772725648E-16,6.93275662806409,4.90545964656551));
#5810=CARTESIAN_POINT('',(3.05849196519992E-16,6.97696950762504,4.99489643435048));
#5811=CARTESIAN_POINT('',(3.08637380397062E-16,6.99836594614863,5.04043093260763));
#5812=CARTESIAN_POINT('',(3.1429422874518E-16,7.03995051592712,5.13281427696547));
#5813=CARTESIAN_POINT('',(3.17169892357968E-16,7.060039117106,5.17977742772519));
#5814=CARTESIAN_POINT('',(3.22998627904625E-16,7.09899616242638,5.27496790306412));
#5815=CARTESIAN_POINT('',(3.25957888321116E-16,7.11777318306084,5.32329629323427));
#5816=CARTESIAN_POINT('',(3.31950959926351E-16,7.15409289391364,5.4211705800802));
#5817=CARTESIAN_POINT('',(3.34990319191259E-16,7.17155046313534,5.47080708371577));
#5818=CARTESIAN_POINT('',(3.41140896903464E-16,7.2052152530823,5.57125364049421));
#5819=CARTESIAN_POINT('',(3.44257144541494E-16,7.22134236042432,5.62214582655471));
#5820=CARTESIAN_POINT('',(3.50558936293547E-16,7.25232886097444,5.72506189601149));
#5821=CARTESIAN_POINT('',(3.53749080114326E-16,7.2671121984344,5.77716089831974));
#5822=CARTESIAN_POINT('',(3.60196200723563E-16,7.29539269210668,5.88245036812811));
#5823=CARTESIAN_POINT('',(3.63457415191103E-16,7.30881713791699,5.93571004217961));
#5824=CARTESIAN_POINT('',(3.70044290339173E-16,7.33436061239017,6.04328187681235));
#5825=CARTESIAN_POINT('',(3.73373879050916E-16,7.34640971307429,6.09765818701153));
#5826=CARTESIAN_POINT('',(3.80095172456956E-16,7.36918268482531,6.20742523838863));
#5827=CARTESIAN_POINT('',(3.83490536610054E-16,7.37983897876763,6.26287574306413));
#5828=CARTESIAN_POINT('',(3.90341094345769E-16,7.39980611317586,6.37475384114897));
#5829=CARTESIAN_POINT('',(3.93799711833717E-16,7.40905137130786,6.43123735117579));
#5830=CARTESIAN_POINT('',(4.00774520195165E-16,7.42617599552162,6.54514461596926));
#5831=CARTESIAN_POINT('',(4.04293926183576E-16,7.43399149064019,6.60262087754707));
#5832=CARTESIAN_POINT('',(4.081849888317E-16,7.44180444126951,6.66616675299188));
#5833=CARTESIAN_POINT('',(4.08552466309118E-16,7.44253365391527,6.67216811563249));
#5834=CARTESIAN_POINT('',(4.08920016334314E-16,7.44325443572306,6.67817066306823));
#5835=CARTESIAN_POINT('',(16.,6.38717582001143,4.14369240001053));
#5836=VECTOR('',#5837,1.);
#5837=DIRECTION('',(-1.,0.,0.));
#5838=CARTESIAN_POINT('',(16.,5.04681749000001,2.18623721999999));
#5839=VECTOR('',#5840,1.);
#5840=DIRECTION('',(-1.,0.,0.));
#5841=CARTESIAN_POINT('',(16.,7.44325443568184,6.67817066311596));
#5842=VECTOR('',#5843,1.);
#5843=DIRECTION('',(-1.,0.,5.55111512312578E-17));
#5844=CARTESIAN_POINT('',(16.,6.67817066850901,7.44325443084203));
#5845=VECTOR('',#5846,1.);
#5846=DIRECTION('',(-1.,0.,0.));
#5847=CARTESIAN_POINT('',(16.,4.14369239972968,6.38717582006689));
#5848=VECTOR('',#5849,1.);
#5849=DIRECTION('',(-1.,0.,0.));
#5850=CARTESIAN_POINT('',(16.,2.1862372209225,5.04681749361447));
#5851=VECTOR('',#5852,1.);
#5852=DIRECTION('',(-1.,0.,0.));
#5853=CARTESIAN_POINT('',(16.,2.02273570704545,5.1145420341343));
#5854=VECTOR('',#5855,1.);
#5855=DIRECTION('',(-1.,0.,0.));
#5856=CARTESIAN_POINT('',(16.,1.58638233976222,7.44644833015945));
#5857=VECTOR('',#5858,1.);
#5858=DIRECTION('',(-1.,0.,0.));
#5859=CARTESIAN_POINT('',(16.,0.540995923757117,9.98535544737783));
#5860=VECTOR('',#5861,1.);
#5861=DIRECTION('',(-1.,0.,1.11022302462516E-16));
#5862=CARTESIAN_POINT('',(16.,-0.540995916521431,9.985355447769));
#5863=VECTOR('',#5864,1.);
#5864=DIRECTION('',(-1.,0.,0.));
#5865=CARTESIAN_POINT('',(16.,-1.58638233999999,7.44644832999998));
#5866=VECTOR('',#5867,1.);
#5867=DIRECTION('',(-1.,0.,0.));
#5868=CARTESIAN_POINT('',(16.,-2.02273570894896,5.11454203734242));
#5869=VECTOR('',#5870,1.);
#5870=DIRECTION('',(-1.,0.,0.));
#5871=CARTESIAN_POINT('',(16.,-2.18623721999999,5.04681749));
#5872=VECTOR('',#5873,1.);
#5873=DIRECTION('',(-1.,0.,0.));
#5874=CARTESIAN_POINT('',(16.,-4.14369240001054,6.38717582001143));
#5875=VECTOR('',#5876,1.);
#5876=DIRECTION('',(-1.,0.,0.));
#5877=CARTESIAN_POINT('',(16.,-6.67817066311595,7.44325443568184));
#5878=VECTOR('',#5879,1.);
#5879=DIRECTION('',(-1.,0.,5.55111512312578E-17));
#5880=CARTESIAN_POINT('',(16.,-7.44325443084204,6.678170668509));
#5881=VECTOR('',#5882,1.);
#5882=DIRECTION('',(-1.,0.,0.));
#5883=CARTESIAN_POINT('',(16.,-6.38717582006689,4.14369239972968));
#5884=VECTOR('',#5885,1.);
#5885=DIRECTION('',(-1.,0.,0.));
#5886=CARTESIAN_POINT('',(16.,-5.04681749361447,2.1862372209225));
#5887=VECTOR('',#5888,1.);
#5888=DIRECTION('',(-1.,0.,0.));
#5889=CARTESIAN_POINT('',(16.,-5.1145420341343,2.02273570704545));
#5890=VECTOR('',#5891,1.);
#5891=DIRECTION('',(-1.,0.,0.));
#5892=CARTESIAN_POINT('',(16.,-7.44644833015946,1.58638233976222));
#5893=VECTOR('',#5894,1.);
#5894=DIRECTION('',(-1.,0.,0.));
#5895=CARTESIAN_POINT('',(16.,-9.98535544737783,0.540995923757132));
#5896=VECTOR('',#5897,1.);
#5897=DIRECTION('',(-1.,0.,6.2450045135165E-17));
#5898=CARTESIAN_POINT('',(16.,-9.985355447769,-0.540995916521428));
#5899=VECTOR('',#5900,1.);
#5900=DIRECTION('',(-1.,0.,0.));
#5901=CARTESIAN_POINT('',(16.,-7.44644832999998,-1.58638233999999));
#5902=VECTOR('',#5903,1.);
#5903=DIRECTION('',(-1.,0.,0.));
#5904=CARTESIAN_POINT('',(16.,-5.11454203734242,-2.02273570894896));
#5905=VECTOR('',#5906,1.);
#5906=DIRECTION('',(-1.,0.,0.));
#5907=CARTESIAN_POINT('',(16.,-5.04681749,-2.18623722000001));
#5908=VECTOR('',#5909,1.);
#5909=DIRECTION('',(-1.,0.,0.));
#5910=CARTESIAN_POINT('',(16.,-6.38717582001143,-4.14369240001053));
#5911=VECTOR('',#5912,1.);
#5912=DIRECTION('',(-1.,0.,0.));
#5913=CARTESIAN_POINT('',(16.,-7.44325443568184,-6.67817066311595));
#5914=VECTOR('',#5915,1.);
#5915=DIRECTION('',(-1.,0.,5.55111512312578E-17));
#5916=CARTESIAN_POINT('',(16.,-6.678170668509,-7.44325443084203));
#5917=VECTOR('',#5918,1.);
#5918=DIRECTION('',(-1.,0.,0.));
#5919=CARTESIAN_POINT('',(16.,-4.14369239972966,-6.38717582006681));
#5920=VECTOR('',#5921,1.);
#5921=DIRECTION('',(-1.,0.,0.));
#5922=CARTESIAN_POINT('',(16.,-2.18623722092249,-5.04681749361448));
#5923=VECTOR('',#5924,1.);
#5924=DIRECTION('',(-1.,0.,0.));
#5925=CARTESIAN_POINT('',(16.,-2.02273570704546,-5.11454203413429));
#5926=VECTOR('',#5927,1.);
#5927=DIRECTION('',(-1.,0.,0.));
#5928=CARTESIAN_POINT('',(16.,-1.58638233976222,-7.44644833015946));
#5929=VECTOR('',#5930,1.);
#5930=DIRECTION('',(-1.,0.,0.));
#5931=CARTESIAN_POINT('',(16.,-0.540995923757129,-9.98535544737784));
#5932=VECTOR('',#5933,1.);
#5933=DIRECTION('',(-1.,0.,1.11022302462516E-16));
#5934=CARTESIAN_POINT('',(16.,0.540995916521424,-9.98535544776901));
#5935=VECTOR('',#5936,1.);
#5936=DIRECTION('',(-1.,0.,0.));
#5937=CARTESIAN_POINT('',(16.,1.58638233999999,-7.44644832999998));
#5938=VECTOR('',#5939,1.);
#5939=DIRECTION('',(-1.,0.,0.));
#5940=CARTESIAN_POINT('',(16.,2.02273570894896,-5.11454203734242));
#5941=VECTOR('',#5942,1.);
#5942=DIRECTION('',(-1.,0.,0.));
#5943=CARTESIAN_POINT('',(16.,2.18623721999999,-5.04681749));
#5944=VECTOR('',#5945,1.);
#5945=DIRECTION('',(-1.,0.,0.));
#5946=CARTESIAN_POINT('',(16.,4.14369240001053,-6.38717582001143));
#5947=VECTOR('',#5948,1.);
#5948=DIRECTION('',(-1.,0.,0.));
#5949=CARTESIAN_POINT('',(16.,6.67817066311595,-7.44325443568184));
#5950=VECTOR('',#5951,1.);
#5951=DIRECTION('',(-1.,0.,5.55111512312578E-17));
#5952=CARTESIAN_POINT('',(16.,7.44325443084203,-6.678170668509));
#5953=VECTOR('',#5954,1.);
#5954=DIRECTION('',(-1.,0.,0.));
#5955=CARTESIAN_POINT('',(16.,6.38717582006689,-4.14369239972968));
#5956=VECTOR('',#5957,1.);
#5957=DIRECTION('',(-1.,0.,0.));
#5958=CARTESIAN_POINT('',(16.,5.04681749361447,-2.1862372209225));
#5959=VECTOR('',#5960,1.);
#5960=DIRECTION('',(-1.,0.,0.));
#5961=CARTESIAN_POINT('',(16.,5.1145420341343,-2.02273570704545));
#5962=VECTOR('',#5963,1.);
#5963=DIRECTION('',(-1.,0.,0.));
#5964=CARTESIAN_POINT('',(16.,7.44644833015945,-1.58638233976222));
#5965=VECTOR('',#5966,1.);
#5966=DIRECTION('',(-1.,0.,0.));
#5967=CARTESIAN_POINT('',(16.,9.98535544737783,-0.540995923757122));
#5968=VECTOR('',#5969,1.);
#5969=DIRECTION('',(-1.,0.,6.2450045135165E-17));
#5970=CARTESIAN_POINT('',(16.,9.985355447769,0.540995916521427));
#5971=VECTOR('',#5972,1.);
#5972=DIRECTION('',(-1.,0.,0.));
#5973=CARTESIAN_POINT('',(16.,7.44644832999998,1.58638233999999));
#5974=VECTOR('',#5975,1.);
#5975=DIRECTION('',(-1.,0.,0.));
#5976=CARTESIAN_POINT('',(16.,5.11454203734242,2.02273570894896));
#5977=VECTOR('',#5978,1.);
#5978=DIRECTION('',(-1.,0.,0.));
ENDSEC;
END-ISO-10303-21;
